campaign,relpath,tier,bytes,sha256,recorded_utc,notes,run,recorded_local,axis,pos_x,pos_y,pos_z,material,spindle_rpm,feed,ae_mm,ap_mm,tool,repeat,tap,sample_rate_hz,descriptor
controllino,Controllino/IoTest/IoTest.ino,other,4006,3aecbdc9dddc80b602164af0d2dee832a2685665146f124755468de4ad95b3bd,2026-01-28T10:35:07Z,,,,,,,,,,,,,,,,,IoTest
cam-toolbits,FreeCAD CAM toolbits/Bit/45degree_chamfer.fctb,other,320,b02df04f0716e08db075fee67ce72aa53db543b4481bd17028ebcfed81bf7a89,2025-09-22T08:39:58Z,,,,,,,,,,,,,,,,,45degree_chamfer
cam-toolbits,FreeCAD CAM toolbits/Bit/5mm-thread-cutter.fctb,other,292,355ebeee6d83ff71f02f3dfa5192dcd6a2a277fca7b13a88d0e8fb133126a91d,2025-09-22T08:39:58Z,,,,,,,,,,,,,,,,,5mm-thread-cutter
cam-toolbits,FreeCAD CAM toolbits/Bit/5mm_Drill.fctb,other,200,d0193d08ade0a917f43f0741e9d050e044859795f8dd04e9f70a18416bab547d,2025-09-22T08:39:58Z,,,,,,,,,,,,,,,,,5mm_Drill
cam-toolbits,FreeCAD CAM toolbits/Bit/5mm_Endmill.fctb,other,242,eaf9a95db18d9a0c630f468d9919d3590de501811c64ba600937a45f7e02ae1d,2025-09-22T08:39:58Z,,,,,,,,,,,,,,,,,5mm_Endmill
cam-toolbits,FreeCAD CAM toolbits/Bit/60degree_Vbit.fctb,other,316,a69b654ee590bfb0c98dc253d2b308c20dbef60a6ab761812ac20f051be14354,2025-09-22T08:39:58Z,,,,,,,,,,,,,,,,,60degree_Vbit
cam-toolbits,FreeCAD CAM toolbits/Bit/6mm_Ball_End.fctb,other,243,52b7997a41f092568b7954ba5cd7f63bd5ab22547a1aa82ae97649ed02d94ad3,2025-09-22T08:39:58Z,,,,,,,,,,,,,,,,,6mm_Ball_End
cam-toolbits,FreeCAD CAM toolbits/Bit/6mm_Bullnose.fctb,other,277,87a95203435e40ad934b5525a5086d85b6c0020ea5582fdb4789dea396584311,2025-09-22T08:39:58Z,,,,,,,,,,,,,,,,,6mm_Bullnose
cam-toolbits,FreeCAD CAM toolbits/Bit/Flat end mill - Hans Treiber - F3-DC6-L19.fctb,other,391,7f41e7e3831f080ee0759c3333c06001d6bb22f9c5d7a23ba58346046a5e4965,2025-09-22T08:45:25Z,,,,,,,,,,,,,Flat end mill - Hans Treiber - F3-DC6-L19,,,,Flat end mill - Hans Treiber - F3-DC6-L19
cam-toolbits,FreeCAD CAM toolbits/Bit/probe.fctb,other,195,e7f9302992084113e19268396c4347d2cf1fee024485df8c87ecacb74c1ebf50,2025-09-22T08:39:58Z,,,,,,,,,,,,,,,,,probe
cam-toolbits,FreeCAD CAM toolbits/Bit/slittingsaw.fctb,other,307,ab06a526b86a3e6353411346628bf912ecbf7d9ae62f300de7ef28eec575841b,2025-09-22T08:39:58Z,,,,,,,,,,,,,,,,,slittingsaw
cam-toolbits,FreeCAD CAM toolbits/Library/Default.fctl,other,727,eb747ecffd707463893c022a80de697d5c6f794ac68958b91804eb229ca7377a,2025-09-22T08:45:53Z,,,,,,,,,,,,,,,,,Default
cam-toolbits,FreeCAD CAM toolbits/README.md,other,5220,cffe5dcb62963e8adcfb49ae18a39d04f859c4c6360e1838b92b054abcfefd3f,2025-09-22T08:39:47Z,,,,,,,,,,,,,,,,,README
high-speed-circular-motion,High-speed circular motion/112Hz_A0.05.nc,other,15860,62b13b1b5db2551a79ed3114bd3bdbfc9febbf06ca8c481ee45dbb4c3d4b0292,2025-12-01T10:18:23Z,,,,,,,,,,,,,,,,,112Hz_A0.05
high-speed-circular-motion,High-speed circular motion/125Hz_A0.024.nc,other,16917,bd13c7c8e271ba3ed664a19c258d34e8a7ec3528d30c5be0bd97abc47150024c,2025-12-01T10:31:27Z,,,,,,,,,,,,,,,,,125Hz_A0.024
high-speed-circular-motion,High-speed circular motion/250Hz_A0.01.nc,other,14420,5f5f882a10a618e8a77cb72b91d48bbec147f00ec1f910ef015d2dda0b840a1e,2025-12-01T09:36:17Z,,,,,,,,,,,,,,,,,250Hz_A0.01
high-speed-circular-motion,High-speed circular motion/250Hz_A0.02.nc,other,15380,eda6cfbac36c7d3ebdef840334a3107978fc6dc9d50d97b6931b1f6963ba4ecd,2025-12-01T10:06:39Z,,,,,,,,,,,,,,,,,250Hz_A0.02
old-tests,Machine FRF and stability/old tests/2025-10-15_16-07-33_X0_Y0_Z0_Gx.csv,derived,1350025,0b8dc6ccc87056d438900f84667db0ebff987b81e903a9e058c73eeeb48be525,2025-10-20T13:42:27Z,,,2025-10-15T16:07:33,Gx,0,0,0,,,,,,,,,,
old-tests,Machine FRF and stability/old tests/2025-10-15_16-07-33_X0_Y0_Z0_Gy.csv,derived,1350025,b48cf5c09bd5cc8701cd6b094acabf6fce6437219b64d4aa456d385153a3ed1e,2025-10-20T13:42:27Z,,,2025-10-15T16:07:33,Gy,0,0,0,,,,,,,,,,
old-tests,Machine FRF and stability/old tests/2025-10-15_16-07-33_X0_Y0_Z0_x.CSV,export,11290133,c78fa0690184bf73ff994961aed114fe519d6ec058aa4e33ae6725756d73ae37,2025-10-15T14:07:57Z,,,2025-10-15T16:07:33,x,0,0,0,,,,,,,,,,
old-tests,Machine FRF and stability/old tests/2025-10-21_14-48-00_X300-Y20-Z50_y.WDH,raw,1601172,ff6962d0ac88a6ec33aa539c3f6a869ff47f27d32b8c71a1896260a1a949196e,2025-10-21T12:49:16Z,,,2025-10-21T14:48:00,y,300,20,50,,,,,,,,,,
old-tests,Machine FRF and stability/old tests/2025-10-21_14-53-00_X300-Y20-Z50_x.WDH,raw,1601172,1d6b630ec53907a70be145d6c09ce474a0db78a10519ca0637349e939a556890,2025-10-21T12:54:38Z,,,2025-10-21T14:53:00,x,300,20,50,,,,,,,,,,
old-tests,Machine FRF and stability/old tests/2025-10-21_14-59-00_X300-Y20-Z50_x.WDH,raw,1601172,fc93eefecee33fb1805f9462b880279e6d07db238c3c67605b9d9aa11975b2f8,2025-10-21T12:59:44Z,,,2025-10-21T14:59:00,x,300,20,50,,,,,,,,,,
old-tests,Machine FRF and stability/old tests/2025-10-21_14-59-00_X300_Y20_Z50_x.csv,derived,602734,a5de14a03c75274e5a66e9d10259bdac97e5150b319c1ca1044a9ab70b35c305,2025-10-22T11:03:26Z,,,2025-10-21T14:59:00,x,300,20,50,,,,,,,,,,
old-tests,Machine FRF and stability/old tests/2025-10-21_15-02-00_X300-Y20-Z50_y.WDH,raw,1601172,041ef0ddc2887c78ab7777c7a6c099c3efc4dab23b626ff06363cfaf6e66fff5,2025-10-21T13:03:28Z,,,2025-10-21T15:02:00,y,300,20,50,,,,,,,,,,
old-tests,Machine FRF and stability/old tests/2025-10-23_11-47-00_X300_Y20_Z50_x.csv,derived,145397,e4a418361205ec579d6a447abf27f205700f4f14c53bdf6d7a1882d2d981637d,2025-10-24T08:37:01Z,,,2025-10-23T11:47:00,x,300,20,50,,,,,,,,,,
old-tests,Machine FRF and stability/old tests/2025-10-23_11-47-00_X300_Y20_Z50_x.WDH,raw,1601172,d95376e6702ff8c372d3b2aa5acf9f76927f14d9b6b4db5bd9aaf3527307c5c3,2025-10-23T09:48:46Z,,,2025-10-23T11:47:00,x,300,20,50,,,,,,,,,,
old-tests,Machine FRF and stability/old tests/2025-10-27_11-08-53_X0_Y0_Z0_x.csv,derived,577631,01900462e4d7d90e92511f3b002ecad88da24d29d636024593d7f8db39ebcabd,2025-10-27T10:08:53Z,,,2025-10-27T11:08:53,x,0,0,0,,,,,,,,,,
old-tests,Machine FRF and stability/old tests/2025-10-28_14-03-00_X300_Y20_Z50_x.CSV,export,328181,596bcc886c6349d2462fad059fde79b0127138221538d27b6cd2b508ec94d723,2025-10-28T13:06:35Z,,,2025-10-28T14:03:00,x,300,20,50,,,,,,,,,,
old-tests,Machine FRF and stability/old tests/2025-10-28_14-03-00_X300_Y20_Z50_x.WDH,raw,1601172,911199111bf1c6475a1f993d1cabc3573f5ac128990d6bf7592265841b423d6a,2025-10-28T13:04:20Z,,,2025-10-28T14:03:00,x,300,20,50,,,,,,,,,,
old-tests,Machine FRF and stability/old tests/2025-12-15_14-50-00_X318_Y170_Z78_x.CSV,export,52494,4d9a586f82418703a829f2010819ee39e836b16b6b414635d8cc5198b1909cc2,2025-12-15T13:55:04Z,,,2025-12-15T14:50:00,x,318,170,78,,,,,,,,,,
old-tests,Machine FRF and stability/old tests/2025-12-15_14-50-00_X318_Y170_Z78_x.WDH,raw,3361171,d727475c7b1e3bd21b57d6c41ca9fbbd36929bef5df3f3ed942737d2c9edbcfc,2025-12-15T13:52:20Z,,,2025-12-15T14:50:00,x,318,170,78,,,,,,,,,,
old-tests,Machine FRF and stability/old tests/2025-12-16_09-47-00_X315_Y315_Z70_spindle_ramp.WDH,raw,3323539,4fc64ca52165c52e989aacf35b03c88c543f97159887a2135fb5b9fe1e9fff44,2025-12-17T09:21:22Z,,,2025-12-16T09:47:00,spindle_ramp,315,315,70,,,,,,,,,,
old-tests,Machine FRF and stability/old tests/2025-12-16_09-47-00_X315_Y315_Z70_x.CSV,export,19230,66fb77e0f7b1d8239304125209181c48a4a23ba304a64b1607309b4727e6d772,2025-12-17T13:46:50Z,,,2025-12-16T09:47:00,x,315,315,70,,,,,,,,,,
old-tests,Machine FRF and stability/old tests/2025-12-16_09-47-00_X315_Y315_Z70_x.WDH,raw,3361171,12f2bf360730deddbeca7f7daff3c175c2663d6bc5cf4e265fe10f4fe033ccdf,2025-12-16T08:48:48Z,,,2025-12-16T09:47:00,x,315,315,70,,,,,,,,,,
old-tests,Machine FRF and stability/old tests/2025-12-17_10-21-00_X315_Y315_Z70_spindle_ramp.CSV,export,32232123,b55ae5bed913e877aa9111f6fa7ce07fb999787da1e41c732f0505c95d5bb7a3,2025-12-17T09:24:35Z,,,2025-12-17T10:21:00,spindle_ramp,315,315,70,,,,,,,,,,
old-tests,Machine FRF and stability/old tests/2025-12-17_10-21-00_X315_Y315_Z70_spindle_ramp.WDH,raw,4481171,e5aacd3f51afa7a09b17954342a11187025a779af735fbfecc133d06211ddb94,2025-12-17T09:22:46Z,,,2025-12-17T10:21:00,spindle_ramp,315,315,70,,,,,,,,,,
old-tests,Machine FRF and stability/old tests/2025-12-17_12-14-00_X315_Y315_Z70_spindle_ramp.CSV,export,8745113,c76e1413bb82ebc3aa96d30cac288118793f92038fc21d558d75886af39b2341,2025-12-17T11:16:13Z,,,2025-12-17T12:14:00,spindle_ramp,315,315,70,,,,,,,,,,
old-tests,Machine FRF and stability/old tests/2025-12-17_12-14-00_X315_Y315_Z70_spindle_ramp.WDH,raw,1201170,6369b12e77b8ed6975333186ceb28eeb55f4a98358c6f6a8515d4d9da2eeeb8f,2025-12-17T11:15:31Z,,,2025-12-17T12:14:00,spindle_ramp,315,315,70,,,,,,,,,,
old-tests,Machine FRF and stability/old tests/2025-12-17_14-51-00_X315_Y315_Z70_x.WDH,raw,3361171,b506449e6f174dba336de5ea420b0a9eeaafd783b7f8bed4f2b3d976292f968c,2025-12-17T13:54:03Z,,,2025-12-17T14:51:00,x,315,315,70,,,,,,,,,,
old-tests,Machine FRF and stability/old tests/2025-12-17_14-52-00_X315_Y315_Z70_x.CSV,export,6798623,88e6bd9940dc151d76cca36a84b412788e168d477728e657818c5038502fd357,2025-12-17T13:57:01Z,,,2025-12-17T14:52:00,x,315,315,70,,,,,,,,,,
old-tests,Machine FRF and stability/old tests/2025-12-17_15-37-00_X315_Y315_Z70_x.CSV,export,309102,c248d021a31a8e935e08bef9acea13287fc694f920fe9d614dc24d0ecf1e2260,2025-12-17T14:42:06Z,,,2025-12-17T15:37:00,x,315,315,70,,,,,,,,,,
old-tests,Machine FRF and stability/old tests/2025-12-17_15-37-00_X315_Y315_Z70_x.WDH,raw,2241171,15e549fdaa87a127946cd92ccc1acf7eeda391d1ee2dc6daf7a310c2698d51db,2025-12-17T14:38:12Z,,,2025-12-17T15:37:00,x,315,315,70,,,,,,,,,,
old-tests,Machine FRF and stability/old tests/2025-12-18_13-59-00_X315_Y315_Z70_x.CSV,export,198222,2533b3b9a213c736bc205cd3cc0b81a4531e2666b45bc8485d99046fd5c99e33,2025-12-18T13:02:01Z,,,2025-12-18T13:59:00,x,315,315,70,,,,,,,,,,
old-tests,Machine FRF and stability/old tests/2025-12-18_13-59-00_X315_Y315_Z70_x.WDH,raw,3361171,b38b53aa8cc981ace922126b8c441eaa06b606a5e82dbd3a1d297ce94d3e1d9d,2025-12-18T13:00:38Z,,,2025-12-18T13:59:00,x,315,315,70,,,,,,,,,,
old-tests,Machine FRF and stability/old tests/2025-12-18_13-59-00_X315_Y315_Z70_y.CSV,export,198222,4d9237f7f55c433c3fb5737d57e62687ced4a529d444c49e61aea14f9bd6cec4,2025-12-18T13:08:26Z,,,2025-12-18T13:59:00,y,315,315,70,,,,,,,,,,
old-tests,Machine FRF and stability/old tests/2025-12-18_13-59-00_X315_Y315_Z70_y.WDH,raw,3361171,4334ec35b78d9a19bfe9744c4d9edc6c0556c7e354664702901252a5d7182d0d,2025-12-18T13:07:45Z,,,2025-12-18T13:59:00,y,315,315,70,,,,,,,,,,
old-tests,Machine FRF and stability/old tests/2025-12-19_13-13-00_X315_Y315_Z70_x.CSV,export,198222,a2c539fb6925ee9857c5b4575753ae659225d17d25e0da24422c1b4b19395d37,2025-12-19T12:14:53Z,,,2025-12-19T13:13:00,x,315,315,70,,,,,,,,,,
old-tests,Machine FRF and stability/old tests/2025-12-19_13-13-00_X315_Y315_Z70_x.WDH,raw,2241171,c7fabbf3745c72fe899ee4fdbd9a5e5f7008d8179d06b3f01e69afd48483a92c,2025-12-19T12:13:26Z,,,2025-12-19T13:13:00,x,315,315,70,,,,,,,,,,
old-tests,Machine FRF and stability/old tests/2025-12-19_14-44-00_X315_Y315_Z70_x.CSV,export,198222,6f6768a647f5d54f205312bc1571a4e4150939a33b7c09cc092a71a99b0e7ea5,2025-12-19T13:46:22Z,,,2025-12-19T14:44:00,x,315,315,70,,,,,,,,,,
old-tests,Machine FRF and stability/old tests/2025-12-19_14-44-00_X315_Y315_Z70_x.WDH,raw,2241171,06fb9a0961ed0eeea9953cdc947b8182d8964481963d4e7770c30ec478e53c4b,2025-12-19T13:45:08Z,,,2025-12-19T14:44:00,x,315,315,70,,,,,,,,,,
old-tests,Machine FRF and stability/old tests/2026-01-12_14-58-00_X315_Y315_Z70_x.CSV,export,198222,45f1753d4a8f0364140da5db82b2f633ede3f19a23a03a812f6c691729167cc3,2026-01-12T14:00:58Z,,,2026-01-12T14:58:00,x,315,315,70,,,,,,,,,,
old-tests,Machine FRF and stability/old tests/2026-01-12_14-58-00_X315_Y315_Z70_x.WDH,raw,2241171,d7d2756d3233262f3b880d883a35bbcd4e10b87a2e132367b19f6a1992837950,2026-01-12T13:59:23Z,,,2026-01-12T14:58:00,x,315,315,70,,,,,,,,,,
old-tests,Machine FRF and stability/old tests/2026-01-12_16-05-00_X315_Y315_Z70_x.CSV,export,198123,acea0e55cd70c9e5d8ae89be26d57302574e1e48dd1e2e7c979caeaaf7cac354,2026-01-12T15:07:07Z,,,2026-01-12T16:05:00,x,315,315,70,,,,,,,,,,
old-tests,Machine FRF and stability/old tests/2026-01-12_16-05-00_X315_Y315_Z70_x.WDH,raw,2241171,7e7da8ba3dcffd33da6e92b05bbcf1f655089ff2618d3519afa6e5b91f13abbd,2026-01-12T15:05:34Z,,,2026-01-12T16:05:00,x,315,315,70,,,,,,,,,,
old-tests,Machine FRF and stability/old tests/2026-01-13_11-06-00_X315_Y315_Z70_x.WDH,raw,3361171,599aac07cb971b3030be94f3754f5f5faf520fce872ae6c75240b6a4b5f21d7d,2026-01-13T10:07:03Z,,,2026-01-13T11:06:00,x,315,315,70,,,,,,,,,,
old-tests,Machine FRF and stability/old tests/2026-01-13_11-12-00_X315_Y315_Z70_x.CSV,export,20225243,c09ec8ee6963920acdeeaf20d0c75a54cc50634664277b11d197d0717ec6be1a,2026-01-13T10:14:51Z,,,2026-01-13T11:12:00,x,315,315,70,,,,,,,,,,
old-tests,Machine FRF and stability/old tests/2026-01-13_11-12-00_X315_Y315_Z70_x.WDH,raw,3361171,0108921c9eb8121d98cceb7ca3f8429719671904ce5f267c558ed5e43e576695,2026-01-13T10:13:52Z,,,2026-01-13T11:12:00,x,315,315,70,,,,,,,,,,
old-tests,Machine FRF and stability/old tests/2026-01-13_11-42-00_X315_Y315_Z70_x.CSV,export,792123,4c7abc6f4d6ad689d3f31c7dddfc895b4d38772bf24dc3d57811823175fd0df6,2026-01-13T11:53:34Z,,,2026-01-13T11:42:00,x,315,315,70,,,,,,,,,,
old-tests,Machine FRF and stability/old tests/2026-01-13_11-42-00_X315_Y315_Z70_x.WDH,raw,2241171,971f8e8c9233d9cd80650c3de73bbd60ae6fa7f7893ed876d6ec36d9012da4d6,2026-01-13T10:42:49Z,,,2026-01-13T11:42:00,x,315,315,70,,,,,,,,,,
old-tests,Machine FRF and stability/old tests/2026-01-13_14-06-00_X315_Y315_Z70_x.WDH,raw,2241171,a8b2a0ad20b27739033f5aa83de9c6034c93df24554a5000e6271df0b76de135,2026-01-13T13:07:01Z,,,2026-01-13T14:06:00,x,315,315,70,,,,,,,,,,
old-tests,Machine FRF and stability/old tests/2026-01-13_14-08-00_X315_Y315_Z70_x.WDH,raw,2241171,93144145a53119196f37fe2d72b6f7488e702cff18598cc239bf0ea4db0b0b69,2026-01-13T13:09:23Z,,,2026-01-13T14:08:00,x,315,315,70,,,,,,,,,,
old-tests,Machine FRF and stability/old tests/2026-01-13_14-08-00_X315_Y315_Z70_x_1.CSV,export,396123,a3ab67a5c981392d9f0bafad6ca973f0950ff98bdabcd489ae09ae422e5e7b4a,2026-01-13T13:10:24Z,,,2026-01-13T14:08:00,x,315,315,70,,,,,,,,,,1
old-tests,Machine FRF and stability/old tests/2026-01-13_14-08-00_X315_Y315_Z70_x_10.CSV,export,396123,43ab9ed57cd1e82592a472df2411026f4f9775acee482ed0e3881da3c5e9d135,2026-01-13T13:14:28Z,,,2026-01-13T14:08:00,x,315,315,70,,,,,,,,,,10
old-tests,Machine FRF and stability/old tests/2026-01-13_14-08-00_X315_Y315_Z70_x_2.CSV,export,396123,a95df2b1b25bf0f3bdc4ceee72ff4a8bfe7255949fa50fbd809c53b3de5ba8df,2026-01-13T13:10:53Z,,,2026-01-13T14:08:00,x,315,315,70,,,,,,,,,,2
old-tests,Machine FRF and stability/old tests/2026-01-13_14-08-00_X315_Y315_Z70_x_3.CSV,export,396123,d8fc737822667019ea45a865934c06b3282873ede570637fe7b76e6fcf18922d,2026-01-13T13:11:21Z,,,2026-01-13T14:08:00,x,315,315,70,,,,,,,,,,3
old-tests,Machine FRF and stability/old tests/2026-01-13_14-08-00_X315_Y315_Z70_x_4.CSV,export,396123,f95a5d140bb04de04867e01d5b7a2c11a64e237cb3ba513db979f83d91b59fe5,2026-01-13T13:11:47Z,,,2026-01-13T14:08:00,x,315,315,70,,,,,,,,,,4
old-tests,Machine FRF and stability/old tests/2026-01-13_14-08-00_X315_Y315_Z70_x_5.CSV,export,396123,79e3c3eb18f8ee9eb750ef7b8662ee9fa93703a8373bd9367ae3f0dad2edb6dc,2026-01-13T13:12:13Z,,,2026-01-13T14:08:00,x,315,315,70,,,,,,,,,,5
old-tests,Machine FRF and stability/old tests/2026-01-13_14-08-00_X315_Y315_Z70_x_6.CSV,export,396123,a65ce905376ef952200f4a6296b6017c52d33271123ed5a6c5d5b2daa40c3828,2026-01-13T13:12:40Z,,,2026-01-13T14:08:00,x,315,315,70,,,,,,,,,,6
old-tests,Machine FRF and stability/old tests/2026-01-13_14-08-00_X315_Y315_Z70_x_7.CSV,export,396123,e3ae3bdc35483859feeb1e501bc0a45d29158d107efd9f8d3701e663043da17a,2026-01-13T13:13:05Z,,,2026-01-13T14:08:00,x,315,315,70,,,,,,,,,,7
old-tests,Machine FRF and stability/old tests/2026-01-13_14-08-00_X315_Y315_Z70_x_8.CSV,export,396123,9a2a1c02c8340649552aa7c09c1f6cfb405a68ff4565b08890cda21a9aa4c0a1,2026-01-13T13:13:35Z,,,2026-01-13T14:08:00,x,315,315,70,,,,,,,,,,8
old-tests,Machine FRF and stability/old tests/2026-01-13_14-08-00_X315_Y315_Z70_x_9.CSV,export,396123,b92188207843375c134d0b644428b483d53686f3a3d73ae2a90fe4d0e0420388,2026-01-13T13:14:05Z,,,2026-01-13T14:08:00,x,315,315,70,,,,,,,,,,9
old-tests,Machine FRF and stability/old tests/2026-01-14_11-01-00_X315_Y315_Z70_x_impact_on_accelerometer.CSV,export,396024,dd89ff8cf6d026df8f010fcb1dc3bb0af4b7e9b8ee3d1a37c76129f1e955e7d3,2026-01-14T10:05:56Z,,,2026-01-14T11:01:00,x,315,315,70,,,,,,,,,,impact_on_accelerometer
old-tests,Machine FRF and stability/old tests/2026-01-14_11-01-00_X315_Y315_Z70_x_impact_on_accelerometer.WDH,raw,2241171,96d28bfb3b0b8021f92021201b62d141d796b4e1701b94f4bd2a3c3c770a6b1e,2026-01-14T10:03:31Z,,,2026-01-14T11:01:00,x,315,315,70,,,,,,,,,,impact_on_accelerometer
old-tests,Machine FRF and stability/old tests/2026-01-14_11-08-00_X315_Y315_Z70_x_impact_on_accelerometer.CSV,export,396123,d16dec3db3ffb96b9faf97711b271cdadbc213afea86deda3086624e2ef5472c,2026-01-14T10:11:17Z,,,2026-01-14T11:08:00,x,315,315,70,,,,,,,,,,impact_on_accelerometer
old-tests,Machine FRF and stability/old tests/2026-01-14_11-08-00_X315_Y315_Z70_x_impact_on_accelerometer.WDH,raw,2241171,b3eb4809d787c02512c643de504416ab8f619fe10948080bd1295b5fbee50f7c,2026-01-14T10:08:56Z,,,2026-01-14T11:08:00,x,315,315,70,,,,,,,,,,impact_on_accelerometer
old-tests,Machine FRF and stability/old tests/2026-01-14_11-38-00_X315_Y315_Z70_x_check_last_point_setting.CSV,export,396123,b815ec8a910a67381db6097f4b9c21a5457737c5b584b042fa7ce40c7c01fe23,2026-01-14T10:40:35Z,,,2026-01-14T11:38:00,x,315,315,70,,,,,,,,,,check_last_point_setting
old-tests,Machine FRF and stability/old tests/2026-01-14_11-38-00_X315_Y315_Z70_x_check_last_point_setting.WDH,raw,2241171,71494ffc9fd8a777072b9049bb878d0e3498a52b04e2e1728f4290b98818c45b,2026-01-14T10:39:00Z,,,2026-01-14T11:38:00,x,315,315,70,,,,,,,,,,check_last_point_setting
old-tests,Machine FRF and stability/old tests/2026-01-14_11-44-00_X315_Y315_Z70_x_tool_gantry.WDH,raw,3361171,7b06c0f2cf36333babaf01748d9ba3448d48ce002a8999bc88d6653f98fb21f6,2026-01-14T10:45:23Z,,,2026-01-14T11:44:00,x,315,315,70,,,,,,,,,,tool_gantry
old-tests,Machine FRF and stability/old tests/2026-01-14_11-44-00_X315_Y315_Z70_x_tool_gantry_1.CSV,export,396123,9b1615d76b1e0a1155e32e47451a93f81992a1250ffbb599c79ddb45d05f737b,2026-01-14T10:59:03Z,,,2026-01-14T11:44:00,x,315,315,70,,,,,,,,,,tool_gantry_1
old-tests,Machine FRF and stability/old tests/2026-01-14_11-44-00_X315_Y315_Z70_x_tool_gantry_10.CSV,export,396123,5a3bdd6c693178a5a80f7f005f74579f29a6c8b278096a56890550343d224fd9,2026-01-14T10:52:33Z,,,2026-01-14T11:44:00,x,315,315,70,,,,,,,,,,tool_gantry_10
old-tests,Machine FRF and stability/old tests/2026-01-14_11-44-00_X315_Y315_Z70_x_tool_gantry_2.CSV,export,396123,6c7193824d3d126cd6e40e88e7e93e6c3ea11a731e4ee2b865bae5f40da93571,2026-01-14T10:47:18Z,,,2026-01-14T11:44:00,x,315,315,70,,,,,,,,,,tool_gantry_2
old-tests,Machine FRF and stability/old tests/2026-01-14_11-44-00_X315_Y315_Z70_x_tool_gantry_3.CSV,export,396123,962efd4b0647622a99c435ace1687491737356352d21c5ec7d2c1c7a11034846,2026-01-14T10:47:48Z,,,2026-01-14T11:44:00,x,315,315,70,,,,,,,,,,tool_gantry_3
old-tests,Machine FRF and stability/old tests/2026-01-14_11-44-00_X315_Y315_Z70_x_tool_gantry_4.CSV,export,396123,6b310d4c1acc68bc152a0b8ff4feb5ab51d98e841f1eebc5391c3f8ad498477a,2026-01-14T10:48:29Z,,,2026-01-14T11:44:00,x,315,315,70,,,,,,,,,,tool_gantry_4
old-tests,Machine FRF and stability/old tests/2026-01-14_11-44-00_X315_Y315_Z70_x_tool_gantry_5.CSV,export,396123,6bed28c58f627ed9cad22306ebc08e423166c46091b1a5df4d4c25b56896e6b6,2026-01-14T10:49:27Z,,,2026-01-14T11:44:00,x,315,315,70,,,,,,,,,,tool_gantry_5
old-tests,Machine FRF and stability/old tests/2026-01-14_11-44-00_X315_Y315_Z70_x_tool_gantry_6.CSV,export,396123,965901754a6fcb15e899085841b487d8142ddcfba42aaee765cdd461e640766a,2026-01-14T10:49:57Z,,,2026-01-14T11:44:00,x,315,315,70,,,,,,,,,,tool_gantry_6
old-tests,Machine FRF and stability/old tests/2026-01-14_11-44-00_X315_Y315_Z70_x_tool_gantry_7.CSV,export,396123,5668f67493d56e6852dc4da863e1d106715772aecc6de19d690a789f18585dce,2026-01-14T10:50:48Z,,,2026-01-14T11:44:00,x,315,315,70,,,,,,,,,,tool_gantry_7
old-tests,Machine FRF and stability/old tests/2026-01-14_11-44-00_X315_Y315_Z70_x_tool_gantry_8.CSV,export,396123,50ab47bd0496c2bbbf00e29406612f4edfef31a71259594a4960661399567039,2026-01-14T10:51:21Z,,,2026-01-14T11:44:00,x,315,315,70,,,,,,,,,,tool_gantry_8
old-tests,Machine FRF and stability/old tests/2026-01-14_11-44-00_X315_Y315_Z70_x_tool_gantry_9.CSV,export,396123,e077e75621ad75e5e30843b877873faba06dd603fef81dbf449c125d0678d545,2026-01-14T10:51:57Z,,,2026-01-14T11:44:00,x,315,315,70,,,,,,,,,,tool_gantry_9
old-tests,Machine FRF and stability/old tests/2026-01-14_12-35-00_X315_Y315_Z70_x_tool_spindle.WDH,raw,3361171,1de89efb6b2bd7ce8d7b0eb7278531f2d008dd39f0e1c9c2ba468e7c48e8141d,2026-01-14T11:36:19Z,,,2026-01-14T12:35:00,x,315,315,70,,,,,,,,,,tool_spindle
old-tests,Machine FRF and stability/old tests/2026-01-14_12-38-00_X315_Y315_Z70_x_tool_spindle.WDH,raw,3361171,6eb4e7d670b9b1933df54b7f5fb8a602b50c020884afafe3583bc9b5c7dd8687,2026-01-14T11:40:28Z,,,2026-01-14T12:38:00,x,315,315,70,,,,,,,,,,tool_spindle
old-tests,Machine FRF and stability/old tests/2026-01-14_12-38-00_X315_Y315_Z70_x_tool_spindle_1.CSV,export,396123,4e55f31af118a3ffae2a66f54a3c8ad8dc9de689d883bc26011671364699644f,2026-01-14T11:41:20Z,,,2026-01-14T12:38:00,x,315,315,70,,,,,,,,,,tool_spindle_1
old-tests,Machine FRF and stability/old tests/2026-01-14_12-38-00_X315_Y315_Z70_x_tool_spindle_10.CSV,export,396123,92d69ca4d8cbbe937ee4756005956e69c15c7b86640eddc282ff211864bf3409,2026-01-14T11:46:04Z,,,2026-01-14T12:38:00,x,315,315,70,,,,,,,,,,tool_spindle_10
old-tests,Machine FRF and stability/old tests/2026-01-14_12-38-00_X315_Y315_Z70_x_tool_spindle_2.CSV,export,396123,d2eec30355c3819f6253b5ce3fd40b152b33db2f3ec07abf869634c4a63591e4,2026-01-14T11:42:05Z,,,2026-01-14T12:38:00,x,315,315,70,,,,,,,,,,tool_spindle_2
old-tests,Machine FRF and stability/old tests/2026-01-14_12-38-00_X315_Y315_Z70_x_tool_spindle_3.CSV,export,396123,8f4ff22501910185f84729450eba2a72d7898d084c08ca7788a208be6081dbe8,2026-01-14T11:42:32Z,,,2026-01-14T12:38:00,x,315,315,70,,,,,,,,,,tool_spindle_3
old-tests,Machine FRF and stability/old tests/2026-01-14_12-38-00_X315_Y315_Z70_x_tool_spindle_4.CSV,export,396123,617979c5bc00e4b699e3e2c8d1211b6212c35709c7a969c7a27c85843e2753f5,2026-01-14T11:43:03Z,,,2026-01-14T12:38:00,x,315,315,70,,,,,,,,,,tool_spindle_4
old-tests,Machine FRF and stability/old tests/2026-01-14_12-38-00_X315_Y315_Z70_x_tool_spindle_5.CSV,export,396123,2c968059eea15fa8d97538bfaa6b1feebeec363fada48c3ff04a032d2e60c5e0,2026-01-14T11:43:38Z,,,2026-01-14T12:38:00,x,315,315,70,,,,,,,,,,tool_spindle_5
old-tests,Machine FRF and stability/old tests/2026-01-14_12-38-00_X315_Y315_Z70_x_tool_spindle_6.CSV,export,396123,f6c29b97460fe6664b05dda8d791d801440dd2805a6e23b4d682854a6e3cef7a,2026-01-14T11:44:06Z,,,2026-01-14T12:38:00,x,315,315,70,,,,,,,,,,tool_spindle_6
old-tests,Machine FRF and stability/old tests/2026-01-14_12-38-00_X315_Y315_Z70_x_tool_spindle_7.CSV,export,396123,530648ceb593d7ea735acdb2a1616fbd8a084bc4f02ca180d921fdd9a5cf0113,2026-01-14T11:44:36Z,,,2026-01-14T12:38:00,x,315,315,70,,,,,,,,,,tool_spindle_7
old-tests,Machine FRF and stability/old tests/2026-01-14_12-38-00_X315_Y315_Z70_x_tool_spindle_8.CSV,export,396123,91d3a115ea59f359fda6c2a03f778ead2853d22f1b2229015383e0939efde967,2026-01-14T11:45:05Z,,,2026-01-14T12:38:00,x,315,315,70,,,,,,,,,,tool_spindle_8
old-tests,Machine FRF and stability/old tests/2026-01-14_12-38-00_X315_Y315_Z70_x_tool_spindle_9.CSV,export,396123,275be3e18fbc2bf2cb89c1e6b752b6bf4195d971b59f4b89da5ad54952782ea1,2026-01-14T11:45:40Z,,,2026-01-14T12:38:00,x,315,315,70,,,,,,,,,,tool_spindle_9
old-tests,Machine FRF and stability/old tests/2026-01-14_14-55-00_X315_Y315_Z70_x_alu_profile.WDH,raw,3361171,b91c10ca1f8bec8d8081c62e06c4fca003abfe05d7fb6f8afd4ce8c099b41550,2026-01-14T13:56:40Z,,,2026-01-14T14:55:00,x,315,315,70,,,,,,,,,,alu_profile
old-tests,Machine FRF and stability/old tests/2026-01-14_14-56-00_X315_Y315_Z70_x_alu_profile.CSV,export,396123,99febca18e478c66a76854b168b33851ac8b7b5f41a26caac87e515499a13a1d,2026-01-14T13:58:49Z,,,2026-01-14T14:56:00,x,315,315,70,,,,,,,,,,alu_profile
old-tests,Machine FRF and stability/old tests/2026-01-14_14-56-00_X315_Y315_Z70_x_alu_profile.WDH,raw,3361171,0f3a02c6328bbf6e55043a35230787accd7b3a0680c850ad3b6d373df98dbb3e,2026-01-14T13:57:37Z,,,2026-01-14T14:56:00,x,315,315,70,,,,,,,,,,alu_profile
old-tests,Machine FRF and stability/old tests/2026-01-14_15-11-00_X315_Y315_Z70_x_tool_spindle.CSV,export,399390,6eda014888a837bbfb7775f3c0c11c401dbbc83464eec5507e45745e1a57607f,2026-01-14T14:16:22Z,,,2026-01-14T15:11:00,x,315,315,70,,,,,,,,,,tool_spindle
old-tests,Machine FRF and stability/old tests/2026-01-14_15-11-00_X315_Y315_Z70_x_tool_spindle.WDH,raw,2040467,7974982c354d1183358aca4e18777be6a0fa2b7958142033e083c9be6927fe3b,2026-01-14T14:14:50Z,,,2026-01-14T15:11:00,x,315,315,70,,,,,,,,,,tool_spindle
old-tests,Machine FRF and stability/old tests/2026-01-14_15-19-00_X315_Y315_Z70_x_tap_sensor.WDH,raw,2305683,b3487b2cd887d5782ee72d2f43ebd4321ec5e37a4b63e27e088f9de980084ea5,2026-01-14T14:20:27Z,,,2026-01-14T15:19:00,x,315,315,70,,,,,,,,,,tap_sensor
old-tests,Machine FRF and stability/old tests/2026-01-15_09-37-00_X315_Y315_Z70_x_tool_rubber_tip.CSV,export,396123,eb5fccb624c1a1e4e855fdd5ad9002e7c4d8c08bf391f578c430fd068914f82b,2026-01-15T08:52:46Z,,,2026-01-15T09:37:00,x,315,315,70,,,,,,,,,,tool_rubber_tip
old-tests,Machine FRF and stability/old tests/2026-01-15_09-37-00_X315_Y315_Z70_x_tool_rubber_tip.WDH,raw,2484887,d93c3b266a296b6e5c3af0ffb7fc5ffc2c2719d46e8d1507b2651b6229c7b3f9,2026-01-15T08:40:35Z,,,2026-01-15T09:37:00,x,315,315,70,,,,,,,,,,tool_rubber_tip
old-tests,Machine FRF and stability/old tests/2026-01-15_10-00-00_X315_Y315_Z70_x_tool_rubber_tip.CSV,export,396123,6f85d373fa47d9e65629c8cbc5c74de40af204288460edb05bde2dddb339f71b,2026-01-15T09:02:04Z,,,2026-01-15T10:00:00,x,315,315,70,,,,,,,,,,tool_rubber_tip
old-tests,Machine FRF and stability/old tests/2026-01-15_10-00-00_X315_Y315_Z70_x_tool_rubber_tip.WDH,raw,2671251,4f4c2954f962f40c3c4512982333e35c8af279a684b14907ae9ebd613ad42dfb,2026-01-15T09:01:17Z,,,2026-01-15T10:00:00,x,315,315,70,,,,,,,,,,tool_rubber_tip
old-tests,Machine FRF and stability/old tests/2026-01-15_10-00-00_X315_Y315_Z70_x_tool_rubber_tip_1.CSV,export,396123,38031c71a776da707e000a3c0ba4def3677706405f724ca628eb9a12a984d76c,2026-01-15T09:07:03Z,,,2026-01-15T10:00:00,x,315,315,70,,,,,,,,,,tool_rubber_tip_1
old-tests,Machine FRF and stability/old tests/2026-01-15_10-00-00_X315_Y315_Z70_x_tool_rubber_tip_fs_50000.WDH,raw,6510735,5e2a532a36a9b8ba930dacfbe9556dd5d3279d6da1dcdbf3fda81e439fa30226,2026-01-15T09:37:50Z,,,2026-01-15T10:00:00,x,315,315,70,,,,,,,,,50000,tool_rubber_tip
old-tests,Machine FRF and stability/old tests/2026-01-15_10-40-00_X315_Y315_Z70_x_tool_rubber_tip_gain1_fs_50000.WDH,raw,7601295,64cc897d6f45696cd81dcc04980d0bf81b5b72db66bc50a2e48d0263ed16f0c3,2026-01-15T09:40:43Z,,,2026-01-15T10:40:00,x,315,315,70,,,,,,,,,50000,tool_rubber_tip_gain1
old-tests,Machine FRF and stability/old tests/2026-01-15_10-42-00_X315_Y315_Z70_x_tool_rubber_tip_gain10_fs_20000.WDH,raw,8401171,0d41718a07d6fd61cd5fe7e7f4581c73e49495702ee9feb5575876a2f10a6ba7,2026-01-15T09:56:48Z,,,2026-01-15T10:42:00,x,315,315,70,,,,,,,,,20000,tool_rubber_tip_gain10
old-tests,Machine FRF and stability/old tests/2026-01-15_10-42-00_X315_Y315_Z70_x_tool_rubber_tip_gain10_fs_50000.CSV,export,1200084,ab53bff21f0263a68df580dea273380e0980606ed172dc13b208caac8da1e726,2026-01-15T09:44:05Z,,,2026-01-15T10:42:00,x,315,315,70,,,,,,,,,50000,tool_rubber_tip_gain10
old-tests,Machine FRF and stability/old tests/2026-01-15_10-42-00_X315_Y315_Z70_x_tool_rubber_tip_gain10_fs_50000.WDH,raw,5991567,01143d8041625c33c6d509fd35ea8e23d9fdd882dd4dcc82f1ef4fa9e7c7616b,2026-01-15T09:42:50Z,,,2026-01-15T10:42:00,x,315,315,70,,,,,,,,,50000,tool_rubber_tip_gain10
old-tests,Machine FRF and stability/old tests/2026-01-15_10-42-00_X315_Y315_Z70_x_tool_rubber_tip_gain10_fs_50000_filled.CSV,export,2625079,f2e2c731f78b6dbb8a4896fcf65a421cfad390dd3ffee529655841487ce82bf0,2026-01-15T09:45:01Z,,,2026-01-15T10:42:00,x,315,315,70,,,,,,,,,50000,tool_rubber_tip_gain10_filled
old-tests,Machine FRF and stability/old tests/2026-01-15_10-55-00_X315_Y315_Z70_x_tool_rubber_tip_gain10_fs_20000.CSV,export,990124,7a838c7376355affbd4e1862a1dabae187c344bcd2720d9a437cc16193844d9a,2026-01-15T09:58:33Z,,,2026-01-15T10:55:00,x,315,315,70,,,,,,,,,20000,tool_rubber_tip_gain10
old-tests,Machine FRF and stability/old tests/2026-01-15_11-29-00_X315_Y217_Z127_x_tool_rubber_tip_gain10_fs_20000.WDH,raw,8401171,b5dc50f54c9ab6f005c698084c1033a8f42b47efc465f02f3093425980babae4,2026-01-15T10:31:01Z,,,2026-01-15T11:29:00,x,315,217,127,,,,,,,,,20000,tool_rubber_tip_gain10
old-tests,Machine FRF and stability/old tests/2026-01-15_11-33-00_X315_Y217_Z127_x_tool_rubber_tip_gain10_fs_20000.CSV,export,495124,0af0fbb0da920a9c5e302e3a55d9ff0b23be53e9b5e6c1ab8d8151065170389a,2026-01-15T10:35:58Z,,,2026-01-15T11:33:00,x,315,217,127,,,,,,,,,20000,tool_rubber_tip_gain10
old-tests,Machine FRF and stability/old tests/2026-01-15_11-33-00_X315_Y217_Z127_x_tool_rubber_tip_gain10_fs_20000.WDH,raw,7491731,f9e4f42641799e13d2e8dced9cfd34cfe874c803205e16722662e994d9d36f1c,2026-01-15T10:33:47Z,,,2026-01-15T11:33:00,x,315,217,127,,,,,,,,,20000,tool_rubber_tip_gain10
old-tests,Machine FRF and stability/old tests/2026-01-15_55-33-00_X315_Y217_Z127_x_gantry_rubber_tip_gain1_fs_20000.csv,derived,495124,b1f9a010d88b149e147e326f7dd04211bc3a27cedfafde412ef519c015a35a4b,2026-01-15T14:56:36Z,,,2026-01-15T55:33:00,x,315,217,127,,,,,,,,,20000,gantry_rubber_tip_gain1
old-tests,Machine FRF and stability/old tests/2026-01-15_55-33-00_X315_Y217_Z127_x_gantry_rubber_tip_gain1_fs_20000.WDH,raw,8401171,10797feb583b4df5b57224a1e90914a04c5350630339bb16c1ab5b5de1dca96d,2026-01-15T14:50:28Z,,,2026-01-15T55:33:00,x,315,217,127,,,,,,,,,20000,gantry_rubber_tip_gain1
old-tests,Machine FRF and stability/old tests/2026-01-16_10-14-00_X315_Y217_Z127_x_gantry_plastic_tip_gain10_fs_20000_9Vbattery.CSV,export,495124,1e4961716480474e6a3bf466225ecc446bf960f38d5e1f4e3f328bf71bea2312,2026-01-16T09:41:36Z,,,2026-01-16T10:14:00,x,315,217,127,,,,,,,,,20000,gantry_plastic_tip_gain10_9Vbattery
old-tests,Machine FRF and stability/old tests/2026-01-16_10-14-00_X315_Y217_Z127_x_gantry_plastic_tip_gain10_fs_20000_9Vbattery.WDH,raw,6982803,cd52d5bc71dbd29c838ba975e8d4b739e40eb227b16e7f6c3c24588f9e49ffe1,2026-01-16T09:40:02Z,,,2026-01-16T10:14:00,x,315,217,127,,,,,,,,,20000,gantry_plastic_tip_gain10_9Vbattery
old-tests,Machine FRF and stability/old tests/2026-01-16_10-14-00_X315_Y217_Z127_x_gantry_rubber_tip_gain1_fs_20000_9Vbattery.CSV,export,495124,4360c2b97e6459fb11413c44f76fe1dd0821cf603ee2d00a085613ff4be73ef2,2026-01-16T09:16:49Z,,,2026-01-16T10:14:00,x,315,217,127,,,,,,,,,20000,gantry_rubber_tip_gain1_9Vbattery
old-tests,Machine FRF and stability/old tests/2026-01-16_10-14-00_X315_Y217_Z127_x_gantry_rubber_tip_gain1_fs_20000_9Vbattery.WDH,raw,7545491,14cfff0920cc96f252f57bdfa135ac7e9b31fe0338d8b327973e53cefa3920a1,2026-01-16T09:15:41Z,,,2026-01-16T10:14:00,x,315,217,127,,,,,,,,,20000,gantry_rubber_tip_gain1_9Vbattery
old-tests,Machine FRF and stability/old tests/2026-01-16_10-58-00_X315_Y217_Z127_Gx.CSV,export,302809,519d1e507587a791a93f69a4f29567a6dccd0aab4c08f6eb39b7e76310fa234a,2026-01-19T10:23:20Z,,,2026-01-16T10:58:00,Gx,315,217,127,,,,,,,,,,
old-tests,Machine FRF and stability/old tests/2026-01-16_10-58-00_X315_Y217_Z127_Gx_tool.CSV,export,302807,b8ac81cafdad65cdc60041e2edabe96022fc707081c4cc591c10c194203b2951,2026-01-19T10:23:20Z,,,2026-01-16T10:58:00,Gx,315,217,127,,,,,,,,,,tool
old-tests,Machine FRF and stability/old tests/2026-01-16_10-58-00_X315_Y217_Z127_x_tool_rubber_tip_gain10_fs_20000_9Vbattery.CSV,export,495124,7c575ab0693baf43883688ae90ce539a1b1af39a0162be29d3c2ab5658618ad9,2026-01-16T10:00:44Z,,,2026-01-16T10:58:00,x,315,217,127,,,,,,,,,20000,tool_rubber_tip_gain10_9Vbattery
old-tests,Machine FRF and stability/old tests/2026-01-16_10-58-00_X315_Y217_Z127_x_tool_rubber_tip_gain10_fs_20000_9Vbattery.WDH,raw,8401171,b1610081574d3495a1cdd089e04f557c1671beec6afa2e4f3b5b16c540ff448c,2026-01-16T09:59:01Z,,,2026-01-16T10:58:00,x,315,217,127,,,,,,,,,20000,tool_rubber_tip_gain10_9Vbattery
old-tests,Machine FRF and stability/old tests/2026-01-16_10-58-00_X315_Y217_Z127_x_tool_rubber_tip_gain10_fs_20000_9Vbattery_symmetric.csv,derived,990124,06f322e346b70d06578ac542e7efa6049af6ce5df81b8ffede7bc4e8197d050d,2026-01-19T12:14:10Z,,,2026-01-16T10:58:00,x,315,217,127,,,,,,,,,20000,tool_rubber_tip_gain10_9Vbattery_symmetric
old-tests,Machine FRF and stability/old tests/2026-01-16_10-58-00_X315_Y217_Z127_x_tool_rubber_tip_gain10_fs_20000_9Vbattery_symmetric_0_25.csv,derived,495124,e69efd22ab2bf2869332b81cf45a30098bc3ddfcd97f0ca7b9d23906b8bddf97,2026-01-19T12:19:02Z,,,2026-01-16T10:58:00,x,315,217,127,,,,,,,,,20000,tool_rubber_tip_gain10_9Vbattery_symmetric_0_25
old-tests,Machine FRF and stability/old tests/2026-01-16_11-11-00_X315_Y217_Z127_x_tool_steel_tip_gain1_fs_20000_test_impact.CSV,export,495124,9cbe922cbdc09558ff2e28b6c4c11589ae1e3134c97b8013f1634df7ad4ec55f,2026-01-16T10:14:40Z,,,2026-01-16T11:11:00,x,315,217,127,,,,,,,,,20000,tool_steel_tip_gain1_test_impact
old-tests,Machine FRF and stability/old tests/2026-01-16_11-11-00_X315_Y217_Z127_x_tool_steel_tip_gain1_fs_20000_test_impact.WDH,raw,8147603,ff1f1dc8e8d8d0a7839dd15b986562faf4c68c02129b4bece3cf75d2ef9e466e,2026-01-16T10:12:32Z,,,2026-01-16T11:11:00,x,315,217,127,,,,,,,,,20000,tool_steel_tip_gain1_test_impact
old-tests,Machine FRF and stability/old tests/2026-01-19_13-45-00_X315_Y217_Z127_x_tool_rubber_tip_gain10_fs_20000_lock_spindle.WDH,raw,8401171,9b1cc3ab7621d166c665caa9307caf73f99b5a556124e695c6cf11632e48b9f1,2026-01-19T12:46:08Z,,,2026-01-19T13:45:00,x,315,217,127,,,,,,,,,20000,tool_rubber_tip_gain10_lock_spindle
old-tests,Machine FRF and stability/old tests/2026-01-19_13-47-00_X315_Y217_Z127_Gx_tool_rubber_tip_gain10_fs_20000_lock_spindle.CSV,export,302807,72dd5b2cdfb4a8eab7206ee546c02fead5b679443ece6ae03cbaeef60702b0e8,2026-01-19T12:57:38Z,,,2026-01-19T13:47:00,Gx,315,217,127,,,,,,,,,20000,tool_rubber_tip_gain10_lock_spindle
old-tests,Machine FRF and stability/old tests/2026-01-19_13-47-00_X315_Y217_Z127_Gx_tool_tool_rubber_tip_gain10_fs_20000_lock_spindle.CSV,export,302807,cdd60e2220404ef52796ad5c643d1e8864720e75c013e5b4df400d1b81cc992d,2026-01-19T12:57:38Z,,,2026-01-19T13:47:00,Gx,315,217,127,,,,,,,,,20000,tool_tool_rubber_tip_gain10_lock_spindle
old-tests,Machine FRF and stability/old tests/2026-01-19_13-47-00_X315_Y217_Z127_x_tool_plastic_tip_rubber_sheet_gain10_fs_20000.WDH,raw,8401171,d445bbcd15f1a12c3fae4f7227f8e397db2ad02e00c3180950721cb61ebee984,2026-01-20T10:41:52Z,,,2026-01-19T13:47:00,x,315,217,127,,,,,,,,,20000,tool_plastic_tip_rubber_sheet_gain10
old-tests,Machine FRF and stability/old tests/2026-01-19_13-47-00_X315_Y217_Z127_x_tool_rubber_tip_gain10_fs_20000_lock_spindle.CSV,export,495124,2d186b426ae95a5c9b07d316577348b96c43a973dfb023d9bd7c47a1747226f1,2026-01-19T12:50:20Z,,,2026-01-19T13:47:00,x,315,217,127,,,,,,,,,20000,tool_rubber_tip_gain10_lock_spindle
old-tests,Machine FRF and stability/old tests/2026-01-19_13-47-00_X315_Y217_Z127_x_tool_rubber_tip_gain10_fs_20000_lock_spindle.WDH,raw,8401171,4ffcdb3ea5bb4bf707162127433f2f8a491fdc9855315b545c34775045e18f04,2026-01-19T12:47:51Z,,,2026-01-19T13:47:00,x,315,217,127,,,,,,,,,20000,tool_rubber_tip_gain10_lock_spindle
old-tests,Machine FRF and stability/old tests/2026-01-20_11-49-00_X315_Y217_Z127_x_tool_plastic_tip_rubber_sheet_gain10_fs_20000.CSV,export,495223,5135c0cbbb4bcc08da8965f883dc94b855f41013a80ea904f8e4b3d0e4284b57,2026-01-20T10:52:19Z,,,2026-01-20T11:49:00,x,315,217,127,,,,,,,,,20000,tool_plastic_tip_rubber_sheet_gain10
old-tests,Machine FRF and stability/old tests/2026-01-20_11-49-00_X315_Y217_Z127_x_tool_plastic_tip_rubber_sheet_gain10_fs_20000.WDH,raw,8401531,933a62680172fe1daf70c6b5bad593816380fa77e0c619a9de1f84dd55c88ec6,2026-01-20T10:50:21Z,,,2026-01-20T11:49:00,x,315,217,127,,,,,,,,,20000,tool_plastic_tip_rubber_sheet_gain10
old-tests,Machine FRF and stability/old tests/2026-01-29_15-25-00_X315_Y217_Z127_x_tool_plastic_tip_gain10_fs_20000.CSV,export,495124,8ffd19a6a355894b5f2cee686ec9f58cf9dabaf0c7cb9ef949fa9ca14de9acd2,2026-01-29T14:30:44Z,,,2026-01-29T15:25:00,x,315,217,127,,,,,,,,,20000,tool_plastic_tip_gain10
old-tests,Machine FRF and stability/old tests/2026-01-29_15-25-00_X315_Y217_Z127_x_tool_plastic_tip_gain10_fs_20000.WDH,raw,8401171,0216a743dc569960b17387ae220b2ae8c6e3aba269f7f8f807e620c9495fde8a,2026-01-29T14:27:23Z,,,2026-01-29T15:25:00,x,315,217,127,,,,,,,,,20000,tool_plastic_tip_gain10
old-tests,Machine FRF and stability/old tests/2026-02-02_11-27-00_X315_Y217_Z127_x_XYZ_fs_20000_Flat end mill - Hans Treiber - F3-DC6-L19_machining_ramp_alu.CSV,export,53438596,1bc53c37bbd30dd1118061c6a316d559511aba09d3a0c9dcc30a20190ae43391,2026-02-02T10:33:22Z,,,2026-02-02T11:27:00,x,315,217,127,,,,,,Flat end mill - Hans Treiber - F3-DC6-L19,,,20000,XYZ_Flat end mill - Hans Treiber - F3-DC6-L19_machining_ramp_alu
old-tests,Machine FRF and stability/old tests/2026-02-02_11-27-00_X315_Y217_Z127_x_XYZ_fs_20000_Flat end mill - Hans Treiber - F3-DC6-L19_machining_ramp_alu.WDH,raw,8122515,e3b1b2d3c623e8599986c61ff4a9f92a33b4b12db0402e43fcefcd1455d4d10c,2026-02-02T10:31:05Z,,,2026-02-02T11:27:00,x,315,217,127,,,,,,Flat end mill - Hans Treiber - F3-DC6-L19,,,20000,XYZ_Flat end mill - Hans Treiber - F3-DC6-L19_machining_ramp_alu
old-tests,Machine FRF and stability/old tests/2026-02-02_13-48-00_X517_Y120_Z67_y_XYZ_fs_20000_Flat end mill - Hans Treiber - F3-DC6-L19_Ae1_0_Ap_0to18_F1800_S24000_alu.csv,derived,16780224,3e8f24629424e07023f8512d973a38416505d24f4fafd077c2b3c2d6f5560d8c,2026-02-03T13:50:54Z,,,2026-02-02T13:48:00,y,517,120,67,,24000,1800,1.0,0-18,Flat end mill - Hans Treiber - F3-DC6-L19,,,20000,XYZ_Flat end mill - Hans Treiber - F3-DC6-L19_Ae1_0_Ap_0to18_F1800_S24000_alu
old-tests,Machine FRF and stability/old tests/2026-02-02_13-48-00_X517_Y120_Z67_y_XYZ_fs_20000_Flat end mill - Hans Treiber - F3-DC6-L19_Ae1_0_Ap_0to18_F1800_S24000_alu.WDH,raw,16801171,36760480fa0a78b858d9e9d7ee0d256629ba695999da57260922df502458da37,2026-02-02T13:05:18Z,,,2026-02-02T13:48:00,y,517,120,67,,24000,1800,1.0,0-18,Flat end mill - Hans Treiber - F3-DC6-L19,,,20000,XYZ_Flat end mill - Hans Treiber - F3-DC6-L19_Ae1_0_Ap_0to18_F1800_S24000_alu
old-tests,Machine FRF and stability/old tests/2026-02-02_14-07-00_X517_Y120_Z67_y_XYZ_fs_20000_Flat end mill - Hans Treiber - F3-DC6-L19_Ae1_0_Ap_0to18_F1275_S17000_alu.csv,derived,22005073,7e40317ac7ff1ccc1c72ab4db025a1f8dc83fef96239a417157a3830429bebb0,2026-02-03T10:39:04Z,,,2026-02-02T14:07:00,y,517,120,67,,17000,1275,1.0,0-18,Flat end mill - Hans Treiber - F3-DC6-L19,,,20000,XYZ_Flat end mill - Hans Treiber - F3-DC6-L19_Ae1_0_Ap_0to18_F1275_S17000_alu
old-tests,Machine FRF and stability/old tests/2026-02-02_14-07-00_X517_Y120_Z67_y_XYZ_fs_20000_Flat end mill - Hans Treiber - F3-DC6-L19_Ae1_0_Ap_0to18_F1275_S17000_alu.WDH,raw,16801171,8a5c2f82e4efe644b764cc55c35fd1518f8b1de9827de080b4f0f0f14a7466d1,2026-02-02T13:14:40Z,,,2026-02-02T14:07:00,y,517,120,67,,17000,1275,1.0,0-18,Flat end mill - Hans Treiber - F3-DC6-L19,,,20000,XYZ_Flat end mill - Hans Treiber - F3-DC6-L19_Ae1_0_Ap_0to18_F1275_S17000_alu
old-tests,Machine FRF and stability/old tests/2026-02-02_14-14-00_X517_Y120_Z67_y_XYZ_fs_20000_Flat end mill - Hans Treiber - F3-DC6-L19_Ae1_0_Ap_0to18_F750_S10000_alu.WDH,raw,16801171,730bbb0106bc3228b0165fddb7de01c53a4476b86f2a3c5d49924a5433179559,2026-02-02T13:18:13Z,,,2026-02-02T14:14:00,y,517,120,67,,10000,750,1.0,0-18,Flat end mill - Hans Treiber - F3-DC6-L19,,,20000,XYZ_Flat end mill - Hans Treiber - F3-DC6-L19_Ae1_0_Ap_0to18_F750_S10000_alu
old-tests,Machine FRF and stability/old tests/2026-02-02_14-54-00_X517_Y120_Z67_x_XYZ_fs_20000_Flat end mill - Hans Treiber - F3-DC6-L19_Ae1_0_Ap_0to18_F1800_S24000_alu.WDH,raw,16801171,fdd297ca2c1a04fafcbab803af6aa320f2b01483ada85504b6179507b7830c6f,2026-02-02T13:59:50Z,,,2026-02-02T14:54:00,x,517,120,67,,24000,1800,1.0,0-18,Flat end mill - Hans Treiber - F3-DC6-L19,,,20000,XYZ_Flat end mill - Hans Treiber - F3-DC6-L19_Ae1_0_Ap_0to18_F1800_S24000_alu
old-tests,Machine FRF and stability/old tests/2026-02-02_15-00-00_X517_Y120_Z67_x_XYZ_fs_20000_Flat end mill - Hans Treiber - F3-DC6-L19_Ae1_5_Ap_0to18_F1800_S24000_alu.csv,derived,15047324,b2f0317d7ad7521bd498925ff183332dd241a4fd132ed0fdc37eda98ac7d7edb,2026-02-03T13:08:54Z,,,2026-02-02T15:00:00,x,517,120,67,,24000,1800,1.5,0-18,Flat end mill - Hans Treiber - F3-DC6-L19,,,20000,XYZ_Flat end mill - Hans Treiber - F3-DC6-L19_Ae1_5_Ap_0to18_F1800_S24000_alu
old-tests,Machine FRF and stability/old tests/2026-02-02_15-00-00_X517_Y120_Z67_x_XYZ_fs_20000_Flat end mill - Hans Treiber - F3-DC6-L19_Ae1_5_Ap_0to18_F1800_S24000_alu.WDH,raw,16801171,08033688967b62cb4d1b28b0f798f226f62b6d950c570418b1beeabff4c2077c,2026-02-02T14:03:50Z,,,2026-02-02T15:00:00,x,517,120,67,,24000,1800,1.5,0-18,Flat end mill - Hans Treiber - F3-DC6-L19,,,20000,XYZ_Flat end mill - Hans Treiber - F3-DC6-L19_Ae1_5_Ap_0to18_F1800_S24000_alu
old-tests,Machine FRF and stability/old tests/2026-02-02_15-04-00_X517_Y120_Z67_x_XYZ_fs_20000_Flat end mill - Hans Treiber - F3-DC6-L19_Ae2_0_Ap_0to18_F1800_S24000_alu.csv,derived,13900224,58c4b3e457629be62506d8244f1a67c7c48698d787e2b7e7022e4d520bfb6652,2026-02-03T14:04:32Z,,,2026-02-02T15:04:00,x,517,120,67,,24000,1800,2.0,0-18,Flat end mill - Hans Treiber - F3-DC6-L19,,,20000,XYZ_Flat end mill - Hans Treiber - F3-DC6-L19_Ae2_0_Ap_0to18_F1800_S24000_alu
old-tests,Machine FRF and stability/old tests/2026-02-02_15-04-00_X517_Y120_Z67_x_XYZ_fs_20000_Flat end mill - Hans Treiber - F3-DC6-L19_Ae2_0_Ap_0to18_F1800_S24000_alu.WDH,raw,16801171,b1d863d8912499605ee39717f02414c46f3e0132e6cbcdd0e5d4468e3439da74,2026-02-02T14:09:25Z,,,2026-02-02T15:04:00,x,517,120,67,,24000,1800,2.0,0-18,Flat end mill - Hans Treiber - F3-DC6-L19,,,20000,XYZ_Flat end mill - Hans Treiber - F3-DC6-L19_Ae2_0_Ap_0to18_F1800_S24000_alu
old-tests,Machine FRF and stability/old tests/2026-02-02_15-09-00_X517_Y120_Z67_x_XYZ_fs_20000_Flat end mill - Hans Treiber - F3-DC6-L19_Ae1_5_Ap_0to18_F1275_S17000_alu.WDH,raw,16801171,f8d2738c1797af79cd27e7fbdb01852c3e1e4ca45600b807ed81c7862e863db3,2026-02-02T14:15:05Z,,,2026-02-02T15:09:00,x,517,120,67,,17000,1275,1.5,0-18,Flat end mill - Hans Treiber - F3-DC6-L19,,,20000,XYZ_Flat end mill - Hans Treiber - F3-DC6-L19_Ae1_5_Ap_0to18_F1275_S17000_alu
old-tests,Machine FRF and stability/old tests/2026-02-02_15-15-00_X517_Y120_Z67_x_XYZ_fs_20000_Flat end mill - Hans Treiber - F3-DC6-L19_Ae1_0_Ap_0to18_F1275_S17000_alu.WDH,raw,16801171,6ab9e65da7a93ff592fb95ba1cb1c252c95864fa879a3f8cc6b7085a235787b0,2026-02-02T14:21:20Z,,,2026-02-02T15:15:00,x,517,120,67,,17000,1275,1.0,0-18,Flat end mill - Hans Treiber - F3-DC6-L19,,,20000,XYZ_Flat end mill - Hans Treiber - F3-DC6-L19_Ae1_0_Ap_0to18_F1275_S17000_alu
old-tests,Machine FRF and stability/old tests/2026-02-02_15-21-00_X517_Y120_Z67_x_XYZ_fs_20000_Flat end mill - Hans Treiber - F3-DC6-L19_Ae1_5_Ap_0to18_F750_S10000_alu.WDH,raw,16801171,c60afb8efb1c5eb21139f8871b518c2fe1fd6acc28a118f12d2ccfa2e758b9fb,2026-02-02T14:24:24Z,,,2026-02-02T15:21:00,x,517,120,67,,10000,750,1.5,0-18,Flat end mill - Hans Treiber - F3-DC6-L19,,,20000,XYZ_Flat end mill - Hans Treiber - F3-DC6-L19_Ae1_5_Ap_0to18_F750_S10000_alu
old-tests,Machine FRF and stability/old tests/2026-02-02_15-33-00_X517_Y120_Z67_x_XYZ_fs_20000_Flat end mill - Hans Treiber - F3-DC6-L19_Ae1_0_Ap_0to18_F750_S10000_alu.csv,derived,32718042,dfa753cc1345a03ef528942c3d65888b45d03aee2599f2ad072536a1b0c4894f,2026-02-03T13:14:14Z,,,2026-02-02T15:33:00,x,517,120,67,,10000,750,1.0,0-18,Flat end mill - Hans Treiber - F3-DC6-L19,,,20000,XYZ_Flat end mill - Hans Treiber - F3-DC6-L19_Ae1_0_Ap_0to18_F750_S10000_alu
old-tests,Machine FRF and stability/old tests/2026-02-02_15-33-00_X517_Y120_Z67_x_XYZ_fs_20000_Flat end mill - Hans Treiber - F3-DC6-L19_Ae1_0_Ap_0to18_F750_S10000_alu.WDH,raw,14591635,1827747f576ae588309847b05b46805cce74e0a7f443b54486b02facbcf82a16,2026-02-02T14:34:50Z,,,2026-02-02T15:33:00,x,517,120,67,,10000,750,1.0,0-18,Flat end mill - Hans Treiber - F3-DC6-L19,,,20000,XYZ_Flat end mill - Hans Treiber - F3-DC6-L19_Ae1_0_Ap_0to18_F750_S10000_alu
old-tests,Machine FRF and stability/old tests/2026-02-02_15-33-00_X517_Y120_Z67_x_XYZ_fs_20000_Flat end mill - Hans Treiber - F3-DC6-L19_Ae1_0_Ap_0to18_F750_S10000_alu_test.csv,derived,32391919,e57ac082fab47c9b539f0d4932922ff39820b49a53720f1bf4f3aff5005162b4,2026-02-03T13:32:03Z,,,2026-02-02T15:33:00,x,517,120,67,,10000,750,1.0,0-18,Flat end mill - Hans Treiber - F3-DC6-L19,,,20000,XYZ_Flat end mill - Hans Treiber - F3-DC6-L19_Ae1_0_Ap_0to18_F750_S10000_alu_test
old-tests,Machine FRF and stability/old tests/2026-02-02_15-40-00_X517_Y120_Z67_x_XYZ_fs_20000_Flat end mill - Hans Treiber - F3-DC6-L19_Ae1_0_Ap_0to18_F1275_S17000_alu.WDH,raw,16801171,d47d3e519956f45483a2870e2ee21b6ed6ac692d827d7888104cd6904413b18f,2026-02-02T14:47:12Z,,,2026-02-02T15:40:00,x,517,120,67,,17000,1275,1.0,0-18,Flat end mill - Hans Treiber - F3-DC6-L19,,,20000,XYZ_Flat end mill - Hans Treiber - F3-DC6-L19_Ae1_0_Ap_0to18_F1275_S17000_alu
old-tests,Machine FRF and stability/old tests/2026-02-02_15-47-00_X517_Y120_Z67_x_XYZ_fs_20000_Flat end mill - Hans Treiber - F3-DC6-L19_Ae1_5_Ap_0to18_F1275_S17000_alu.WDH,raw,16801171,12f307a6bb0ce93faea4ce84d9243e5f4af14ae614d847d0a3aeefbf87bc0e2f,2026-02-02T14:49:53Z,,,2026-02-02T15:47:00,x,517,120,67,,17000,1275,1.5,0-18,Flat end mill - Hans Treiber - F3-DC6-L19,,,20000,XYZ_Flat end mill - Hans Treiber - F3-DC6-L19_Ae1_5_Ap_0to18_F1275_S17000_alu
old-tests,Machine FRF and stability/old tests/2026-02-04_14-03-00_X507_Y446_Z56_x_XYZ_fs_20000_Flat end mill-Fortis_19545060_Ae0_5_Ap_0to10_F1200_S10000_steel_S235JR.WDH,raw,7463059,b3814fb1673f50f6d2af76bf064fca6988162b2c34730033b27c0bc6cdfb33f8,2026-02-04T13:04:51Z,,,2026-02-04T14:03:00,x,507,446,56,steel-S235JR,10000,1200,0.5,0-10,Flat end mill-Fortis_19545060,,,20000,XYZ_Flat end mill-Fortis_19545060_Ae0_5_Ap_0to10_F1200_S10000_steel_S235JR
old-tests,Machine FRF and stability/old tests/2026-02-04_14-07-00_X507_Y446_Z56_x_XYZ_fs_20000_Flat end mill-Fortis_19545060_Ae0_5_Ap_0to10_F900_S7500_steel_S235JR.WDH,raw,16801171,4b70c161f826deae70f0b5886c5f3fde97e92d81cb208d1f9d22f86cf1cf82a8,2026-02-04T13:13:14Z,,,2026-02-04T14:07:00,x,507,446,56,steel-S235JR,7500,900,0.5,0-10,Flat end mill-Fortis_19545060,,,20000,XYZ_Flat end mill-Fortis_19545060_Ae0_5_Ap_0to10_F900_S7500_steel_S235JR
old-tests,Machine FRF and stability/old tests/2026-02-04_14-13-00_X507_Y446_Z56_x_XYZ_fs_20000_Flat end mill-Fortis_19545060_Ae0_5_Ap_0to10_F600_S5000_steel_S235JR.WDH,raw,16801171,f45e824cb7c82a19facf72278bd8da659f7f27bc949ae9abc7335f0f59f546b3,2026-02-04T13:17:06Z,,,2026-02-04T14:13:00,x,507,446,56,steel-S235JR,5000,600,0.5,0-10,Flat end mill-Fortis_19545060,,,20000,XYZ_Flat end mill-Fortis_19545060_Ae0_5_Ap_0to10_F600_S5000_steel_S235JR
old-tests,Machine FRF and stability/old tests/2026-02-04_14-17-00_X507_Y446_Z56_x_XYZ_fs_20000_Flat end mill-Fortis_19545060_Ae0_25_Ap_0to10_F1200_S10000_steel_S235JR.csv,derived,16780224,059ff5114d7eb8ccc95ccbf57061fff7e069aaaac6630effe4de409d16b3c74d,2026-02-04T13:47:43Z,,,2026-02-04T14:17:00,x,507,446,56,steel-S235JR,10000,1200,0.25,0-10,Flat end mill-Fortis_19545060,,,20000,XYZ_Flat end mill-Fortis_19545060_Ae0_25_Ap_0to10_F1200_S10000_steel_S235JR
old-tests,Machine FRF and stability/old tests/2026-02-04_14-17-00_X507_Y446_Z56_x_XYZ_fs_20000_Flat end mill-Fortis_19545060_Ae0_25_Ap_0to10_F1200_S10000_steel_S235JR.WDH,raw,6104723,cbc9d11f4f9e2dab6290f99b6066fde54d1ef858258fc49d34869dd35feb18f3,2026-02-04T13:19:14Z,,,2026-02-04T14:17:00,x,507,446,56,steel-S235JR,10000,1200,0.25,0-10,Flat end mill-Fortis_19545060,,,20000,XYZ_Flat end mill-Fortis_19545060_Ae0_25_Ap_0to10_F1200_S10000_steel_S235JR
old-tests,Machine FRF and stability/old tests/2026-02-04_14-21-00_X507_Y446_Z56_x_XYZ_fs_20000_Flat end mill-Fortis_19545060_Ae0_25_Ap_0to10_F900_S7500_steel_S235JR.WDH,raw,8369811,62e54e71242230871656621ce7651deea2eaced75280940f96197a61945e49f5,2026-02-04T13:22:39Z,,,2026-02-04T14:21:00,x,507,446,56,steel-S235JR,7500,900,0.25,0-10,Flat end mill-Fortis_19545060,,,20000,XYZ_Flat end mill-Fortis_19545060_Ae0_25_Ap_0to10_F900_S7500_steel_S235JR
old-tests,Machine FRF and stability/old tests/2026-02-04_14-25-00_X507_Y446_Z56_x_XYZ_fs_20000_Flat end mill-Fortis_19545060_Ae0_25_Ap_0to10_F600_S5000_steel_S235JR.csv,derived,33231425,b9f4c1057c61c7ad93eb5f5408bf8b238cb7e0956abacc7cc81f269ac31b8143,2026-02-04T13:50:40Z,,,2026-02-04T14:25:00,x,507,446,56,steel-S235JR,5000,600,0.25,0-10,Flat end mill-Fortis_19545060,,,20000,XYZ_Flat end mill-Fortis_19545060_Ae0_25_Ap_0to10_F600_S5000_steel_S235JR
old-tests,Machine FRF and stability/old tests/2026-02-04_14-25-00_X507_Y446_Z56_x_XYZ_fs_20000_Flat end mill-Fortis_19545060_Ae0_25_Ap_0to10_F600_S5000_steel_S235JR.WDH,raw,10072211,d86963ff11f99ca976c8664ff428a759a7fc5633b8f13ea7cd0e79700847876c,2026-02-04T13:26:39Z,,,2026-02-04T14:25:00,x,507,446,56,steel-S235JR,5000,600,0.25,0-10,Flat end mill-Fortis_19545060,,,20000,XYZ_Flat end mill-Fortis_19545060_Ae0_25_Ap_0to10_F600_S5000_steel_S235JR
old-tests,Machine FRF and stability/old tests/2026-02-19_11-32-00_X315_Y315_Z80_x_XYZ_tool_plastic_tip_no_lock_fs_20000.WDH,raw,9601172,a2879f8552712cefa01c813d294421d37fd1b8c5ddb33afd8c47b00e54fc2a74,2026-02-19T10:33:39Z,,,2026-02-19T11:32:00,x,315,315,80,,,,,,,,,20000,XYZ_tool_plastic_tip_no_lock
old-tests,Machine FRF and stability/old tests/2026-02-19_11-35-00_X315_Y315_Z80_Gx.CSV,export,605309,ab0df07c56c1335cabbf0cd1042fdd52cb392605caf01435d0ac6da8baaa70d3,2026-02-20T13:39:59Z,,,2026-02-19T11:35:00,Gx,315,315,80,,,,,,,,,,
old-tests,Machine FRF and stability/old tests/2026-02-19_11-35-00_X315_Y315_Z80_Gx_tool.CSV,export,605309,d493a8abd7e73ce234822c7bb9ee5575309d3d77a9db1eb1390fc7136ee66ac6,2026-02-20T13:39:59Z,,,2026-02-19T11:35:00,Gx,315,315,80,,,,,,,,,,tool
old-tests,Machine FRF and stability/old tests/2026-02-19_11-35-00_X315_Y315_Z80_x_tool_plastic_tip_no_lock_fs_20000.CSV,export,1120246,6b6c2fb6ebf36163c99d08ed7ea2963390bff774f2bcac3383b792166dfcb19c,2026-02-19T10:46:13Z,,,2026-02-19T11:35:00,x,315,315,80,,,,,,,,,20000,tool_plastic_tip_no_lock
old-tests,Machine FRF and stability/old tests/2026-02-19_11-35-00_X315_Y315_Z80_x_XYZ_tool_plastic_tip_no_lock_fs_20000.WDH,raw,7642260,dab7dc092d8c0c2f87c3b06c3608428e7f5e3b9b0f92c89b687bd63ed6095430,2026-02-19T10:36:30Z,,,2026-02-19T11:35:00,x,315,315,80,,,,,,,,,20000,XYZ_tool_plastic_tip_no_lock
old-tests,Machine FRF and stability/old tests/2026-02-19_12-06-00_X615_Y315_Z80_x_XYZ_tool_plastic_tip_no_lock_fs_20000.WDH,raw,9601172,378fbdcf45389e0ee4914f97d754e8a447be3a7c32d5885fffabc7003cf2080f,2026-02-19T11:15:52Z,,,2026-02-19T12:06:00,x,615,315,80,,,,,,,,,20000,XYZ_tool_plastic_tip_no_lock
old-tests,Machine FRF and stability/old tests/accelerometer_noise_1.CSV,export,2590404,6d81580e68321e61ae8a29c534f536735c013f273d8065bd275985ae9d965203,2025-10-23T09:35:49Z,,,,,,,,,,,,,,,,,accelerometer_noise_1
old-tests,Machine FRF and stability/old tests/accelerometer_noise_1.WDH,raw,368644,1d3818138a99358ace17efe1e7505c2bce765ebd4aa4c4b4f56cb7cfe68fc3b6,2025-10-23T09:39:40Z,,,,,,,,,,,,,,,,,accelerometer_noise_1
old-tests,Machine FRF and stability/old tests/accelerometer_noise_2.CSV,export,2590404,0a355ef48d36dfecd09cdf1f6790fccbe5c4ba41b69c5bb6535f25d6834ac096,2025-10-23T09:40:36Z,,,,,,,,,,,,,,,,,accelerometer_noise_2
old-tests,Machine FRF and stability/old tests/accelerometer_noise_2.WDH,raw,368644,b5a8ce6d1473bafb0bba02e9b33e66e5b2155a7b7a227728a406697576fb780c,2025-10-23T09:40:00Z,,,,,,,,,,,,,,,,,accelerometer_noise_2
old-tests,Machine FRF and stability/old tests/noise.csv,derived,1052926,c30bfb954b684b5e0e777e143a048d167f2e67b3682e888708b2f15bad281a4b,2025-10-22T11:25:51Z,,,,,,,,,,,,,,,,,noise
old-tests,Machine FRF and stability/old tests/test.WDH,raw,900755,f2b5a94a4732d489b8cb8e1442bf15f7c895000beecaa4cb8c47e9d0d6c2144d,2026-01-15T14:53:38Z,,,,,,,,,,,,,,,,,test
old-tests,Machine FRF and stability/old tests/test_high_sample_rate.CSV,export,614160,b8438b0f8a3d086401dcc70892c06faa4148cf504dc6d7a12b923863ae490845,2026-01-15T09:35:17Z,,,,,,,,,,,,,,,,,test_high_sample_rate
old-tests,Machine FRF and stability/old tests/test_high_sample_rate_filled.CSV,export,1376419,8de28d65ef4d1192e2243b99af696a33a6a5e38093e824f481f80ccf51d35769,2026-01-15T09:35:38Z,,,,,,,,,,,,,,,,,test_high_sample_rate_filled
servo-configurations,Machine FRF and stability/Servo configurations/Linear encoder feedback.txt,other,240,c816d5bdff40b4ad366b0a275eff3937b61e44aefbda0384ed017c9c91994bd3,2026-05-11T07:50:35Z,,,,,,,,,,,,,,,,,Linear encoder feedback
servo-configurations,Machine FRF and stability/Servo configurations/Rotary encoder feedback.txt,other,237,efa49e338a6ad6e8d659cc4b997af114f3ad1402416f4e93184692a61a0167aa,2026-05-11T07:51:24Z,,,,,,,,,,,,,,,,,Rotary encoder feedback
stability-tests,Machine FRF and stability/Stability tests/2026-02-19_002_stability_tests_stepper/2026-02-19_13-37-00_X502_Y447_Z56_x_XYZ_fs_20000_Flat end mill-Fortis_19545060_Ae0_25_Ap_0to10_F1200_S10000_steel_S235JR.WDH,raw,9601172,c8d4c8cbf37247f3e751704ed35eb98dcbd4f8340af41f1346de43e59b6fb1b1,2026-02-19T12:43:34Z,,2026-02-19_002_stability_tests_stepper,2026-02-19T13:37:00,x,502,447,56,steel-S235JR,10000,1200,0.25,0-10,Flat end mill-Fortis_19545060,,,20000,XYZ_Flat end mill-Fortis_19545060_Ae0_25_Ap_0to10_F1200_S10000_steel_S235JR
stability-tests,Machine FRF and stability/Stability tests/2026-02-19_002_stability_tests_stepper/2026-02-19_13-43-00_X502_Y447_Z56_x_XYZ_fs_20000_Flat end mill-Fortis_19545060_Ae0_25_Ap_0to10_F900_S7500_steel_S235JR.WDH,raw,9601172,51963cb508abd96c9ad465031f722bbb367a299fe798c89d6e163ffd28613201,2026-02-19T12:50:46Z,,2026-02-19_002_stability_tests_stepper,2026-02-19T13:43:00,x,502,447,56,steel-S235JR,7500,900,0.25,0-10,Flat end mill-Fortis_19545060,,,20000,XYZ_Flat end mill-Fortis_19545060_Ae0_25_Ap_0to10_F900_S7500_steel_S235JR
stability-tests,Machine FRF and stability/Stability tests/2026-02-19_002_stability_tests_stepper/2026-02-19_13-51-00_X502_Y447_Z56_x_XYZ_fs_20000_Flat end mill-Fortis_19545060_Ae0_25_Ap_0to10_F600_S5000_steel_S235JR.WDH,raw,9601172,7dd180c47f4e4de0da1ed15dc6b034198c321e45fb4619042477bb21624bada0,2026-02-19T12:55:11Z,,2026-02-19_002_stability_tests_stepper,2026-02-19T13:51:00,x,502,447,56,steel-S235JR,5000,600,0.25,0-10,Flat end mill-Fortis_19545060,,,20000,XYZ_Flat end mill-Fortis_19545060_Ae0_25_Ap_0to10_F600_S5000_steel_S235JR
stability-tests,Machine FRF and stability/Stability tests/2026-02-19_002_stability_tests_stepper/2026-02-19_14-36-00_X500_Y242_Z67_x_XYZ_fs_20000_Flat end mill-Hans_Treiber_HP-AL3L-DLC.060HA_20113017_Ae0_6_Ap_0to20_F1800_S24000_alu_6061.WDH,raw,9601172,72f549b66cf375fc1192db33feb20334f174c08695c7cc42051014d71781f06e,2026-02-19T13:40:37Z,,2026-02-19_002_stability_tests_stepper,2026-02-19T14:36:00,x,500,242,67,,24000,1800,0.6,0-20,Flat end mill-Hans,,,20000,XYZ_Flat end mill-Hans_Treiber_HP-AL3L-DLC.060HA_20113017_Ae0_6_Ap_0to20_F1800_S24000_alu_6061
stability-tests,Machine FRF and stability/Stability tests/2026-02-19_002_stability_tests_stepper/2026-02-19_14-41-00_X500_Y242_Z67_x_XYZ_fs_20000_Flat end mill-Hans_Treiber_HP-AL3L-DLC.060HA_20113017_Ae0_6_Ap_0to19_F1350_S18000_alu_6061.WDH,raw,9601172,19b1ec034d31282eb43493b9c263c067164790aa8285cc9f15679d2490af368c,2026-02-19T13:46:08Z,,2026-02-19_002_stability_tests_stepper,2026-02-19T14:41:00,x,500,242,67,,18000,1350,0.6,0-19,Flat end mill-Hans,,,20000,XYZ_Flat end mill-Hans_Treiber_HP-AL3L-DLC.060HA_20113017_Ae0_6_Ap_0to19_F1350_S18000_alu_6061
stability-tests,Machine FRF and stability/Stability tests/2026-02-19_002_stability_tests_stepper/2026-02-19_14-46-00_X500_Y242_Z67_x_XYZ_fs_20000_Flat end mill-Hans_Treiber_HP-AL3L-DLC.060HA_20113017_Ae0_6_Ap_0to19_F900_S12000_alu_6061.WDH,raw,9601172,4949109d92aecf5a5568de2e5a7ccac137ba7e5e40b038ade9a96fc8dc695cfa,2026-02-19T13:49:25Z,,2026-02-19_002_stability_tests_stepper,2026-02-19T14:46:00,x,500,242,67,,12000,900,0.6,0-19,Flat end mill-Hans,,,20000,XYZ_Flat end mill-Hans_Treiber_HP-AL3L-DLC.060HA_20113017_Ae0_6_Ap_0to19_F900_S12000_alu_6061
stability-tests,Machine FRF and stability/Stability tests/2026-02-19_002_stability_tests_stepper/2026-02-19_15-27-00_X514_Y92_Z67_y_XYZ_fs_20000_Flat end mill-Hans_Treiber_HP-AL3L-DLC.060HA_20113017_Ae0_6_Ap_0to19_F1800_S24000_alu_6061.WDH,raw,9601172,fcdc992fb0232f055544dbe9779c8f03a6d7ad9ed4ddcaf2eb2f16d585e19f32,2026-02-19T14:35:53Z,,2026-02-19_002_stability_tests_stepper,2026-02-19T15:27:00,y,514,92,67,,24000,1800,0.6,0-19,Flat end mill-Hans,,,20000,XYZ_Flat end mill-Hans_Treiber_HP-AL3L-DLC.060HA_20113017_Ae0_6_Ap_0to19_F1800_S24000_alu_6061
stability-tests,Machine FRF and stability/Stability tests/2026-02-19_002_stability_tests_stepper/2026-02-19_15-36-00_X514_Y92_Z67_y_XYZ_fs_20000_Flat end mill-Hans_Treiber_HP-AL3L-DLC.060HA_20113017_Ae0_6_Ap_0to19_F1350_S18000_alu_6061.WDH,raw,9601172,7bb3c7e34ebb5958fe9750f097f71708b15daf3d50767ca6e84083230ae242df,2026-02-19T14:40:02Z,,2026-02-19_002_stability_tests_stepper,2026-02-19T15:36:00,y,514,92,67,,18000,1350,0.6,0-19,Flat end mill-Hans,,,20000,XYZ_Flat end mill-Hans_Treiber_HP-AL3L-DLC.060HA_20113017_Ae0_6_Ap_0to19_F1350_S18000_alu_6061
stability-tests,Machine FRF and stability/Stability tests/2026-02-19_002_stability_tests_stepper/2026-02-19_15-40-00_X514_Y92_Z67_y_XYZ_fs_20000_Flat end mill-Hans_Treiber_HP-AL3L-DLC.060HA_20113017_Ae0_6_Ap_0to19_F900_S12000_alu_6061.WDH,raw,9601172,73a680f2a658d727edae5f8bc91ad4c3bae6e43b4f76479898d78cac75faa3bf,2026-02-19T14:54:41Z,,2026-02-19_002_stability_tests_stepper,2026-02-19T15:40:00,y,514,92,67,,12000,900,0.6,0-19,Flat end mill-Hans,,,20000,XYZ_Flat end mill-Hans_Treiber_HP-AL3L-DLC.060HA_20113017_Ae0_6_Ap_0to19_F900_S12000_alu_6061
stability-tests,Machine FRF and stability/Stability tests/2026-02-19_002_stability_tests_stepper/2026-02-20_10-56-00_X340_Y92_Z57_y_XYZ_fs_20000_Flat end mill-Fortis_19545060_Ae0_25_Ap_0to10_F1200_S10000_steel_S235JR.WDH,raw,9601172,cabb7b4da5d7a017d11b9246f4ae90e1061c8d118ccfbc9a8d63b2951ecea598,2026-02-20T10:00:31Z,,2026-02-19_002_stability_tests_stepper,2026-02-20T10:56:00,y,340,92,57,steel-S235JR,10000,1200,0.25,0-10,Flat end mill-Fortis_19545060,,,20000,XYZ_Flat end mill-Fortis_19545060_Ae0_25_Ap_0to10_F1200_S10000_steel_S235JR
stability-tests,Machine FRF and stability/Stability tests/2026-02-19_002_stability_tests_stepper/2026-02-20_11-01-00_X340_Y92_Z57_y_XYZ_fs_20000_Flat end mill-Fortis_19545060_Ae0_25_Ap_0to10_F900_S7500_steel_S235JR.WDH,raw,9601172,32dc48f6e330de8dad5cc510ecc13f742960e9a6f0512ecb1207ec63394c7ba5,2026-02-20T10:04:15Z,,2026-02-19_002_stability_tests_stepper,2026-02-20T11:01:00,y,340,92,57,steel-S235JR,7500,900,0.25,0-10,Flat end mill-Fortis_19545060,,,20000,XYZ_Flat end mill-Fortis_19545060_Ae0_25_Ap_0to10_F900_S7500_steel_S235JR
stability-tests,Machine FRF and stability/Stability tests/2026-02-19_002_stability_tests_stepper/2026-02-20_11-04-00_X340_Y92_Z57_y_XYZ_fs_20000_Flat end mill-Fortis_19545060_Ae0_25_Ap_0to10_F600_S5000_steel_S235JR.WDH,raw,9601172,05b3406311db8038b80587bd47fc6a8079080fa5b3509ed786a182bdb2754c70,2026-02-20T10:07:47Z,,2026-02-19_002_stability_tests_stepper,2026-02-20T11:04:00,y,340,92,57,steel-S235JR,5000,600,0.25,0-10,Flat end mill-Fortis_19545060,,,20000,XYZ_Flat end mill-Fortis_19545060_Ae0_25_Ap_0to10_F600_S5000_steel_S235JR
stability-tests,Machine FRF and stability/Stability tests/2026-05-08_001_stability_tests_linear_encoder/Alu_parameters.txt,other,142,4ff9a60eae59544c2f425637a593464f01764e7c0d296eba8f075a37a6a236bc,2026-05-11T08:31:10Z,,2026-05-08_001_stability_tests_linear_encoder,,,,,,aluminium,,,,,,,,,Alu_parameters
stability-tests,Machine FRF and stability/Stability tests/2026-05-08_001_stability_tests_linear_encoder/Alu_x_S12000_F900_1.WDH,raw,9601172,67386a6ab20861d03cfd058324f40b280cd19b483dc9783807489544be09b14d,2026-05-11T11:54:01Z,,2026-05-08_001_stability_tests_linear_encoder,,x,,,,aluminium,12000,900,,,,1,,,
stability-tests,Machine FRF and stability/Stability tests/2026-05-08_001_stability_tests_linear_encoder/Alu_x_S18000_F1350_1.WDH,raw,9601172,93a39bd6ac60f104ae9d3911e24466490901b20147d56ecaf908de678a10b951,2026-05-11T11:51:32Z,,2026-05-08_001_stability_tests_linear_encoder,,x,,,,aluminium,18000,1350,,,,1,,,
stability-tests,Machine FRF and stability/Stability tests/2026-05-08_001_stability_tests_linear_encoder/Alu_x_S24000_F1800_1.WDH,raw,9601172,07c690df62340be544107e36108e5f783561135930aa4fd8052d06408ec47c57,2026-05-11T11:48:58Z,,2026-05-08_001_stability_tests_linear_encoder,,x,,,,aluminium,24000,1800,,,,1,,,
stability-tests,Machine FRF and stability/Stability tests/2026-05-08_001_stability_tests_linear_encoder/Alu_y_S12000_F900_1.WDH,raw,9601172,29cf07d05807b9fa764a9fa311cc4a067f132e7784442297562acf39946b602a,2026-05-08T09:46:02Z,,2026-05-08_001_stability_tests_linear_encoder,,y,,,,aluminium,12000,900,,,,1,,,
stability-tests,Machine FRF and stability/Stability tests/2026-05-08_001_stability_tests_linear_encoder/Alu_y_S18000_F1350_1.WDH,raw,9601172,637b89ea4e28b27fa85a5fa82fcad04673e062cda29023aa15a767c7494fe6e5,2026-05-08T09:45:02Z,,2026-05-08_001_stability_tests_linear_encoder,,y,,,,aluminium,18000,1350,,,,1,,,
stability-tests,Machine FRF and stability/Stability tests/2026-05-08_001_stability_tests_linear_encoder/Alu_y_S24000_F1800_1.WDH,raw,9601172,725a7b65acedb9f03a1b3173964c8b9a0214e88d72c88ae2a338730d02c2f11b,2026-05-08T09:39:53Z,,2026-05-08_001_stability_tests_linear_encoder,,y,,,,aluminium,24000,1800,,,,1,,,
stability-tests,Machine FRF and stability/Stability tests/2026-05-08_001_stability_tests_linear_encoder/Alu_y_S24000_F1800_2.WDH,raw,9601172,cc6e29f78455753eb5a50467a79651424391bfc0c2fab66fae934d6fc92143cd,2026-05-08T10:01:25Z,,2026-05-08_001_stability_tests_linear_encoder,,y,,,,aluminium,24000,1800,,,,2,,,
stability-tests,Machine FRF and stability/Stability tests/2026-05-08_001_stability_tests_linear_encoder/Notes.txt,other,587,4b628e34b59a308b42b4477b41255e05814e42cac8cd4ba34f60e77f49dfcafc,2026-05-11T09:22:06Z,,2026-05-08_001_stability_tests_linear_encoder,,,,,,,,,,,,,,,Notes
stability-tests,Machine FRF and stability/Stability tests/2026-05-08_001_stability_tests_linear_encoder/St235JR_parameters.txt,other,118,1f850da0afae0000c3c9ad40cb2ab8c10ecde3e450274842048fd38c7c772c8e,2026-05-11T08:31:18Z,,2026-05-08_001_stability_tests_linear_encoder,,,,,,steel-S235JR,,,,,,,,,St235JR_parameters
stability-tests,Machine FRF and stability/Stability tests/2026-05-08_001_stability_tests_linear_encoder/St235JR_x_S10000_F1200_1.WDH,raw,9601172,d249358c76ca4d27fe34d6d560cebb623e36261620f9186671b78a93e95df45b,2026-05-11T10:31:42Z,,2026-05-08_001_stability_tests_linear_encoder,,x,,,,steel-S235JR,10000,1200,,,,1,,,
stability-tests,Machine FRF and stability/Stability tests/2026-05-08_001_stability_tests_linear_encoder/St235JR_x_S5000_F600_1.WDH,raw,9601172,c7c794bd2d48954c5dfdf15f104367563e9f570ec0415103fe77799b7ca3d195,2026-05-11T10:56:07Z,,2026-05-08_001_stability_tests_linear_encoder,,x,,,,steel-S235JR,5000,600,,,,1,,,
stability-tests,Machine FRF and stability/Stability tests/2026-05-08_001_stability_tests_linear_encoder/St235JR_x_S7500_F800_1.WDH,raw,9601172,824b486fb6280b232673a2fd1ed820e894efa19ebd86d87677e268ba83f6378c,2026-05-11T10:37:45Z,,2026-05-08_001_stability_tests_linear_encoder,,x,,,,steel-S235JR,7500,800,,,,1,,,
stability-tests,Machine FRF and stability/Stability tests/2026-05-08_001_stability_tests_linear_encoder/St235JR_y_S10000_F1200_1.WDH,raw,9601172,9cf74008009e5e42eb889c12a2550cc9b515bffeeeb6eb3d2fda3438db0d27b8,2026-05-11T09:06:41Z,,2026-05-08_001_stability_tests_linear_encoder,,y,,,,steel-S235JR,10000,1200,,,,1,,,
stability-tests,Machine FRF and stability/Stability tests/2026-05-08_001_stability_tests_linear_encoder/St235JR_y_S5000_F600_1.WDH,raw,9601172,ffc196e689652bed80a11a778aced50cae9aaa3d6406439888b23d067ee7802f,2026-05-11T09:12:05Z,,2026-05-08_001_stability_tests_linear_encoder,,y,,,,steel-S235JR,5000,600,,,,1,,,
stability-tests,Machine FRF and stability/Stability tests/2026-05-08_001_stability_tests_linear_encoder/St235JR_y_S7500_F800_1.WDH,raw,9601172,ba5b2ec3ea6ceed53cc1d885cc5b5748d477b78ef2c6a52ddbd8c9a2fb5aec78,2026-05-11T09:09:09Z,,2026-05-08_001_stability_tests_linear_encoder,,y,,,,steel-S235JR,7500,800,,,,1,,,
stability-tests,Machine FRF and stability/Stability tests/2026-05-11_001_stability_tests_rotary_encoder/Alu_parameters.txt,other,142,4ff9a60eae59544c2f425637a593464f01764e7c0d296eba8f075a37a6a236bc,2026-05-11T08:31:10Z,,2026-05-11_001_stability_tests_rotary_encoder,,,,,,aluminium,,,,,,,,,Alu_parameters
stability-tests,Machine FRF and stability/Stability tests/2026-05-11_001_stability_tests_rotary_encoder/Alu_x_S12000_F900_1.WDH,raw,9601172,8ef4493294493cb6f53087b41602901b745ed0579a5825f918aa552c0fdf637c,2026-05-11T11:36:10Z,,2026-05-11_001_stability_tests_rotary_encoder,,x,,,,aluminium,12000,900,,,,1,,,
stability-tests,Machine FRF and stability/Stability tests/2026-05-11_001_stability_tests_rotary_encoder/Alu_x_S18000_F1350_1.WDH,raw,9601172,1bf1d56aa51a6938fe67158b28f633d000df9ff46bec3a00a0030d2c5ce4d1ae,2026-05-11T11:33:37Z,,2026-05-11_001_stability_tests_rotary_encoder,,x,,,,aluminium,18000,1350,,,,1,,,
stability-tests,Machine FRF and stability/Stability tests/2026-05-11_001_stability_tests_rotary_encoder/Alu_x_S24000_F1800_1.WDH,raw,9601172,efe5deda1d3ed24e94969082c2d5f0aa130044e59583d189857a6bbed8c21e61,2026-05-11T11:30:33Z,,2026-05-11_001_stability_tests_rotary_encoder,,x,,,,aluminium,24000,1800,,,,1,,,
stability-tests,Machine FRF and stability/Stability tests/2026-05-11_001_stability_tests_rotary_encoder/Alu_y_S12000_F900_1.WDH,raw,9601172,855080aef9c0ce7657ca84ad63b56e061c2f5f3f363e859f34a635e6758a6760,2026-05-11T08:16:13Z,,2026-05-11_001_stability_tests_rotary_encoder,,y,,,,aluminium,12000,900,,,,1,,,
stability-tests,Machine FRF and stability/Stability tests/2026-05-11_001_stability_tests_rotary_encoder/Alu_y_S18000_F1350_1.WDH,raw,9601172,8d0682dcd4b2e67e214e36471bfb72cc807db36f5785b9652e136942b123aff4,2026-05-11T08:13:38Z,,2026-05-11_001_stability_tests_rotary_encoder,,y,,,,aluminium,18000,1350,,,,1,,,
stability-tests,Machine FRF and stability/Stability tests/2026-05-11_001_stability_tests_rotary_encoder/Alu_y_S24000_F1800_1.WDH,raw,9601172,c51c1d7f33b52f23ef6e4f1c9c3bfa262755eab978e4074bdd7f1ae9c556ddd4,2026-05-11T08:07:31Z,,2026-05-11_001_stability_tests_rotary_encoder,,y,,,,aluminium,24000,1800,,,,1,,,
stability-tests,Machine FRF and stability/Stability tests/2026-05-11_001_stability_tests_rotary_encoder/St235JR_parameters.txt,other,118,1f850da0afae0000c3c9ad40cb2ab8c10ecde3e450274842048fd38c7c772c8e,2026-05-11T08:31:18Z,,2026-05-11_001_stability_tests_rotary_encoder,,,,,,steel-S235JR,,,,,,,,,St235JR_parameters
stability-tests,Machine FRF and stability/Stability tests/2026-05-11_001_stability_tests_rotary_encoder/St235JR_x_S10000_F1200_1.WDH,raw,9601172,8d94367b05ca1faf990b88e0e9896b1b08adb782b24993a8d24b187204fc8f6d,2026-05-11T10:59:47Z,,2026-05-11_001_stability_tests_rotary_encoder,,x,,,,steel-S235JR,10000,1200,,,,1,,,
stability-tests,Machine FRF and stability/Stability tests/2026-05-11_001_stability_tests_rotary_encoder/St235JR_x_S5000_F600_1.WDH,raw,9601172,3f867ae176fb57113cbc51f74f58f196717f31f411c7b986a6accda2859ef1d4,2026-05-11T11:06:02Z,,2026-05-11_001_stability_tests_rotary_encoder,,x,,,,steel-S235JR,5000,600,,,,1,,,
stability-tests,Machine FRF and stability/Stability tests/2026-05-11_001_stability_tests_rotary_encoder/St235JR_x_S7500_F800_1.WDH,raw,9601172,4e2ce988e34019db537331d312c369298c8088ff194df9b0759b21273b716d9a,2026-05-11T11:02:58Z,,2026-05-11_001_stability_tests_rotary_encoder,,x,,,,steel-S235JR,7500,800,,,,1,,,
stability-tests,Machine FRF and stability/Stability tests/2026-05-11_001_stability_tests_rotary_encoder/St235JR_y_S10000_F1200_1.WDH,raw,9601172,6df5aed4f4b41aaa6691de9ccc747b95f6e582b11e6a90eee22baea8e93dc3ad,2026-05-11T08:42:31Z,,2026-05-11_001_stability_tests_rotary_encoder,,y,,,,steel-S235JR,10000,1200,,,,1,,,
stability-tests,Machine FRF and stability/Stability tests/2026-05-11_001_stability_tests_rotary_encoder/St235JR_y_S5000_F600_1.WDH,raw,9601172,7ef0c9bedc740ded1117c20400c97fa3df8237c00767711d1365c8e7e4a2db06,2026-05-11T09:04:08Z,,2026-05-11_001_stability_tests_rotary_encoder,,y,,,,steel-S235JR,5000,600,,,,1,,,
stability-tests,Machine FRF and stability/Stability tests/2026-05-11_001_stability_tests_rotary_encoder/St235JR_y_S7500_F800_1.WDH,raw,9601172,e0f671de61edcf04e540674cf5bae5d0681e040b839f657e84a88c1d952dc618,2026-05-11T08:45:16Z,,2026-05-11_001_stability_tests_rotary_encoder,,y,,,,steel-S235JR,7500,800,,,,1,,,
tap-tests,Machine FRF and stability/Tap tests/2026-02-19_001_tap_tests/2026-02-19_12-16-00_X315_Y5_Z80_x_XYZ_tool_plastic_tip_no_lock_fs_20000.WDH,raw,9601172,3609a3dcba4a3ff72e235d074c586cd4c8db06fae78065be33b546d32851eeb4,2026-02-19T11:17:24Z,,2026-02-19_001_tap_tests,2026-02-19T12:16:00,x,315,5,80,,,,,,,,,20000,XYZ_tool_plastic_tip_no_lock
tap-tests,Machine FRF and stability/Tap tests/2026-02-19_001_tap_tests/2026-02-19_12-17-00_X315_Y5_Z80_y_XYZ_tool_plastic_tip_no_lock_fs_20000.WDH,raw,9601172,490e3b0a04daf5c61037d28b91d4d15b33b01dd32691f9fad14627c8bdf64a9f,2026-02-19T11:19:36Z,,2026-02-19_001_tap_tests,2026-02-19T12:17:00,y,315,5,80,,,,,,,,,20000,XYZ_tool_plastic_tip_no_lock
tap-tests,Machine FRF and stability/Tap tests/2026-02-19_001_tap_tests/2026-02-19_12-19-00_X615_Y5_Z80_x_XYZ_tool_plastic_tip_no_lock_fs_20000.WDH,raw,9601172,78cbb6d9fe4cdb86e9aa1c307d2aa4bc06677b1bc0c6b58cef91bd94d5781ea2,2026-02-19T11:20:35Z,,2026-02-19_001_tap_tests,2026-02-19T12:19:00,x,615,5,80,,,,,,,,,20000,XYZ_tool_plastic_tip_no_lock
tap-tests,Machine FRF and stability/Tap tests/2026-02-19_001_tap_tests/2026-02-19_12-21-00_X615_Y5_Z80_y_XYZ_tool_plastic_tip_no_lock_fs_20000.WDH,raw,9601172,1f77aabe717301750c3800748a1d560d91a7f822b6980a429403fc413b77ed80,2026-02-19T11:33:30Z,,2026-02-19_001_tap_tests,2026-02-19T12:21:00,y,615,5,80,,,,,,,,,20000,XYZ_tool_plastic_tip_no_lock
tap-tests,Machine FRF and stability/Tap tests/2026-02-19_001_tap_tests/2026-02-19_12-33-00_X315_Y315_Z80_x_XYZ_tool_plastic_tip_no_lock_fs_20000.WDH,raw,9601172,a5ba009341c5b2524084dfa4313e9e793e6b31e21adb9c0dc67d15b93ac2c0da,2026-02-19T11:37:41Z,,2026-02-19_001_tap_tests,2026-02-19T12:33:00,x,315,315,80,,,,,,,,,20000,XYZ_tool_plastic_tip_no_lock
tap-tests,Machine FRF and stability/Tap tests/2026-02-19_001_tap_tests/2026-02-19_12-37-00_X315_Y315_Z80_y_XYZ_tool_plastic_tip_no_lock_fs_20000.WDH,raw,9601172,c8cc6889b35c65dcc0dcde3b8ae2341bf4ff33caa54243f59eef4aae4466ca9e,2026-02-19T11:39:41Z,,2026-02-19_001_tap_tests,2026-02-19T12:37:00,y,315,315,80,,,,,,,,,20000,XYZ_tool_plastic_tip_no_lock
tap-tests,Machine FRF and stability/Tap tests/2026-02-19_001_tap_tests/2026-02-19_12-39-00_X615_Y315_Z80_x_XYZ_tool_plastic_tip_no_lock_fs_20000.WDH,raw,9601172,1acb8ee9eb821e54976038ea323f29426ddd4949196cabea9e9294dca42fb116,2026-02-19T11:41:13Z,,2026-02-19_001_tap_tests,2026-02-19T12:39:00,x,615,315,80,,,,,,,,,20000,XYZ_tool_plastic_tip_no_lock
tap-tests,Machine FRF and stability/Tap tests/2026-02-19_001_tap_tests/2026-02-19_12-41-00_X615_Y315_Z80_y_XYZ_tool_plastic_tip_no_lock_fs_20000.WDH,raw,9601172,82f8a74f3477579ba6008eaa4675a012578ac8a8309625de835149a6d1062848,2026-02-19T11:44:50Z,,2026-02-19_001_tap_tests,2026-02-19T12:41:00,y,615,315,80,,,,,,,,,20000,XYZ_tool_plastic_tip_no_lock
tap-tests,Machine FRF and stability/Tap tests/2026-02-19_001_tap_tests/2026-02-19_12-44-00_X315_Y315_Z60_x_XYZ_tool_plastic_tip_no_lock_fs_20000.csv,derived,560134,4208be8ce8456fb5d832f8d808611ce0fd8edbedc26897ac92c290d2d38d8dec,2026-03-20T11:02:53Z,,2026-02-19_001_tap_tests,2026-02-19T12:44:00,x,315,315,60,,,,,,,,,20000,XYZ_tool_plastic_tip_no_lock
tap-tests,Machine FRF and stability/Tap tests/2026-02-19_001_tap_tests/2026-02-19_12-44-00_X315_Y315_Z60_x_XYZ_tool_plastic_tip_no_lock_fs_20000.WDH,raw,9601172,64b3cf7d24693ece2f92eb9cfb9e14a4f099634074293deee0447e364540474d,2026-02-19T11:46:05Z,,2026-02-19_001_tap_tests,2026-02-19T12:44:00,x,315,315,60,,,,,,,,,20000,XYZ_tool_plastic_tip_no_lock
tap-tests,Machine FRF and stability/Tap tests/2026-02-19_001_tap_tests/2026-02-19_12-46-00_X315_Y315_Z60_y_XYZ_tool_plastic_tip_no_lock_fs_20000.csv,derived,560134,a288da48b1a566fe40bdc8f3a173d309d3cec496c3134ab796dc3d9d3c791be1,2026-03-20T11:05:07Z,,2026-02-19_001_tap_tests,2026-02-19T12:46:00,y,315,315,60,,,,,,,,,20000,XYZ_tool_plastic_tip_no_lock
tap-tests,Machine FRF and stability/Tap tests/2026-02-19_001_tap_tests/2026-02-19_12-46-00_X315_Y315_Z60_y_XYZ_tool_plastic_tip_no_lock_fs_20000.WDH,raw,9601172,59d7b77bcabce7146a8b413ab9c1e9d399780b358570a6406768e7765740a004,2026-02-19T11:47:27Z,,2026-02-19_001_tap_tests,2026-02-19T12:46:00,y,315,315,60,,,,,,,,,20000,XYZ_tool_plastic_tip_no_lock
tap-tests,Machine FRF and stability/Tap tests/2026-02-19_001_tap_tests/2026-02-19_12-47-00_X500_Y315_Z60_x_XYZ_tool_plastic_tip_no_lock_fs_20000.WDH,raw,9601172,3c0a3d8b1295910e7b17803dc58403dbf609221b182d69fa36ccd3e5409c9d2a,2026-02-19T11:48:35Z,,2026-02-19_001_tap_tests,2026-02-19T12:47:00,x,500,315,60,,,,,,,,,20000,XYZ_tool_plastic_tip_no_lock
tap-tests,Machine FRF and stability/Tap tests/2026-02-19_001_tap_tests/2026-02-19_12-48-00_X500_Y315_Z60_y_XYZ_tool_plastic_tip_no_lock_fs_20000.WDH,raw,9601172,6201de531b779324f810672769643f153797d9a7ef5a48021ab18d2b90609a0e,2026-02-19T11:50:10Z,,2026-02-19_001_tap_tests,2026-02-19T12:48:00,y,500,315,60,,,,,,,,,20000,XYZ_tool_plastic_tip_no_lock
tap-tests,Machine FRF and stability/Tap tests/2026-02-19_001_tap_tests/2026-02-19_12-50-00_X500_Y100_Z60_x_XYZ_tool_plastic_tip_no_lock_fs_20000.WDH,raw,9601172,0d62df3d8d4652aeb9ccee7cc3b9909602520e1d0f1a5a9d5de2052d6358a4dc,2026-02-19T11:51:37Z,,2026-02-19_001_tap_tests,2026-02-19T12:50:00,x,500,100,60,,,,,,,,,20000,XYZ_tool_plastic_tip_no_lock
tap-tests,Machine FRF and stability/Tap tests/2026-02-19_001_tap_tests/2026-02-19_12-52-00_X500_Y100_Z60_y_XYZ_tool_plastic_tip_no_lock_fs_20000.WDH,raw,9601172,602616bf97a342fb258320e2f296b840b615858c69bda20ea2aee8c4b4548e92,2026-02-19T11:53:10Z,,2026-02-19_001_tap_tests,2026-02-19T12:52:00,y,500,100,60,,,,,,,,,20000,XYZ_tool_plastic_tip_no_lock
tap-tests,Machine FRF and stability/Tap tests/2026-02-19_001_tap_tests/2026-02-19_12-54-00_X315_Y100_Z60_x_XYZ_tool_plastic_tip_no_lock_fs_20000.WDH,raw,9601172,4323e7825389846bb5d00ce4c2bdcd07a2148e6c84c857dcd77db8933cfb2da5,2026-02-19T11:54:50Z,,2026-02-19_001_tap_tests,2026-02-19T12:54:00,x,315,100,60,,,,,,,,,20000,XYZ_tool_plastic_tip_no_lock
tap-tests,Machine FRF and stability/Tap tests/2026-02-19_001_tap_tests/2026-02-19_12-56-00_X315_Y100_Z60_y_XYZ_tool_plastic_tip_no_lock_fs_20000.WDH,raw,9601172,f862934be13b564cd1ff9bab3722bcd9d90f1b8f72184ef23b0f73873c3ac5f6,2026-02-19T11:56:03Z,,2026-02-19_001_tap_tests,2026-02-19T12:56:00,y,315,100,60,,,,,,,,,20000,XYZ_tool_plastic_tip_no_lock
tap-tests,Machine FRF and stability/Tap tests/2026-02-19_001_tap_tests/20260422_132314_frf_2026_02_19_12_44_00_x315_y315_z60_x_xyz_tool_plastic_tip_no_lock_fs_20000/analysis.json,derived,2283,5db7eef9bcdf113ae9cbd6cfbd2464a1584f2b54d9a388aa7507f143fb6bf096,2026-04-22T11:23:22Z,,2026-02-19_001_tap_tests,,,,,,,,,,,,,,,analysis
tap-tests,Machine FRF and stability/Tap tests/2026-02-19_001_tap_tests/20260422_144927_frf_analysis/analysis.json,derived,2145,886133c957752bfa7ebb6e4aa19d65131ba632d5612d258b21a0acd64634fb97,2026-04-22T12:49:34Z,,2026-02-19_001_tap_tests,,,,,,,,,,,,,,,analysis
tap-tests,Machine FRF and stability/Tap tests/2026-02-19_001_tap_tests/20260422_144927_frf_analysis/results/figures/bode_acceleration_force.png,derived,202580,5b1b7192830e4a2d728c27942163051b0304482ac44d086410540b91be1b5f1c,2026-04-22T12:49:35Z,,2026-02-19_001_tap_tests,,,,,,,,,,,,,,,bode_acceleration_force
tap-tests,Machine FRF and stability/Tap tests/2026-02-19_001_tap_tests/20260422_144927_frf_analysis/results/figures/bode_displacement_force.png,derived,168694,005792055ef178fd6d55427fc9ff29181f95228fd228d43d5ccec40890a56024,2026-04-22T12:49:34Z,,2026-02-19_001_tap_tests,,,,,,,,,,,,,,,bode_displacement_force
tap-tests,Machine FRF and stability/Tap tests/2026-02-19_001_tap_tests/20260422_144927_frf_analysis/results/logs/export_log.json,derived,2306,69e6e7efe2830b1cb262c888158bd8df5ddaa34d8292dba23d135aff1839c00c,2026-04-22T12:49:35Z,,2026-02-19_001_tap_tests,,,,,,,,,,,,,,,export_log
tap-tests,Machine FRF and stability/Tap tests/2026-02-19_001_tap_tests/20260422_144927_frf_analysis/results/tables/frf_x_accelerance.csv,derived,103691,57098d9df77cf334a90273f5c7f25056a0e0dba672ff362a086614b96b65a05a,2026-04-22T12:49:35Z,,2026-02-19_001_tap_tests,,,,,,,,,,,,,,,frf_x_accelerance
tap-tests,Machine FRF and stability/Tap tests/2026-02-19_001_tap_tests/20260422_144927_frf_analysis/results/tables/frf_x_compliance.csv,derived,118782,9b0fbbc958683e58707a428ec616a83c3adaeea3711e195bdf34dde2c3c2363e,2026-04-22T12:49:35Z,,2026-02-19_001_tap_tests,,,,,,,,,,,,,,,frf_x_compliance
tap-tests,Machine FRF and stability/Tap tests/2026-02-19_001_tap_tests/20260422_144927_frf_analysis/results/tables/frf_y_accelerance.csv,derived,104357,9752e0157adc6c7d6107f8a5c76594dd41767e2663165a50e0703c74951cf56c,2026-04-22T12:49:35Z,,2026-02-19_001_tap_tests,,,,,,,,,,,,,,,frf_y_accelerance
tap-tests,Machine FRF and stability/Tap tests/2026-02-19_001_tap_tests/20260422_144927_frf_analysis/results/tables/frf_y_compliance.csv,derived,119115,25b1f906112b0566de69338da8d312e2522a914c58d682b65cdbf15ac7f43079,2026-04-22T12:49:35Z,,2026-02-19_001_tap_tests,,,,,,,,,,,,,,,frf_y_compliance
tap-tests,Machine FRF and stability/Tap tests/2026-02-19_001_tap_tests/Notes.txt,other,168,837b7b0db733b35e504017226316a6d9a638cf1c7a1f6917546418dcb6a94261,2026-02-19T11:15:26Z,,2026-02-19_001_tap_tests,,,,,,,,,,,,,,,Notes
tap-tests,Machine FRF and stability/Tap tests/2026-04-17_001_tap_tests_flexible_suspension/2026-04-17_11-28-00_X315_Y315_Z60_x_XYZ_tool_plastic_tip_no_lock_fs_20000.csv,derived,560134,5fbe0f0a0bcfbcb4e38e9e2a5456c5d3a37cb6593321326775296fdc724fcf7e,2026-04-22T11:39:25Z,,2026-04-17_001_tap_tests_flexible_suspension,2026-04-17T11:28:00,x,315,315,60,,,,,,,,,20000,XYZ_tool_plastic_tip_no_lock
tap-tests,Machine FRF and stability/Tap tests/2026-04-17_001_tap_tests_flexible_suspension/2026-04-17_11-28-00_X315_Y315_Z60_x_XYZ_tool_plastic_tip_no_lock_fs_20000.WDH,raw,9601172,ae78d67f982d5541f43dcc19d2886a45e2adc733c4990e70d12f8b608ca97ea6,2026-04-17T09:34:25Z,,2026-04-17_001_tap_tests_flexible_suspension,2026-04-17T11:28:00,x,315,315,60,,,,,,,,,20000,XYZ_tool_plastic_tip_no_lock
tap-tests,Machine FRF and stability/Tap tests/2026-04-17_001_tap_tests_flexible_suspension/2026-04-17_11-42-00_X500-Y315_Z60_x_XYZ_tool_plastic_tip_no_lock_fs_20000.csv,derived,560134,4b6b7053db3858a25c7a6dca165953cf89c93aa286d93aa16e453edd5e8222fe,2026-04-22T11:52:36Z,,2026-04-17_001_tap_tests_flexible_suspension,2026-04-17T11:42:00,x,500,315,60,,,,,,,,,20000,XYZ_tool_plastic_tip_no_lock
tap-tests,Machine FRF and stability/Tap tests/2026-04-17_001_tap_tests_flexible_suspension/2026-04-17_11-42-00_X500-Y315_Z60_x_XYZ_tool_plastic_tip_no_lock_fs_20000.WDH,raw,9601196,b5ba9831bb04f54af455e1e42f8c49d3b8d8cb70fe63ea90248b877399b35e3b,2026-04-17T09:43:39Z,,2026-04-17_001_tap_tests_flexible_suspension,2026-04-17T11:42:00,x,500,315,60,,,,,,,,,20000,XYZ_tool_plastic_tip_no_lock
tap-tests,Machine FRF and stability/Tap tests/2026-04-17_001_tap_tests_flexible_suspension/2026-04-17_11-46-00_X500_Y100_Z60_x_XYZ_tool_plastic_tip_no_lock_fs_20000.WDH,raw,9601172,47380146effc9ad3e0f138bba0fe807ce28f6f0a5e614b7855e666ee17dd0822,2026-04-17T09:47:00Z,,2026-04-17_001_tap_tests_flexible_suspension,2026-04-17T11:46:00,x,500,100,60,,,,,,,,,20000,XYZ_tool_plastic_tip_no_lock
tap-tests,Machine FRF and stability/Tap tests/2026-04-17_001_tap_tests_flexible_suspension/2026-04-17_11-50-00_X315_Y100_Z60_x_XYZ_tool_plastic_tip_no_lock_fs_20000.WDH,raw,9601172,67f906ffe6f564b29de47ebd5f98590bade9af916a1d93ccf524df2964cdc674,2026-04-17T09:51:31Z,,2026-04-17_001_tap_tests_flexible_suspension,2026-04-17T11:50:00,x,315,100,60,,,,,,,,,20000,XYZ_tool_plastic_tip_no_lock
tap-tests,Machine FRF and stability/Tap tests/2026-04-17_001_tap_tests_flexible_suspension/20260422_134202_frf_2026_02_19_12_44_00_x315_y315_z60_x_xyz_tool_plastic_tip_no_lock_fs_20000/analysis.json,derived,2303,7176007402eaaa4f9ebefa0dd0f99f38d9de43413750bc5099462f5b3c8b0dd2,2026-04-22T11:42:08Z,,2026-04-17_001_tap_tests_flexible_suspension,,,,,,,,,,,,,,,analysis
tap-tests,Machine FRF and stability/Tap tests/2026-04-17_001_tap_tests_flexible_suspension/Notes.txt,other,191,8e591903aad802628c6f3d691d7dc2e99e6572782e4d51c90ff86d59db95e04c,2026-04-17T09:33:05Z,,2026-04-17_001_tap_tests_flexible_suspension,,,,,,,,,,,,,,,Notes
tap-tests,Machine FRF and stability/Tap tests/2026-04-24_001_tap_tests_flexible_suspension_reciprocating/2026-04-24_15-01-00_X315_Y315_Z60_x_XYZ_tool_plastic_tip_no_lock_fs_20000.CSV,export,560134,5eb6b8efcd7c810bcc5c704ae08202c1f496aca96de20afc33f746b4cc807a25,2026-04-24T13:02:24Z,,2026-04-24_001_tap_tests_flexible_suspension_reciprocating,2026-04-24T15:01:00,x,315,315,60,,,,,,,,,20000,XYZ_tool_plastic_tip_no_lock
tap-tests,Machine FRF and stability/Tap tests/2026-04-24_001_tap_tests_flexible_suspension_reciprocating/2026-04-24_15-01-00_X315_Y315_Z60_x_XYZ_tool_plastic_tip_no_lock_fs_20000.WDH,raw,9601172,1cce2e20dc8acc0c964373cf021f340eb5e2047a5b6705d4d8543861f98968a9,2026-04-24T12:59:46Z,,2026-04-24_001_tap_tests_flexible_suspension_reciprocating,2026-04-24T15:01:00,x,315,315,60,,,,,,,,,20000,XYZ_tool_plastic_tip_no_lock
tap-tests,Machine FRF and stability/Tap tests/2026-04-24_001_tap_tests_flexible_suspension_reciprocating/2026-04-24_15-01-00_X315_Y315_Z60_x_XYZ_tool_plastic_tip_no_lock_fs_20000_2.CSV,export,560134,896494ac407a3aa839f57016dacb26c85e2022611b9672af151547e545cc0ca1,2026-04-24T13:37:35Z,,2026-04-24_001_tap_tests_flexible_suspension_reciprocating,2026-04-24T15:01:00,x,315,315,60,,,,,,,,,20000,XYZ_tool_plastic_tip_no_lock_2
tap-tests,Machine FRF and stability/Tap tests/2026-04-24_001_tap_tests_flexible_suspension_reciprocating/2026-04-24_15-01-00_X315_Y315_Z60_x_XYZ_tool_plastic_tip_no_lock_fs_20000_3.CSV,export,560134,61272943e12bb2776d25af6ddf682ac46afa890724b01b7b808b48cf0004e36d,2026-04-24T13:39:46Z,,2026-04-24_001_tap_tests_flexible_suspension_reciprocating,2026-04-24T15:01:00,x,315,315,60,,,,,,,,,20000,XYZ_tool_plastic_tip_no_lock_3
tap-tests,Machine FRF and stability/Tap tests/2026-04-24_001_tap_tests_flexible_suspension_reciprocating/2026-04-24_15-44-00_X315_Y315_Z60_x_XYZ_tool_plastic_tip_no_lock_fs_20000_hard_tap.WDH,raw,7091348,8f19490b45bcb9a50a24b368be83a782c0354da33f0e41e4592335518fdcb897,2026-04-24T13:46:17Z,,2026-04-24_001_tap_tests_flexible_suspension_reciprocating,2026-04-24T15:44:00,x,315,315,60,,,,,,,,,20000,XYZ_tool_plastic_tip_no_lock_hard_tap
tap-tests,Machine FRF and stability/Tap tests/2026-04-24_001_tap_tests_flexible_suspension_reciprocating/Notes.txt,other,191,8e591903aad802628c6f3d691d7dc2e99e6572782e4d51c90ff86d59db95e04c,2026-04-17T09:33:05Z,,2026-04-24_001_tap_tests_flexible_suspension_reciprocating,,,,,,,,,,,,,,,Notes
tap-tests,Machine FRF and stability/Tap tests/2026-05-07_001_tap_tests_stepper/2026-05-07_09-28-00_X315_Y315_Z60_x_XYZ_tool_plastic_tip_no_lock_fs_20000.WDH,raw,9601172,c8d88a95dd2b48c82393d0b57041413d9f7893c5083c724c09c72e4ca9b0d1da,2026-05-07T07:30:01Z,,2026-05-07_001_tap_tests_stepper,2026-05-07T09:28:00,x,315,315,60,,,,,,,,,20000,XYZ_tool_plastic_tip_no_lock
tap-tests,Machine FRF and stability/Tap tests/2026-05-07_001_tap_tests_stepper/2026-05-07_09-28-00_X315_Y315_Z60_x_XYZ_tool_plastic_tip_no_lock_fs_20000_tap10.CSV,export,560134,e59e993bb84527130a71ef4d1b92d67927263c65f7a427c066915440243615e1,2026-05-12T09:22:25Z,,2026-05-07_001_tap_tests_stepper,2026-05-07T09:28:00,x,315,315,60,,,,,,,,10,20000,XYZ_tool_plastic_tip_no_lock
tap-tests,Machine FRF and stability/Tap tests/2026-05-07_001_tap_tests_stepper/2026-05-07_09-28-00_X315_Y315_Z60_x_XYZ_tool_plastic_tip_no_lock_fs_20000_tap11.CSV,export,560134,ac19f75c4cfce1a2c5ff5b6c706841dbfab0d3bbe05a7a849bc12084934af7a1,2026-05-12T09:23:37Z,,2026-05-07_001_tap_tests_stepper,2026-05-07T09:28:00,x,315,315,60,,,,,,,,11,20000,XYZ_tool_plastic_tip_no_lock
tap-tests,Machine FRF and stability/Tap tests/2026-05-07_001_tap_tests_stepper/2026-05-07_09-28-00_X315_Y315_Z60_x_XYZ_tool_plastic_tip_no_lock_fs_20000_tap13.CSV,export,560134,1dd9a8b64157a76af10fbb418f49688b7cfe82f36a3bbae6577921a14ff20ecf,2026-05-12T09:25:31Z,,2026-05-07_001_tap_tests_stepper,2026-05-07T09:28:00,x,315,315,60,,,,,,,,13,20000,XYZ_tool_plastic_tip_no_lock
tap-tests,Machine FRF and stability/Tap tests/2026-05-07_001_tap_tests_stepper/2026-05-07_09-28-00_X315_Y315_Z60_x_XYZ_tool_plastic_tip_no_lock_fs_20000_tap15.CSV,export,560134,415f249dd1e4eb9cb99df8a7d38f7f701ddfd5c6d77fae671c491eb883766700,2026-05-12T09:26:33Z,,2026-05-07_001_tap_tests_stepper,2026-05-07T09:28:00,x,315,315,60,,,,,,,,15,20000,XYZ_tool_plastic_tip_no_lock
tap-tests,Machine FRF and stability/Tap tests/2026-05-07_001_tap_tests_stepper/2026-05-07_09-28-00_X315_Y315_Z60_x_XYZ_tool_plastic_tip_no_lock_fs_20000_tap17.CSV,export,560134,beabe916b1b1df1442e56371cc6e25bc72a37ea5c539bf0c6afb5307b2c04218,2026-05-12T09:27:37Z,,2026-05-07_001_tap_tests_stepper,2026-05-07T09:28:00,x,315,315,60,,,,,,,,17,20000,XYZ_tool_plastic_tip_no_lock
tap-tests,Machine FRF and stability/Tap tests/2026-05-07_001_tap_tests_stepper/2026-05-07_09-28-00_X315_Y315_Z60_x_XYZ_tool_plastic_tip_no_lock_fs_20000_tap18.CSV,export,560134,ef505092923683abe39ad55491b272ce1cd0d7e90028ff2fd7d3b0f7fb1e45f8,2026-05-12T09:28:45Z,,2026-05-07_001_tap_tests_stepper,2026-05-07T09:28:00,x,315,315,60,,,,,,,,18,20000,XYZ_tool_plastic_tip_no_lock
tap-tests,Machine FRF and stability/Tap tests/2026-05-07_001_tap_tests_stepper/2026-05-07_09-28-00_X315_Y315_Z60_x_XYZ_tool_plastic_tip_no_lock_fs_20000_tap3.CSV,export,560134,0913825067d17d15094911e1df205f91f6f62c5a4b03965f013fb6f94b3b0107,2026-05-12T09:13:10Z,,2026-05-07_001_tap_tests_stepper,2026-05-07T09:28:00,x,315,315,60,,,,,,,,3,20000,XYZ_tool_plastic_tip_no_lock
tap-tests,Machine FRF and stability/Tap tests/2026-05-07_001_tap_tests_stepper/2026-05-07_09-28-00_X315_Y315_Z60_x_XYZ_tool_plastic_tip_no_lock_fs_20000_tap4.CSV,export,560134,78c91e2b3a237b6b56d23b4a7308d336bff0c9d34980397d09dd1cbf6cff5923,2026-05-12T09:16:07Z,,2026-05-07_001_tap_tests_stepper,2026-05-07T09:28:00,x,315,315,60,,,,,,,,4,20000,XYZ_tool_plastic_tip_no_lock
tap-tests,Machine FRF and stability/Tap tests/2026-05-07_001_tap_tests_stepper/2026-05-07_09-28-00_X315_Y315_Z60_x_XYZ_tool_plastic_tip_no_lock_fs_20000_tap5.CSV,export,560134,327c25e61853451a7f306221f58274c0848ae874a04999192dcb48860e62ed48,2026-05-12T09:17:38Z,,2026-05-07_001_tap_tests_stepper,2026-05-07T09:28:00,x,315,315,60,,,,,,,,5,20000,XYZ_tool_plastic_tip_no_lock
tap-tests,Machine FRF and stability/Tap tests/2026-05-07_001_tap_tests_stepper/2026-05-07_09-28-00_X315_Y315_Z60_x_XYZ_tool_plastic_tip_no_lock_fs_20000_tap6.CSV,export,560134,7526a60762e6061a5051b63202ec046d54bece955aa9f4aa2bf22a48924e69af,2026-05-12T09:18:35Z,,2026-05-07_001_tap_tests_stepper,2026-05-07T09:28:00,x,315,315,60,,,,,,,,6,20000,XYZ_tool_plastic_tip_no_lock
tap-tests,Machine FRF and stability/Tap tests/2026-05-07_001_tap_tests_stepper/2026-05-07_09-28-00_X500_Y315_Z60_x_XYZ_tool_plastic_tip_no_lock_fs_20000.WDH,raw,9601172,8038a83e559d5a3151a3a5566dd637346d5470ab28c431325b93a4502b3087c0,2026-05-07T07:32:42Z,,2026-05-07_001_tap_tests_stepper,2026-05-07T09:28:00,x,500,315,60,,,,,,,,,20000,XYZ_tool_plastic_tip_no_lock
tap-tests,Machine FRF and stability/Tap tests/2026-05-07_001_tap_tests_stepper/2026-05-07_09-42-00_X500_Y100_Z60_x_XYZ_tool_plastic_tip_no_lock_fs_20000.WDH,raw,9601172,e08316851485362977b9c830a1768a86d4d5c049be02eeafd0500e3f523c99d8,2026-05-07T07:42:58Z,,2026-05-07_001_tap_tests_stepper,2026-05-07T09:42:00,x,500,100,60,,,,,,,,,20000,XYZ_tool_plastic_tip_no_lock
tap-tests,Machine FRF and stability/Tap tests/2026-05-07_001_tap_tests_stepper/2026-05-07_09-44-00_X315_Y100_Z60_x_XYZ_tool_plastic_tip_no_lock_fs_20000.WDH,raw,9601172,eacfd8a27db479552f4407501bfca938bbde2c118f8f53f8738bfa9336903058,2026-05-07T07:45:01Z,,2026-05-07_001_tap_tests_stepper,2026-05-07T09:44:00,x,315,100,60,,,,,,,,,20000,XYZ_tool_plastic_tip_no_lock
tap-tests,Machine FRF and stability/Tap tests/2026-05-07_001_tap_tests_stepper/2026-05-07_09-54-00_X315_Y100_Z60_x_XYZ_tool_plastic_tip_no_lock_fs_20000_reciprocating.WDH,raw,9601172,5a9dcd00e3d5529ad41968b811c9ea5f0eb98a63328e38586525b92e55859f60,2026-05-07T07:55:36Z,,2026-05-07_001_tap_tests_stepper,2026-05-07T09:54:00,x,315,100,60,,,,,,,,,20000,XYZ_tool_plastic_tip_no_lock_reciprocating
tap-tests,Machine FRF and stability/Tap tests/2026-05-07_001_tap_tests_stepper/2026-05-07_09-56-00_X315_Y315_Z60_x_XYZ_tool_plastic_tip_no_lock_fs_20000_reciprocating.WDH,raw,9601172,b24463faf478e0ebcddf41528a71daf05f9409eaa21bcb4bdf7d99372da725ad,2026-05-07T07:57:40Z,,2026-05-07_001_tap_tests_stepper,2026-05-07T09:56:00,x,315,315,60,,,,,,,,,20000,XYZ_tool_plastic_tip_no_lock_reciprocating
tap-tests,Machine FRF and stability/Tap tests/2026-05-07_001_tap_tests_stepper/2026-05-07_09-56-00_X315_Y315_Z60_x_XYZ_tool_plastic_tip_no_lock_fs_20000_reciprocating_tap1.CSV,export,560134,2df0ec7228695091615a78c73d8560a3d10bd45a73286cb825976ba015ec5b5a,2026-05-12T09:30:55Z,,2026-05-07_001_tap_tests_stepper,2026-05-07T09:56:00,x,315,315,60,,,,,,,,1,20000,XYZ_tool_plastic_tip_no_lock_reciprocating
tap-tests,Machine FRF and stability/Tap tests/2026-05-07_001_tap_tests_stepper/2026-05-07_09-56-00_X315_Y315_Z60_x_XYZ_tool_plastic_tip_no_lock_fs_20000_reciprocating_tap10.CSV,export,560134,ccbfc837ae8ad60888cc54fec439db989fac46907c4666e94b96e6ab895064c6,2026-05-12T09:39:18Z,,2026-05-07_001_tap_tests_stepper,2026-05-07T09:56:00,x,315,315,60,,,,,,,,10,20000,XYZ_tool_plastic_tip_no_lock_reciprocating
tap-tests,Machine FRF and stability/Tap tests/2026-05-07_001_tap_tests_stepper/2026-05-07_09-56-00_X315_Y315_Z60_x_XYZ_tool_plastic_tip_no_lock_fs_20000_reciprocating_tap11.CSV,export,560134,9dd3d543339bbbef163eb6d5e4222b36fa1f7af6d9b9be59e82bcee28331ad02,2026-05-12T09:40:22Z,,2026-05-07_001_tap_tests_stepper,2026-05-07T09:56:00,x,315,315,60,,,,,,,,11,20000,XYZ_tool_plastic_tip_no_lock_reciprocating
tap-tests,Machine FRF and stability/Tap tests/2026-05-07_001_tap_tests_stepper/2026-05-07_09-56-00_X315_Y315_Z60_x_XYZ_tool_plastic_tip_no_lock_fs_20000_reciprocating_tap14.CSV,export,560134,0f7f836eac6e03ec86720250bc9b65664962df975aeeb858354db0a266c399bc,2026-05-12T09:41:51Z,,2026-05-07_001_tap_tests_stepper,2026-05-07T09:56:00,x,315,315,60,,,,,,,,14,20000,XYZ_tool_plastic_tip_no_lock_reciprocating
tap-tests,Machine FRF and stability/Tap tests/2026-05-07_001_tap_tests_stepper/2026-05-07_09-56-00_X315_Y315_Z60_x_XYZ_tool_plastic_tip_no_lock_fs_20000_reciprocating_tap16.CSV,export,560134,cf6cbe01da06572927f85c7b84baef60f33392a234f76acb824459e7382f5dac,2026-05-12T09:43:45Z,,2026-05-07_001_tap_tests_stepper,2026-05-07T09:56:00,x,315,315,60,,,,,,,,16,20000,XYZ_tool_plastic_tip_no_lock_reciprocating
tap-tests,Machine FRF and stability/Tap tests/2026-05-07_001_tap_tests_stepper/2026-05-07_09-56-00_X315_Y315_Z60_x_XYZ_tool_plastic_tip_no_lock_fs_20000_reciprocating_tap3.CSV,export,560134,a050cfa17f06e69219588fe95db8c94886b475aedc63073fca10189234624f37,2026-05-12T09:31:41Z,,2026-05-07_001_tap_tests_stepper,2026-05-07T09:56:00,x,315,315,60,,,,,,,,3,20000,XYZ_tool_plastic_tip_no_lock_reciprocating
tap-tests,Machine FRF and stability/Tap tests/2026-05-07_001_tap_tests_stepper/2026-05-07_09-56-00_X315_Y315_Z60_x_XYZ_tool_plastic_tip_no_lock_fs_20000_reciprocating_tap5.CSV,export,560134,250d30599675e7d5692989c76206e8bd497c2e835044063bf5fc2be66fa4d0bc,2026-05-12T09:33:27Z,,2026-05-07_001_tap_tests_stepper,2026-05-07T09:56:00,x,315,315,60,,,,,,,,5,20000,XYZ_tool_plastic_tip_no_lock_reciprocating
tap-tests,Machine FRF and stability/Tap tests/2026-05-07_001_tap_tests_stepper/2026-05-07_09-56-00_X315_Y315_Z60_x_XYZ_tool_plastic_tip_no_lock_fs_20000_reciprocating_tap6.CSV,export,560134,1a35a0456ce0619d6277db175aafa3755b7481bbaedb4f4d013c371b6280b8c0,2026-05-12T09:35:26Z,,2026-05-07_001_tap_tests_stepper,2026-05-07T09:56:00,x,315,315,60,,,,,,,,6,20000,XYZ_tool_plastic_tip_no_lock_reciprocating
tap-tests,Machine FRF and stability/Tap tests/2026-05-07_001_tap_tests_stepper/2026-05-07_09-56-00_X315_Y315_Z60_x_XYZ_tool_plastic_tip_no_lock_fs_20000_reciprocating_tap7.CSV,export,560134,b495fed969fac26ee8a14ae35500a7009da6df319630f21895d388700294fc69,2026-05-12T09:36:27Z,,2026-05-07_001_tap_tests_stepper,2026-05-07T09:56:00,x,315,315,60,,,,,,,,7,20000,XYZ_tool_plastic_tip_no_lock_reciprocating
tap-tests,Machine FRF and stability/Tap tests/2026-05-07_001_tap_tests_stepper/2026-05-07_09-56-00_X315_Y315_Z60_x_XYZ_tool_plastic_tip_no_lock_fs_20000_reciprocating_tap8.CSV,export,560134,0ead9899ee9ca3b330cc023e84f053b022ff33a6f4ac71f1a039f53fe90defca,2026-05-12T09:37:35Z,,2026-05-07_001_tap_tests_stepper,2026-05-07T09:56:00,x,315,315,60,,,,,,,,8,20000,XYZ_tool_plastic_tip_no_lock_reciprocating
tap-tests,Machine FRF and stability/Tap tests/2026-05-07_001_tap_tests_stepper/2026-05-07_09-59-00_X500_Y315_Z60_x_XYZ_tool_plastic_tip_no_lock_fs_20000_reciprocating.WDH,raw,9601172,23974d15c5279d892d3818178536a4509b9233280b22e06e1fc90fa896d00569,2026-05-07T08:00:47Z,,2026-05-07_001_tap_tests_stepper,2026-05-07T09:59:00,x,500,315,60,,,,,,,,,20000,XYZ_tool_plastic_tip_no_lock_reciprocating
tap-tests,Machine FRF and stability/Tap tests/2026-05-07_001_tap_tests_stepper/2026-05-07_10-03-00_X500_Y100_Z60_x_XYZ_tool_plastic_tip_no_lock_fs_20000_reciprocating.WDH,raw,9601172,164d9c10216b0abdee2c776b062893561844e9c702a851b15a1f6196eabe3128,2026-05-07T08:04:50Z,,2026-05-07_001_tap_tests_stepper,2026-05-07T10:03:00,x,500,100,60,,,,,,,,,20000,XYZ_tool_plastic_tip_no_lock_reciprocating
tap-tests,Machine FRF and stability/Tap tests/2026-05-07_001_tap_tests_stepper/2026-05-07_10-14-00_X315_Y315_Z60_x_XYZ_spindle_alu_tip_no_lock_fs_20000.CSV,export,560134,6f74851806587f981cf19446f627b48c4396d85c265f9e112e7d7ca319fa70cf,2026-05-07T08:26:20Z,,2026-05-07_001_tap_tests_stepper,2026-05-07T10:14:00,x,315,315,60,,,,,,,,,20000,XYZ_spindle_alu_tip_no_lock
tap-tests,Machine FRF and stability/Tap tests/2026-05-07_001_tap_tests_stepper/2026-05-07_10-14-00_X315_Y315_Z60_x_XYZ_spindle_alu_tip_no_lock_fs_20000.WDH,raw,9601172,c85e74bc90f998c7eb69489202d5e60e3945bd04cb3a6032362ee6a385f2d32c,2026-05-07T08:15:35Z,,2026-05-07_001_tap_tests_stepper,2026-05-07T10:14:00,x,315,315,60,,,,,,,,,20000,XYZ_spindle_alu_tip_no_lock
tap-tests,Machine FRF and stability/Tap tests/2026-05-07_001_tap_tests_stepper/2026-05-07_10-16-00_X315_Y315_Z60_x_XYZ_spindle_alu_tip_no_lock_fs_20000_reciprocating.CSV,export,560134,e9b07c0a82e353f80951736ac96d59a962f5a9a34d373962179321f94cc297bd,2026-05-07T08:19:56Z,,2026-05-07_001_tap_tests_stepper,2026-05-07T10:16:00,x,315,315,60,,,,,,,,,20000,XYZ_spindle_alu_tip_no_lock_reciprocating
tap-tests,Machine FRF and stability/Tap tests/2026-05-07_001_tap_tests_stepper/2026-05-07_10-16-00_X315_Y315_Z60_x_XYZ_spindle_alu_tip_no_lock_fs_20000_reciprocating.WDH,raw,9601172,dbc650589dd46da8521484743d31e8105aeca30acb54c019ba611da74b78fe1c,2026-05-07T08:17:41Z,,2026-05-07_001_tap_tests_stepper,2026-05-07T10:16:00,x,315,315,60,,,,,,,,,20000,XYZ_spindle_alu_tip_no_lock_reciprocating
tap-tests,Machine FRF and stability/Tap tests/2026-05-07_001_tap_tests_stepper/2026-05-07_10-16-00_X315_Y315_Z60_x_XYZ_spindle_alu_tip_no_lock_fs_20000_reciprocating_tap1.CSV,export,560134,037315aa6fdb6445940fa7c18591d6fba83327199fe99de2d52047911832c203,2026-05-12T09:45:16Z,,2026-05-07_001_tap_tests_stepper,2026-05-07T10:16:00,x,315,315,60,,,,,,,,1,20000,XYZ_spindle_alu_tip_no_lock_reciprocating
tap-tests,Machine FRF and stability/Tap tests/2026-05-07_001_tap_tests_stepper/2026-05-07_10-16-00_X315_Y315_Z60_x_XYZ_spindle_alu_tip_no_lock_fs_20000_reciprocating_tap11.CSV,export,560134,708f37325550c91537e6ed9d9142454856bc579f4c9ebb7489d00110603b9f60,2026-05-12T09:52:48Z,,2026-05-07_001_tap_tests_stepper,2026-05-07T10:16:00,x,315,315,60,,,,,,,,11,20000,XYZ_spindle_alu_tip_no_lock_reciprocating
tap-tests,Machine FRF and stability/Tap tests/2026-05-07_001_tap_tests_stepper/2026-05-07_10-16-00_X315_Y315_Z60_x_XYZ_spindle_alu_tip_no_lock_fs_20000_reciprocating_tap12.CSV,export,560134,2604e90cd8d7e551e0fb1895ef505a725582b1a353126ce820738f7b10014e4c,2026-05-12T09:53:48Z,,2026-05-07_001_tap_tests_stepper,2026-05-07T10:16:00,x,315,315,60,,,,,,,,12,20000,XYZ_spindle_alu_tip_no_lock_reciprocating
tap-tests,Machine FRF and stability/Tap tests/2026-05-07_001_tap_tests_stepper/2026-05-07_10-16-00_X315_Y315_Z60_x_XYZ_spindle_alu_tip_no_lock_fs_20000_reciprocating_tap13.CSV,export,560134,eb2c555dcb12913c5b2a30c40c9028b72fdd64173d33742c06e12155027cdaba,2026-05-12T09:54:50Z,,2026-05-07_001_tap_tests_stepper,2026-05-07T10:16:00,x,315,315,60,,,,,,,,13,20000,XYZ_spindle_alu_tip_no_lock_reciprocating
tap-tests,Machine FRF and stability/Tap tests/2026-05-07_001_tap_tests_stepper/2026-05-07_10-16-00_X315_Y315_Z60_x_XYZ_spindle_alu_tip_no_lock_fs_20000_reciprocating_tap2.CSV,export,560134,e664b6d2d065d405073d3508299d3867f83975e01b8c695947184185d93ad189,2026-05-12T09:46:04Z,,2026-05-07_001_tap_tests_stepper,2026-05-07T10:16:00,x,315,315,60,,,,,,,,2,20000,XYZ_spindle_alu_tip_no_lock_reciprocating
tap-tests,Machine FRF and stability/Tap tests/2026-05-07_001_tap_tests_stepper/2026-05-07_10-16-00_X315_Y315_Z60_x_XYZ_spindle_alu_tip_no_lock_fs_20000_reciprocating_tap3.CSV,export,560134,793b2827b2f9f78a8ef649aa6b0c10b980679e3917ced5371895741f8e58febf,2026-05-12T09:47:04Z,,2026-05-07_001_tap_tests_stepper,2026-05-07T10:16:00,x,315,315,60,,,,,,,,3,20000,XYZ_spindle_alu_tip_no_lock_reciprocating
tap-tests,Machine FRF and stability/Tap tests/2026-05-07_001_tap_tests_stepper/2026-05-07_10-16-00_X315_Y315_Z60_x_XYZ_spindle_alu_tip_no_lock_fs_20000_reciprocating_tap4.CSV,export,560134,e466a77eba5d6a3d3f9ae9b5fa75a69753de397bb67b381c680093d78c91ff5d,2026-05-12T09:48:09Z,,2026-05-07_001_tap_tests_stepper,2026-05-07T10:16:00,x,315,315,60,,,,,,,,4,20000,XYZ_spindle_alu_tip_no_lock_reciprocating
tap-tests,Machine FRF and stability/Tap tests/2026-05-07_001_tap_tests_stepper/2026-05-07_10-16-00_X315_Y315_Z60_x_XYZ_spindle_alu_tip_no_lock_fs_20000_reciprocating_tap5.CSV,export,560134,9110a471f6cd0afca38c87341ee930762ce9fcc3e2cd441ec375e12de465b9b2,2026-05-12T09:49:00Z,,2026-05-07_001_tap_tests_stepper,2026-05-07T10:16:00,x,315,315,60,,,,,,,,5,20000,XYZ_spindle_alu_tip_no_lock_reciprocating
tap-tests,Machine FRF and stability/Tap tests/2026-05-07_001_tap_tests_stepper/2026-05-07_10-16-00_X315_Y315_Z60_x_XYZ_spindle_alu_tip_no_lock_fs_20000_reciprocating_tap7.CSV,export,560134,003d6de8eee84c223a9d9a6e3e99d1ff1f0c1e6c1597ad61917a62703e20c08f,2026-05-12T09:50:06Z,,2026-05-07_001_tap_tests_stepper,2026-05-07T10:16:00,x,315,315,60,,,,,,,,7,20000,XYZ_spindle_alu_tip_no_lock_reciprocating
tap-tests,Machine FRF and stability/Tap tests/2026-05-07_001_tap_tests_stepper/2026-05-07_10-16-00_X315_Y315_Z60_x_XYZ_spindle_alu_tip_no_lock_fs_20000_reciprocating_tap8.CSV,export,560134,5ea97d5425025557954d46ea8153d365a99b45756e0e637ea06a295d129d282e,2026-05-12T09:50:58Z,,2026-05-07_001_tap_tests_stepper,2026-05-07T10:16:00,x,315,315,60,,,,,,,,8,20000,XYZ_spindle_alu_tip_no_lock_reciprocating
tap-tests,Machine FRF and stability/Tap tests/2026-05-07_001_tap_tests_stepper/2026-05-07_10-16-00_X315_Y315_Z60_x_XYZ_spindle_alu_tip_no_lock_fs_20000_reciprocating_tap9.CSV,export,560134,85bd4676688b25b761d7bd29cc1beed03a967b5796c8fba0c5298813fdbbe840,2026-05-12T09:51:49Z,,2026-05-07_001_tap_tests_stepper,2026-05-07T10:16:00,x,315,315,60,,,,,,,,9,20000,XYZ_spindle_alu_tip_no_lock_reciprocating
tap-tests,Machine FRF and stability/Tap tests/2026-05-07_001_tap_tests_stepper/spindle_stepper/analysis.json,derived,24979,52066f4dbcfaca58b8773aadaddea3b1c8294d90f36f876265b954c581d324fe,2026-05-20T09:40:27Z,,2026-05-07_001_tap_tests_stepper,,,,,,,,,,,,,,,analysis
tap-tests,Machine FRF and stability/Tap tests/2026-05-07_001_tap_tests_stepper/spindle_stepper/results/figures/fft/x/2026-05-07_10-16-00_x315_y315_z60_x_xyz_spindle_alu_tip_no_lock_fs_20000_reciprocating_tap1/fft_magnitude.png,derived,167166,7a82cd3f47d6d5233565a058cc1846dc5ed5fd5e2ef75f1f3ea2493ffb05ec15,2026-05-20T09:39:33Z,,2026-05-07_001_tap_tests_stepper,,,,,,,,,,,,,,,fft_magnitude
tap-tests,Machine FRF and stability/Tap tests/2026-05-07_001_tap_tests_stepper/spindle_stepper/results/figures/fft/x/2026-05-07_10-16-00_x315_y315_z60_x_xyz_spindle_alu_tip_no_lock_fs_20000_reciprocating_tap11/fft_magnitude.png,derived,154061,29c90db35072236b8e6cda8180f3dbbe89abf12d5ef512795229f89b7ed3cffc,2026-05-20T09:40:12Z,,2026-05-07_001_tap_tests_stepper,,,,,,,,,,,,,,,fft_magnitude
tap-tests,Machine FRF and stability/Tap tests/2026-05-07_001_tap_tests_stepper/spindle_stepper/results/figures/fft/x/2026-05-07_10-16-00_x315_y315_z60_x_xyz_spindle_alu_tip_no_lock_fs_20000_reciprocating_tap12/fft_magnitude.png,derived,164593,3d8ff0d4c1ef7bb6b97cac16311bc988c6aa6923cf7bea866795379e42bb2a0a,2026-05-20T09:40:17Z,,2026-05-07_001_tap_tests_stepper,,,,,,,,,,,,,,,fft_magnitude
tap-tests,Machine FRF and stability/Tap tests/2026-05-07_001_tap_tests_stepper/spindle_stepper/results/figures/fft/x/2026-05-07_10-16-00_x315_y315_z60_x_xyz_spindle_alu_tip_no_lock_fs_20000_reciprocating_tap13/fft_magnitude.png,derived,165543,d64f5988474475b52046974d68c584606eeee52db6644d1344565285a0b7b0aa,2026-05-20T09:40:22Z,,2026-05-07_001_tap_tests_stepper,,,,,,,,,,,,,,,fft_magnitude
tap-tests,Machine FRF and stability/Tap tests/2026-05-07_001_tap_tests_stepper/spindle_stepper/results/figures/fft/x/2026-05-07_10-16-00_x315_y315_z60_x_xyz_spindle_alu_tip_no_lock_fs_20000_reciprocating_tap2/fft_magnitude.png,derived,167443,33ba993d280ff01a0068e76a5287a8b3dd80616f0ddbd93d57ab1f4a28b70977,2026-05-20T09:39:37Z,,2026-05-07_001_tap_tests_stepper,,,,,,,,,,,,,,,fft_magnitude
tap-tests,Machine FRF and stability/Tap tests/2026-05-07_001_tap_tests_stepper/spindle_stepper/results/figures/fft/x/2026-05-07_10-16-00_x315_y315_z60_x_xyz_spindle_alu_tip_no_lock_fs_20000_reciprocating_tap3/fft_magnitude.png,derived,168653,9fc5d8d2a8c330c8534cae0a5453cfcd1974620473657c9d4b5e36b54a8b1873,2026-05-20T09:39:42Z,,2026-05-07_001_tap_tests_stepper,,,,,,,,,,,,,,,fft_magnitude
tap-tests,Machine FRF and stability/Tap tests/2026-05-07_001_tap_tests_stepper/spindle_stepper/results/figures/fft/x/2026-05-07_10-16-00_x315_y315_z60_x_xyz_spindle_alu_tip_no_lock_fs_20000_reciprocating_tap4/fft_magnitude.png,derived,188431,2c38bb5125d5c35d3a836ed41db0ecee27ee96788eae54cbd046f00778e79500,2026-05-20T09:39:47Z,,2026-05-07_001_tap_tests_stepper,,,,,,,,,,,,,,,fft_magnitude
tap-tests,Machine FRF and stability/Tap tests/2026-05-07_001_tap_tests_stepper/spindle_stepper/results/figures/fft/x/2026-05-07_10-16-00_x315_y315_z60_x_xyz_spindle_alu_tip_no_lock_fs_20000_reciprocating_tap5/fft_magnitude.png,derived,164928,da95148f7de77b9accb8486efc5c590974fbe367807675e6aa7ab9aa8fda961d,2026-05-20T09:39:52Z,,2026-05-07_001_tap_tests_stepper,,,,,,,,,,,,,,,fft_magnitude
tap-tests,Machine FRF and stability/Tap tests/2026-05-07_001_tap_tests_stepper/spindle_stepper/results/figures/fft/x/2026-05-07_10-16-00_x315_y315_z60_x_xyz_spindle_alu_tip_no_lock_fs_20000_reciprocating_tap7/fft_magnitude.png,derived,166244,1775ef613cbcd2e1a33aa32244382a327d7996d4d96fe6ca223dd7e8f5508462,2026-05-20T09:39:57Z,,2026-05-07_001_tap_tests_stepper,,,,,,,,,,,,,,,fft_magnitude
tap-tests,Machine FRF and stability/Tap tests/2026-05-07_001_tap_tests_stepper/spindle_stepper/results/figures/fft/x/2026-05-07_10-16-00_x315_y315_z60_x_xyz_spindle_alu_tip_no_lock_fs_20000_reciprocating_tap8/fft_magnitude.png,derived,162859,e2135e75c8239f52cb23116bf0b624e653c9d9d9f7d7a653ecba10fbde9abf87,2026-05-20T09:40:02Z,,2026-05-07_001_tap_tests_stepper,,,,,,,,,,,,,,,fft_magnitude
tap-tests,Machine FRF and stability/Tap tests/2026-05-07_001_tap_tests_stepper/spindle_stepper/results/figures/fft/x/2026-05-07_10-16-00_x315_y315_z60_x_xyz_spindle_alu_tip_no_lock_fs_20000_reciprocating_tap9/fft_magnitude.png,derived,172523,77823d54ceb3d24f0d7bca51db62dbf3b8de3f7b52890897d6b87ab5d037d261,2026-05-20T09:40:07Z,,2026-05-07_001_tap_tests_stepper,,,,,,,,,,,,,,,fft_magnitude
tap-tests,Machine FRF and stability/Tap tests/2026-05-07_001_tap_tests_stepper/spindle_stepper/results/figures/fft/x/average/fft_magnitude.png,derived,163474,9c80ad7800abb7307d4f7a627d7eded67b054b958d812c44affc23d4880e0912,2026-05-20T09:40:27Z,,2026-05-07_001_tap_tests_stepper,,,,,,,,,,,,,,,fft_magnitude
tap-tests,Machine FRF and stability/Tap tests/2026-05-07_001_tap_tests_stepper/spindle_stepper/results/figures/frequency/x/2026-05-07_10-16-00_x315_y315_z60_x_xyz_spindle_alu_tip_no_lock_fs_20000_reciprocating_tap1/bode_acceleration_force.png,derived,104282,05996fd8518deef6e923bec1167c95d764e23dd3a6a276f524685f1fe371483c,2026-05-20T09:39:31Z,,2026-05-07_001_tap_tests_stepper,,,,,,,,,,,,,,,bode_acceleration_force
tap-tests,Machine FRF and stability/Tap tests/2026-05-07_001_tap_tests_stepper/spindle_stepper/results/figures/frequency/x/2026-05-07_10-16-00_x315_y315_z60_x_xyz_spindle_alu_tip_no_lock_fs_20000_reciprocating_tap1/bode_displacement_force.png,derived,106711,ce0ced5cba10e1d270198d9733017b4f640e4ed4ae0416d05b721eb729049736,2026-05-20T09:39:31Z,,2026-05-07_001_tap_tests_stepper,,,,,,,,,,,,,,,bode_displacement_force
tap-tests,Machine FRF and stability/Tap tests/2026-05-07_001_tap_tests_stepper/spindle_stepper/results/figures/frequency/x/2026-05-07_10-16-00_x315_y315_z60_x_xyz_spindle_alu_tip_no_lock_fs_20000_reciprocating_tap1/coherence.png,derived,52344,9b7c6678ca145ff18e6a0e73cdb78fe3708a4ff98874bc7b01c07c68499399f1,2026-05-20T09:39:30Z,,2026-05-07_001_tap_tests_stepper,,,,,,,,,,,,,,,coherence
tap-tests,Machine FRF and stability/Tap tests/2026-05-07_001_tap_tests_stepper/spindle_stepper/results/figures/frequency/x/2026-05-07_10-16-00_x315_y315_z60_x_xyz_spindle_alu_tip_no_lock_fs_20000_reciprocating_tap1/force_psd.png,derived,70195,e94eb88f196770b97b62494032f4c6ea37b8aee9ce84d801e2a7909f23fd61f0,2026-05-20T09:39:32Z,,2026-05-07_001_tap_tests_stepper,,,,,,,,,,,,,,,force_psd
tap-tests,Machine FRF and stability/Tap tests/2026-05-07_001_tap_tests_stepper/spindle_stepper/results/figures/frequency/x/2026-05-07_10-16-00_x315_y315_z60_x_xyz_spindle_alu_tip_no_lock_fs_20000_reciprocating_tap11/bode_acceleration_force.png,derived,103446,d10cfbab4473ed7eb720daa771741475e8726d0c1dbebcf6e0f63554fd50c2c5,2026-05-20T09:40:11Z,,2026-05-07_001_tap_tests_stepper,,,,,,,,,,,,,,,bode_acceleration_force
tap-tests,Machine FRF and stability/Tap tests/2026-05-07_001_tap_tests_stepper/spindle_stepper/results/figures/frequency/x/2026-05-07_10-16-00_x315_y315_z60_x_xyz_spindle_alu_tip_no_lock_fs_20000_reciprocating_tap11/bode_displacement_force.png,derived,104870,9f28e13892d02ff440ef94be528c45da8cf38cdd54a0396db6d7229aa8e6c187,2026-05-20T09:40:10Z,,2026-05-07_001_tap_tests_stepper,,,,,,,,,,,,,,,bode_displacement_force
tap-tests,Machine FRF and stability/Tap tests/2026-05-07_001_tap_tests_stepper/spindle_stepper/results/figures/frequency/x/2026-05-07_10-16-00_x315_y315_z60_x_xyz_spindle_alu_tip_no_lock_fs_20000_reciprocating_tap11/coherence.png,derived,52536,f417d364bbcb2bf24aa532c6ce93a798d65c11b99b31955c79cc5ecbf80fa37f,2026-05-20T09:40:09Z,,2026-05-07_001_tap_tests_stepper,,,,,,,,,,,,,,,coherence
tap-tests,Machine FRF and stability/Tap tests/2026-05-07_001_tap_tests_stepper/spindle_stepper/results/figures/frequency/x/2026-05-07_10-16-00_x315_y315_z60_x_xyz_spindle_alu_tip_no_lock_fs_20000_reciprocating_tap11/force_psd.png,derived,67423,9026883a3a9ddf7eef58faf6aa860cfff387f39b00ea6728d393d20ea52e3031,2026-05-20T09:40:11Z,,2026-05-07_001_tap_tests_stepper,,,,,,,,,,,,,,,force_psd
tap-tests,Machine FRF and stability/Tap tests/2026-05-07_001_tap_tests_stepper/spindle_stepper/results/figures/frequency/x/2026-05-07_10-16-00_x315_y315_z60_x_xyz_spindle_alu_tip_no_lock_fs_20000_reciprocating_tap12/bode_acceleration_force.png,derived,108730,3d6b81e51c5da230bb75208a87e08e41b705057a0c1858ce5676f5efcc07a855,2026-05-20T09:40:16Z,,2026-05-07_001_tap_tests_stepper,,,,,,,,,,,,,,,bode_acceleration_force
tap-tests,Machine FRF and stability/Tap tests/2026-05-07_001_tap_tests_stepper/spindle_stepper/results/figures/frequency/x/2026-05-07_10-16-00_x315_y315_z60_x_xyz_spindle_alu_tip_no_lock_fs_20000_reciprocating_tap12/bode_displacement_force.png,derived,112103,8538d813d47f020edbc033690188c13c64987abb1abd6c325e52edd5464c160b,2026-05-20T09:40:15Z,,2026-05-07_001_tap_tests_stepper,,,,,,,,,,,,,,,bode_displacement_force
tap-tests,Machine FRF and stability/Tap tests/2026-05-07_001_tap_tests_stepper/spindle_stepper/results/figures/frequency/x/2026-05-07_10-16-00_x315_y315_z60_x_xyz_spindle_alu_tip_no_lock_fs_20000_reciprocating_tap12/coherence.png,derived,61491,d40436f1194919276361a5ac68e3d62cc3fb37d178f4c092b990b19d137e8045,2026-05-20T09:40:14Z,,2026-05-07_001_tap_tests_stepper,,,,,,,,,,,,,,,coherence
tap-tests,Machine FRF and stability/Tap tests/2026-05-07_001_tap_tests_stepper/spindle_stepper/results/figures/frequency/x/2026-05-07_10-16-00_x315_y315_z60_x_xyz_spindle_alu_tip_no_lock_fs_20000_reciprocating_tap12/force_psd.png,derived,68607,3c335dc6ab1074c394bf1119c0158b2d2523b8950b201dfe1941ebef63040772,2026-05-20T09:40:16Z,,2026-05-07_001_tap_tests_stepper,,,,,,,,,,,,,,,force_psd
tap-tests,Machine FRF and stability/Tap tests/2026-05-07_001_tap_tests_stepper/spindle_stepper/results/figures/frequency/x/2026-05-07_10-16-00_x315_y315_z60_x_xyz_spindle_alu_tip_no_lock_fs_20000_reciprocating_tap13/bode_acceleration_force.png,derived,104316,b2b19d798b68f1f6821356a5070afc56468fcfae2c6befa02f3280cc35c152ef,2026-05-20T09:40:21Z,,2026-05-07_001_tap_tests_stepper,,,,,,,,,,,,,,,bode_acceleration_force
tap-tests,Machine FRF and stability/Tap tests/2026-05-07_001_tap_tests_stepper/spindle_stepper/results/figures/frequency/x/2026-05-07_10-16-00_x315_y315_z60_x_xyz_spindle_alu_tip_no_lock_fs_20000_reciprocating_tap13/bode_displacement_force.png,derived,111999,d6e4969d9c3692373d1dd454a822ed3ef16e8c0bee9cf19aca20f37df78bfc2a,2026-05-20T09:40:20Z,,2026-05-07_001_tap_tests_stepper,,,,,,,,,,,,,,,bode_displacement_force
tap-tests,Machine FRF and stability/Tap tests/2026-05-07_001_tap_tests_stepper/spindle_stepper/results/figures/frequency/x/2026-05-07_10-16-00_x315_y315_z60_x_xyz_spindle_alu_tip_no_lock_fs_20000_reciprocating_tap13/coherence.png,derived,63064,3c87b1b3e0addfaf271417aee7bfc5bc98b5d3ea728466b99b19373b68412995,2026-05-20T09:40:19Z,,2026-05-07_001_tap_tests_stepper,,,,,,,,,,,,,,,coherence
tap-tests,Machine FRF and stability/Tap tests/2026-05-07_001_tap_tests_stepper/spindle_stepper/results/figures/frequency/x/2026-05-07_10-16-00_x315_y315_z60_x_xyz_spindle_alu_tip_no_lock_fs_20000_reciprocating_tap13/force_psd.png,derived,68251,88af4a5bb5cce886263b6e6c06460bd844948564a5202060419382172feb206d,2026-05-20T09:40:21Z,,2026-05-07_001_tap_tests_stepper,,,,,,,,,,,,,,,force_psd
tap-tests,Machine FRF and stability/Tap tests/2026-05-07_001_tap_tests_stepper/spindle_stepper/results/figures/frequency/x/2026-05-07_10-16-00_x315_y315_z60_x_xyz_spindle_alu_tip_no_lock_fs_20000_reciprocating_tap2/bode_acceleration_force.png,derived,109508,c05f7f306b558184f746efa6a05b36d65234a7787e2e005b053729e4cdcf18af,2026-05-20T09:39:36Z,,2026-05-07_001_tap_tests_stepper,,,,,,,,,,,,,,,bode_acceleration_force
tap-tests,Machine FRF and stability/Tap tests/2026-05-07_001_tap_tests_stepper/spindle_stepper/results/figures/frequency/x/2026-05-07_10-16-00_x315_y315_z60_x_xyz_spindle_alu_tip_no_lock_fs_20000_reciprocating_tap2/bode_displacement_force.png,derived,113348,dcd4633cd7ce4cbdc59b125613ad705d534dde4713578a3029b226c5ea28d47e,2026-05-20T09:39:36Z,,2026-05-07_001_tap_tests_stepper,,,,,,,,,,,,,,,bode_displacement_force
tap-tests,Machine FRF and stability/Tap tests/2026-05-07_001_tap_tests_stepper/spindle_stepper/results/figures/frequency/x/2026-05-07_10-16-00_x315_y315_z60_x_xyz_spindle_alu_tip_no_lock_fs_20000_reciprocating_tap2/coherence.png,derived,51110,da73721b60d1c8f76557806bbea571bb9028c6d70d09fc6ddcd8abf4bbd0cd60,2026-05-20T09:39:35Z,,2026-05-07_001_tap_tests_stepper,,,,,,,,,,,,,,,coherence
tap-tests,Machine FRF and stability/Tap tests/2026-05-07_001_tap_tests_stepper/spindle_stepper/results/figures/frequency/x/2026-05-07_10-16-00_x315_y315_z60_x_xyz_spindle_alu_tip_no_lock_fs_20000_reciprocating_tap2/force_psd.png,derived,70721,e77f87d723e626c54d071ad9a0be8bfb77c4e41317d3d6f92a97fa2a69195017,2026-05-20T09:39:36Z,,2026-05-07_001_tap_tests_stepper,,,,,,,,,,,,,,,force_psd
tap-tests,Machine FRF and stability/Tap tests/2026-05-07_001_tap_tests_stepper/spindle_stepper/results/figures/frequency/x/2026-05-07_10-16-00_x315_y315_z60_x_xyz_spindle_alu_tip_no_lock_fs_20000_reciprocating_tap3/bode_acceleration_force.png,derived,107195,f0c337e8659a750c0aad289be16f59ceb10e0f8ac121a17acdb8692c1912783f,2026-05-20T09:39:41Z,,2026-05-07_001_tap_tests_stepper,,,,,,,,,,,,,,,bode_acceleration_force
tap-tests,Machine FRF and stability/Tap tests/2026-05-07_001_tap_tests_stepper/spindle_stepper/results/figures/frequency/x/2026-05-07_10-16-00_x315_y315_z60_x_xyz_spindle_alu_tip_no_lock_fs_20000_reciprocating_tap3/bode_displacement_force.png,derived,107649,b010969492100faea5e26646c79ff8b6c1c1ed6a1a7ba53df051531c7b1bd54b,2026-05-20T09:39:40Z,,2026-05-07_001_tap_tests_stepper,,,,,,,,,,,,,,,bode_displacement_force
tap-tests,Machine FRF and stability/Tap tests/2026-05-07_001_tap_tests_stepper/spindle_stepper/results/figures/frequency/x/2026-05-07_10-16-00_x315_y315_z60_x_xyz_spindle_alu_tip_no_lock_fs_20000_reciprocating_tap3/coherence.png,derived,56918,71b816692bd2733c581ba83898d60d36ed481f02ef33bc8ef2ea7abf572d38d8,2026-05-20T09:39:39Z,,2026-05-07_001_tap_tests_stepper,,,,,,,,,,,,,,,coherence
tap-tests,Machine FRF and stability/Tap tests/2026-05-07_001_tap_tests_stepper/spindle_stepper/results/figures/frequency/x/2026-05-07_10-16-00_x315_y315_z60_x_xyz_spindle_alu_tip_no_lock_fs_20000_reciprocating_tap3/force_psd.png,derived,72366,b8a5a667f0f2e2327ee686b05c134f13312994dba93285cea5d8ac4ce7575b94,2026-05-20T09:39:41Z,,2026-05-07_001_tap_tests_stepper,,,,,,,,,,,,,,,force_psd
tap-tests,Machine FRF and stability/Tap tests/2026-05-07_001_tap_tests_stepper/spindle_stepper/results/figures/frequency/x/2026-05-07_10-16-00_x315_y315_z60_x_xyz_spindle_alu_tip_no_lock_fs_20000_reciprocating_tap4/bode_acceleration_force.png,derived,118091,6662570f5f9517fb5d2cfc9f5908186b87f1fc456b91cd69a577273277a69eb7,2026-05-20T09:39:45Z,,2026-05-07_001_tap_tests_stepper,,,,,,,,,,,,,,,bode_acceleration_force
tap-tests,Machine FRF and stability/Tap tests/2026-05-07_001_tap_tests_stepper/spindle_stepper/results/figures/frequency/x/2026-05-07_10-16-00_x315_y315_z60_x_xyz_spindle_alu_tip_no_lock_fs_20000_reciprocating_tap4/bode_displacement_force.png,derived,122221,c1e9ddbf5f8eefcdbf268d6818fefbb346b47bdecbdeb736026a8adff318f902,2026-05-20T09:39:45Z,,2026-05-07_001_tap_tests_stepper,,,,,,,,,,,,,,,bode_displacement_force
tap-tests,Machine FRF and stability/Tap tests/2026-05-07_001_tap_tests_stepper/spindle_stepper/results/figures/frequency/x/2026-05-07_10-16-00_x315_y315_z60_x_xyz_spindle_alu_tip_no_lock_fs_20000_reciprocating_tap4/coherence.png,derived,63528,5d7666934b19afc1e8442bf5ef5d13988051603aecc398598be1f61293619b2f,2026-05-20T09:39:44Z,,2026-05-07_001_tap_tests_stepper,,,,,,,,,,,,,,,coherence
tap-tests,Machine FRF and stability/Tap tests/2026-05-07_001_tap_tests_stepper/spindle_stepper/results/figures/frequency/x/2026-05-07_10-16-00_x315_y315_z60_x_xyz_spindle_alu_tip_no_lock_fs_20000_reciprocating_tap4/force_psd.png,derived,66629,a33880c540e6fa3ab5ae3a660d6b4bb438debdb068babe2c15d2b0992aa89f37,2026-05-20T09:39:46Z,,2026-05-07_001_tap_tests_stepper,,,,,,,,,,,,,,,force_psd
tap-tests,Machine FRF and stability/Tap tests/2026-05-07_001_tap_tests_stepper/spindle_stepper/results/figures/frequency/x/2026-05-07_10-16-00_x315_y315_z60_x_xyz_spindle_alu_tip_no_lock_fs_20000_reciprocating_tap5/bode_acceleration_force.png,derived,104381,ff0d085e8fbacf2ae885d4b5565af2d94861086d4114ad45465eaedc23097896,2026-05-20T09:39:50Z,,2026-05-07_001_tap_tests_stepper,,,,,,,,,,,,,,,bode_acceleration_force
tap-tests,Machine FRF and stability/Tap tests/2026-05-07_001_tap_tests_stepper/spindle_stepper/results/figures/frequency/x/2026-05-07_10-16-00_x315_y315_z60_x_xyz_spindle_alu_tip_no_lock_fs_20000_reciprocating_tap5/bode_displacement_force.png,derived,109895,2161c83bcd72df4a15132272b91ce5817897550bc3698523fb49cae59c6331cc,2026-05-20T09:39:50Z,,2026-05-07_001_tap_tests_stepper,,,,,,,,,,,,,,,bode_displacement_force
tap-tests,Machine FRF and stability/Tap tests/2026-05-07_001_tap_tests_stepper/spindle_stepper/results/figures/frequency/x/2026-05-07_10-16-00_x315_y315_z60_x_xyz_spindle_alu_tip_no_lock_fs_20000_reciprocating_tap5/coherence.png,derived,49381,2eb0a9cea79751a014eebe0d26db1edcbd1baff79a9a1fb18cf3b49061f8ed94,2026-05-20T09:39:49Z,,2026-05-07_001_tap_tests_stepper,,,,,,,,,,,,,,,coherence
tap-tests,Machine FRF and stability/Tap tests/2026-05-07_001_tap_tests_stepper/spindle_stepper/results/figures/frequency/x/2026-05-07_10-16-00_x315_y315_z60_x_xyz_spindle_alu_tip_no_lock_fs_20000_reciprocating_tap5/force_psd.png,derived,68821,09de788dff540259cf3f013aa5d543cb5fafed40f04d033310d3c7b48f909afd,2026-05-20T09:39:51Z,,2026-05-07_001_tap_tests_stepper,,,,,,,,,,,,,,,force_psd
tap-tests,Machine FRF and stability/Tap tests/2026-05-07_001_tap_tests_stepper/spindle_stepper/results/figures/frequency/x/2026-05-07_10-16-00_x315_y315_z60_x_xyz_spindle_alu_tip_no_lock_fs_20000_reciprocating_tap7/bode_acceleration_force.png,derived,109182,374b49ca9e91ed8b1d418bc7af731d4eced0e41b65a19014be486085d9f302a9,2026-05-20T09:39:55Z,,2026-05-07_001_tap_tests_stepper,,,,,,,,,,,,,,,bode_acceleration_force
tap-tests,Machine FRF and stability/Tap tests/2026-05-07_001_tap_tests_stepper/spindle_stepper/results/figures/frequency/x/2026-05-07_10-16-00_x315_y315_z60_x_xyz_spindle_alu_tip_no_lock_fs_20000_reciprocating_tap7/bode_displacement_force.png,derived,113982,971526c348eae655c7cb94005ddab40c4a5dd968d641fa3f05e3511bc37abdb8,2026-05-20T09:39:55Z,,2026-05-07_001_tap_tests_stepper,,,,,,,,,,,,,,,bode_displacement_force
tap-tests,Machine FRF and stability/Tap tests/2026-05-07_001_tap_tests_stepper/spindle_stepper/results/figures/frequency/x/2026-05-07_10-16-00_x315_y315_z60_x_xyz_spindle_alu_tip_no_lock_fs_20000_reciprocating_tap7/coherence.png,derived,56886,6392a6c41389f7128ae6fa5b06ca4ef29a5b6f58e6ddf1cb62b12b77d54f6441,2026-05-20T09:39:54Z,,2026-05-07_001_tap_tests_stepper,,,,,,,,,,,,,,,coherence
tap-tests,Machine FRF and stability/Tap tests/2026-05-07_001_tap_tests_stepper/spindle_stepper/results/figures/frequency/x/2026-05-07_10-16-00_x315_y315_z60_x_xyz_spindle_alu_tip_no_lock_fs_20000_reciprocating_tap7/force_psd.png,derived,65860,a3e5e516e6223e680b003581d4ed6240af37cf1f199c2fd0e44b56bd394ab41f,2026-05-20T09:39:56Z,,2026-05-07_001_tap_tests_stepper,,,,,,,,,,,,,,,force_psd
tap-tests,Machine FRF and stability/Tap tests/2026-05-07_001_tap_tests_stepper/spindle_stepper/results/figures/frequency/x/2026-05-07_10-16-00_x315_y315_z60_x_xyz_spindle_alu_tip_no_lock_fs_20000_reciprocating_tap8/bode_acceleration_force.png,derived,105276,9b681928fef3563713842d45865cc47d3aba39a950f4e1e3dd4ffa912514760a,2026-05-20T09:40:00Z,,2026-05-07_001_tap_tests_stepper,,,,,,,,,,,,,,,bode_acceleration_force
tap-tests,Machine FRF and stability/Tap tests/2026-05-07_001_tap_tests_stepper/spindle_stepper/results/figures/frequency/x/2026-05-07_10-16-00_x315_y315_z60_x_xyz_spindle_alu_tip_no_lock_fs_20000_reciprocating_tap8/bode_displacement_force.png,derived,108550,4fd9030fb0b353a2fcd468bc8912c0ec9e97604673e522898f82c2af238113ad,2026-05-20T09:40:00Z,,2026-05-07_001_tap_tests_stepper,,,,,,,,,,,,,,,bode_displacement_force
tap-tests,Machine FRF and stability/Tap tests/2026-05-07_001_tap_tests_stepper/spindle_stepper/results/figures/frequency/x/2026-05-07_10-16-00_x315_y315_z60_x_xyz_spindle_alu_tip_no_lock_fs_20000_reciprocating_tap8/coherence.png,derived,49900,df4b6cb1813360130d5423be9de2a0f5d716d828011b2661233ec1f3c0a5b180,2026-05-20T09:39:59Z,,2026-05-07_001_tap_tests_stepper,,,,,,,,,,,,,,,coherence
tap-tests,Machine FRF and stability/Tap tests/2026-05-07_001_tap_tests_stepper/spindle_stepper/results/figures/frequency/x/2026-05-07_10-16-00_x315_y315_z60_x_xyz_spindle_alu_tip_no_lock_fs_20000_reciprocating_tap8/force_psd.png,derived,67461,f398435494cca6b0df8d5a92f70379d159e310013d0666cd5b97fc574646fba9,2026-05-20T09:40:01Z,,2026-05-07_001_tap_tests_stepper,,,,,,,,,,,,,,,force_psd
tap-tests,Machine FRF and stability/Tap tests/2026-05-07_001_tap_tests_stepper/spindle_stepper/results/figures/frequency/x/2026-05-07_10-16-00_x315_y315_z60_x_xyz_spindle_alu_tip_no_lock_fs_20000_reciprocating_tap9/bode_acceleration_force.png,derived,105271,ce33cb3c8becda32965a4fd95ae4706c4e7db1917c29df3895909a04852a485f,2026-05-20T09:40:06Z,,2026-05-07_001_tap_tests_stepper,,,,,,,,,,,,,,,bode_acceleration_force
tap-tests,Machine FRF and stability/Tap tests/2026-05-07_001_tap_tests_stepper/spindle_stepper/results/figures/frequency/x/2026-05-07_10-16-00_x315_y315_z60_x_xyz_spindle_alu_tip_no_lock_fs_20000_reciprocating_tap9/bode_displacement_force.png,derived,112161,e678f5c667693161ceae01fe3a91308d70e451ebd245b272ffada13428c36511,2026-05-20T09:40:05Z,,2026-05-07_001_tap_tests_stepper,,,,,,,,,,,,,,,bode_displacement_force
tap-tests,Machine FRF and stability/Tap tests/2026-05-07_001_tap_tests_stepper/spindle_stepper/results/figures/frequency/x/2026-05-07_10-16-00_x315_y315_z60_x_xyz_spindle_alu_tip_no_lock_fs_20000_reciprocating_tap9/coherence.png,derived,51627,eae74532b8280336fa26b73e5d67d5a2fd45ef43b0fdbcf0ea58e9d4b773725f,2026-05-20T09:40:04Z,,2026-05-07_001_tap_tests_stepper,,,,,,,,,,,,,,,coherence
tap-tests,Machine FRF and stability/Tap tests/2026-05-07_001_tap_tests_stepper/spindle_stepper/results/figures/frequency/x/2026-05-07_10-16-00_x315_y315_z60_x_xyz_spindle_alu_tip_no_lock_fs_20000_reciprocating_tap9/force_psd.png,derived,71814,60bda7c8a488dcab9c3ba969a7cd292df243907d6e16f7e9af0194a1a460fe54,2026-05-20T09:40:06Z,,2026-05-07_001_tap_tests_stepper,,,,,,,,,,,,,,,force_psd
tap-tests,Machine FRF and stability/Tap tests/2026-05-07_001_tap_tests_stepper/spindle_stepper/results/figures/frequency/x/average/bode_acceleration_force.png,derived,118179,33b91eedffcf10ab27c09fe0d1979f0a544609ed34cf97256ee34d0bc031bada,2026-05-20T09:40:26Z,,2026-05-07_001_tap_tests_stepper,,,,,,,,,,,,,,,bode_acceleration_force
tap-tests,Machine FRF and stability/Tap tests/2026-05-07_001_tap_tests_stepper/spindle_stepper/results/figures/frequency/x/average/bode_displacement_force.png,derived,121153,dc2dd2dacc00b29873c432432e1f01f4f10d70c686bf5a165068c97deff346d9,2026-05-20T09:40:25Z,,2026-05-07_001_tap_tests_stepper,,,,,,,,,,,,,,,bode_displacement_force
tap-tests,Machine FRF and stability/Tap tests/2026-05-07_001_tap_tests_stepper/spindle_stepper/results/figures/frequency/x/average/coherence.png,derived,87473,3c7e89aa4ff9c2b30fa043837ee63546e06bed790d1f536ed0e9d2f937ad0ca6,2026-05-20T09:40:24Z,,2026-05-07_001_tap_tests_stepper,,,,,,,,,,,,,,,coherence
tap-tests,Machine FRF and stability/Tap tests/2026-05-07_001_tap_tests_stepper/spindle_stepper/results/figures/frequency/x/average/force_psd.png,derived,66774,0cdd2a07fabb39c4c00d35d98b53af979806b3c46ace620aaa8deca81e2baf50,2026-05-20T09:40:26Z,,2026-05-07_001_tap_tests_stepper,,,,,,,,,,,,,,,force_psd
tap-tests,Machine FRF and stability/Tap tests/2026-05-07_001_tap_tests_stepper/spindle_stepper/results/figures/raw/x/2026-05-07_10-16-00_x315_y315_z60_x_xyz_spindle_alu_tip_no_lock_fs_20000_reciprocating_tap1/mosaic.png,derived,193663,d506d86b63e8628ccebcdef198f70c6839d9de937213eab1987e967b4904f91b,2026-05-20T09:39:32Z,,2026-05-07_001_tap_tests_stepper,,,,,,,,,,,,,,,mosaic
tap-tests,Machine FRF and stability/Tap tests/2026-05-07_001_tap_tests_stepper/spindle_stepper/results/figures/raw/x/2026-05-07_10-16-00_x315_y315_z60_x_xyz_spindle_alu_tip_no_lock_fs_20000_reciprocating_tap11/mosaic.png,derived,195271,6cbf5ec832ebcd27cd8271396ce5ec28e7bc72e32cab370f96168fba63eb3ca6,2026-05-20T09:40:12Z,,2026-05-07_001_tap_tests_stepper,,,,,,,,,,,,,,,mosaic
tap-tests,Machine FRF and stability/Tap tests/2026-05-07_001_tap_tests_stepper/spindle_stepper/results/figures/raw/x/2026-05-07_10-16-00_x315_y315_z60_x_xyz_spindle_alu_tip_no_lock_fs_20000_reciprocating_tap12/mosaic.png,derived,190822,2f2432c4e0755bdb7cf6d54bf7f8c938bc921450c4ba08ef473a391b0c98b1c9,2026-05-20T09:40:17Z,,2026-05-07_001_tap_tests_stepper,,,,,,,,,,,,,,,mosaic
tap-tests,Machine FRF and stability/Tap tests/2026-05-07_001_tap_tests_stepper/spindle_stepper/results/figures/raw/x/2026-05-07_10-16-00_x315_y315_z60_x_xyz_spindle_alu_tip_no_lock_fs_20000_reciprocating_tap13/mosaic.png,derived,194560,452a74c148c8017a2a65136bebeb19f0151b592f0b79fb5b7cadb2168cc29260,2026-05-20T09:40:22Z,,2026-05-07_001_tap_tests_stepper,,,,,,,,,,,,,,,mosaic
tap-tests,Machine FRF and stability/Tap tests/2026-05-07_001_tap_tests_stepper/spindle_stepper/results/figures/raw/x/2026-05-07_10-16-00_x315_y315_z60_x_xyz_spindle_alu_tip_no_lock_fs_20000_reciprocating_tap2/mosaic.png,derived,197693,a6c423b524d6ed8d34a18bb4d1dfd91473fede88435ee5b98bc3caa54c22b98d,2026-05-20T09:39:37Z,,2026-05-07_001_tap_tests_stepper,,,,,,,,,,,,,,,mosaic
tap-tests,Machine FRF and stability/Tap tests/2026-05-07_001_tap_tests_stepper/spindle_stepper/results/figures/raw/x/2026-05-07_10-16-00_x315_y315_z60_x_xyz_spindle_alu_tip_no_lock_fs_20000_reciprocating_tap3/mosaic.png,derived,196617,5f32ac9e5e663aaea91b5007477e28736edbf7a01f852f4988d9733dccebe95b,2026-05-20T09:39:42Z,,2026-05-07_001_tap_tests_stepper,,,,,,,,,,,,,,,mosaic
tap-tests,Machine FRF and stability/Tap tests/2026-05-07_001_tap_tests_stepper/spindle_stepper/results/figures/raw/x/2026-05-07_10-16-00_x315_y315_z60_x_xyz_spindle_alu_tip_no_lock_fs_20000_reciprocating_tap4/mosaic.png,derived,197228,8daa8e8965a0b159e8ee94c761bddb67d5553dba032cc20a4aa4425d8a0e3f76,2026-05-20T09:39:46Z,,2026-05-07_001_tap_tests_stepper,,,,,,,,,,,,,,,mosaic
tap-tests,Machine FRF and stability/Tap tests/2026-05-07_001_tap_tests_stepper/spindle_stepper/results/figures/raw/x/2026-05-07_10-16-00_x315_y315_z60_x_xyz_spindle_alu_tip_no_lock_fs_20000_reciprocating_tap5/mosaic.png,derived,193823,a08b854be15ae5d619c7ce00baeeed55f8a5bc1b0f796d159a1702eb73261e95,2026-05-20T09:39:51Z,,2026-05-07_001_tap_tests_stepper,,,,,,,,,,,,,,,mosaic
tap-tests,Machine FRF and stability/Tap tests/2026-05-07_001_tap_tests_stepper/spindle_stepper/results/figures/raw/x/2026-05-07_10-16-00_x315_y315_z60_x_xyz_spindle_alu_tip_no_lock_fs_20000_reciprocating_tap7/mosaic.png,derived,194686,835cc1dca113a279077b94d75bf5ccd1923c791bca8f24149ad99d56d4a4b11f,2026-05-20T09:39:56Z,,2026-05-07_001_tap_tests_stepper,,,,,,,,,,,,,,,mosaic
tap-tests,Machine FRF and stability/Tap tests/2026-05-07_001_tap_tests_stepper/spindle_stepper/results/figures/raw/x/2026-05-07_10-16-00_x315_y315_z60_x_xyz_spindle_alu_tip_no_lock_fs_20000_reciprocating_tap8/mosaic.png,derived,195163,2e570b7da502e246a517c48622f0a7f77e4a7443b3fcb3fea154197e126a6b4f,2026-05-20T09:40:02Z,,2026-05-07_001_tap_tests_stepper,,,,,,,,,,,,,,,mosaic
tap-tests,Machine FRF and stability/Tap tests/2026-05-07_001_tap_tests_stepper/spindle_stepper/results/figures/raw/x/2026-05-07_10-16-00_x315_y315_z60_x_xyz_spindle_alu_tip_no_lock_fs_20000_reciprocating_tap9/mosaic.png,derived,198514,97ca5d0bc9a3251b6c12200ed6dd8353037b6bf49131cb6768561d082eaf3209,2026-05-20T09:40:07Z,,2026-05-07_001_tap_tests_stepper,,,,,,,,,,,,,,,mosaic
tap-tests,Machine FRF and stability/Tap tests/2026-05-07_001_tap_tests_stepper/spindle_stepper/results/figures/time/x/2026-05-07_10-16-00_x315_y315_z60_x_xyz_spindle_alu_tip_no_lock_fs_20000_reciprocating_tap1/force.png,derived,31787,bc06e2dc03f579e564937db06293fcfb3a241b04bfdc313d7d340258c7076293,2026-05-20T09:39:29Z,,2026-05-07_001_tap_tests_stepper,,,,,,,,,,,,,,,force
tap-tests,Machine FRF and stability/Tap tests/2026-05-07_001_tap_tests_stepper/spindle_stepper/results/figures/time/x/2026-05-07_10-16-00_x315_y315_z60_x_xyz_spindle_alu_tip_no_lock_fs_20000_reciprocating_tap1/force_detrended.png,derived,35851,45153fa18f48afdd3d9f24f28bc696f3f2c0ab8bede5fd8959f7796041a5fe30,2026-05-20T09:39:29Z,,2026-05-07_001_tap_tests_stepper,,,,,,,,,,,,,,,force_detrended
tap-tests,Machine FRF and stability/Tap tests/2026-05-07_001_tap_tests_stepper/spindle_stepper/results/figures/time/x/2026-05-07_10-16-00_x315_y315_z60_x_xyz_spindle_alu_tip_no_lock_fs_20000_reciprocating_tap1/force_window.png,derived,44710,0f6f42667db542d910322e79b8bdadb2f21c7233be68f559e0d7dd1ee23928b8,2026-05-20T09:39:29Z,,2026-05-07_001_tap_tests_stepper,,,,,,,,,,,,,,,force_window
tap-tests,Machine FRF and stability/Tap tests/2026-05-07_001_tap_tests_stepper/spindle_stepper/results/figures/time/x/2026-05-07_10-16-00_x315_y315_z60_x_xyz_spindle_alu_tip_no_lock_fs_20000_reciprocating_tap1/force_windowed.png,derived,30521,f8344081ac8e11ef2417da72952172f18e948bc1bde7d5f86e7147f57075abf9,2026-05-20T09:39:29Z,,2026-05-07_001_tap_tests_stepper,,,,,,,,,,,,,,,force_windowed
tap-tests,Machine FRF and stability/Tap tests/2026-05-07_001_tap_tests_stepper/spindle_stepper/results/figures/time/x/2026-05-07_10-16-00_x315_y315_z60_x_xyz_spindle_alu_tip_no_lock_fs_20000_reciprocating_tap1/response.png,derived,40989,ca2589b7ab24d9d190e4901e7ae71180dfa72c8152c950078cc718dff8509058,2026-05-20T09:39:29Z,,2026-05-07_001_tap_tests_stepper,,,,,,,,,,,,,,,response
tap-tests,Machine FRF and stability/Tap tests/2026-05-07_001_tap_tests_stepper/spindle_stepper/results/figures/time/x/2026-05-07_10-16-00_x315_y315_z60_x_xyz_spindle_alu_tip_no_lock_fs_20000_reciprocating_tap1/response_detrended.png,derived,42499,d4f98372b5e333898c1c1d059947cdf83a50254f28ebd8331bf217e57e632e8b,2026-05-20T09:39:29Z,,2026-05-07_001_tap_tests_stepper,,,,,,,,,,,,,,,response_detrended
tap-tests,Machine FRF and stability/Tap tests/2026-05-07_001_tap_tests_stepper/spindle_stepper/results/figures/time/x/2026-05-07_10-16-00_x315_y315_z60_x_xyz_spindle_alu_tip_no_lock_fs_20000_reciprocating_tap1/response_wiener.png,derived,38025,df71060c531981b94ff8069e6976585b7bcc3b8676e16feaa25ea6804ae56657,2026-05-20T09:39:30Z,,2026-05-07_001_tap_tests_stepper,,,,,,,,,,,,,,,response_wiener
tap-tests,Machine FRF and stability/Tap tests/2026-05-07_001_tap_tests_stepper/spindle_stepper/results/figures/time/x/2026-05-07_10-16-00_x315_y315_z60_x_xyz_spindle_alu_tip_no_lock_fs_20000_reciprocating_tap1/response_window.png,derived,58983,86dc31f990520968d30252736aef248d3ec0c2cdc214080343cd14db77364037,2026-05-20T09:39:30Z,,2026-05-07_001_tap_tests_stepper,,,,,,,,,,,,,,,response_window
tap-tests,Machine FRF and stability/Tap tests/2026-05-07_001_tap_tests_stepper/spindle_stepper/results/figures/time/x/2026-05-07_10-16-00_x315_y315_z60_x_xyz_spindle_alu_tip_no_lock_fs_20000_reciprocating_tap1/response_windowed.png,derived,36835,c5e5af5726ee7a4bd7dbd429d6dadd0f831e80a0d63c2aefd5bf8585c5d1b8de,2026-05-20T09:39:30Z,,2026-05-07_001_tap_tests_stepper,,,,,,,,,,,,,,,response_windowed
tap-tests,Machine FRF and stability/Tap tests/2026-05-07_001_tap_tests_stepper/spindle_stepper/results/figures/time/x/2026-05-07_10-16-00_x315_y315_z60_x_xyz_spindle_alu_tip_no_lock_fs_20000_reciprocating_tap11/force.png,derived,36164,933e92a4afff27eb0b6f619ad73db9bfc69ec6b8a51cb8aa593597edc0fd7881,2026-05-20T09:40:08Z,,2026-05-07_001_tap_tests_stepper,,,,,,,,,,,,,,,force
tap-tests,Machine FRF and stability/Tap tests/2026-05-07_001_tap_tests_stepper/spindle_stepper/results/figures/time/x/2026-05-07_10-16-00_x315_y315_z60_x_xyz_spindle_alu_tip_no_lock_fs_20000_reciprocating_tap11/force_detrended.png,derived,40395,9beca637fb02bb21fb004eb62163c01646edfa2d784e75b376ee875afe09c24d,2026-05-20T09:40:08Z,,2026-05-07_001_tap_tests_stepper,,,,,,,,,,,,,,,force_detrended
tap-tests,Machine FRF and stability/Tap tests/2026-05-07_001_tap_tests_stepper/spindle_stepper/results/figures/time/x/2026-05-07_10-16-00_x315_y315_z60_x_xyz_spindle_alu_tip_no_lock_fs_20000_reciprocating_tap11/force_window.png,derived,44708,1bbab540ce59841017590ade62e228ca783cc3adb32d1d3c1b5a674ef0af96be,2026-05-20T09:40:08Z,,2026-05-07_001_tap_tests_stepper,,,,,,,,,,,,,,,force_window
tap-tests,Machine FRF and stability/Tap tests/2026-05-07_001_tap_tests_stepper/spindle_stepper/results/figures/time/x/2026-05-07_10-16-00_x315_y315_z60_x_xyz_spindle_alu_tip_no_lock_fs_20000_reciprocating_tap11/force_windowed.png,derived,35028,2fe4c04cf5392a3d72303671a7f4c3b7f51cb534d18cd1061b4d41f7e263b2e2,2026-05-20T09:40:08Z,,2026-05-07_001_tap_tests_stepper,,,,,,,,,,,,,,,force_windowed
tap-tests,Machine FRF and stability/Tap tests/2026-05-07_001_tap_tests_stepper/spindle_stepper/results/figures/time/x/2026-05-07_10-16-00_x315_y315_z60_x_xyz_spindle_alu_tip_no_lock_fs_20000_reciprocating_tap11/response.png,derived,49051,acea8cc6472ed5e8a92c47a94d2fdbc49573b9067b7d2453ffa68d808d522f74,2026-05-20T09:40:08Z,,2026-05-07_001_tap_tests_stepper,,,,,,,,,,,,,,,response
tap-tests,Machine FRF and stability/Tap tests/2026-05-07_001_tap_tests_stepper/spindle_stepper/results/figures/time/x/2026-05-07_10-16-00_x315_y315_z60_x_xyz_spindle_alu_tip_no_lock_fs_20000_reciprocating_tap11/response_detrended.png,derived,49965,8784d987a378d48e6d3023abe805e1d0e6359df3ec6b9216ed79ff2d8dff169e,2026-05-20T09:40:09Z,,2026-05-07_001_tap_tests_stepper,,,,,,,,,,,,,,,response_detrended
tap-tests,Machine FRF and stability/Tap tests/2026-05-07_001_tap_tests_stepper/spindle_stepper/results/figures/time/x/2026-05-07_10-16-00_x315_y315_z60_x_xyz_spindle_alu_tip_no_lock_fs_20000_reciprocating_tap11/response_wiener.png,derived,45166,33b0c44082f19e27d27676b250c8c89a44baa81eee179f26b62921a6d340cd9a,2026-05-20T09:40:09Z,,2026-05-07_001_tap_tests_stepper,,,,,,,,,,,,,,,response_wiener
tap-tests,Machine FRF and stability/Tap tests/2026-05-07_001_tap_tests_stepper/spindle_stepper/results/figures/time/x/2026-05-07_10-16-00_x315_y315_z60_x_xyz_spindle_alu_tip_no_lock_fs_20000_reciprocating_tap11/response_window.png,derived,58716,3ff6358cac521546cb358c8e9b99006b8a8a30afd7ad6c26ec1e9d1687d28962,2026-05-20T09:40:09Z,,2026-05-07_001_tap_tests_stepper,,,,,,,,,,,,,,,response_window
tap-tests,Machine FRF and stability/Tap tests/2026-05-07_001_tap_tests_stepper/spindle_stepper/results/figures/time/x/2026-05-07_10-16-00_x315_y315_z60_x_xyz_spindle_alu_tip_no_lock_fs_20000_reciprocating_tap11/response_windowed.png,derived,43971,552ed44a3ddfde6a17fc683bfce9144e486f86c1750e3aea27383da137055855,2026-05-20T09:40:09Z,,2026-05-07_001_tap_tests_stepper,,,,,,,,,,,,,,,response_windowed
tap-tests,Machine FRF and stability/Tap tests/2026-05-07_001_tap_tests_stepper/spindle_stepper/results/figures/time/x/2026-05-07_10-16-00_x315_y315_z60_x_xyz_spindle_alu_tip_no_lock_fs_20000_reciprocating_tap12/force.png,derived,31397,532c0f3a6fe5d7f9323d2e32013de856bacdf25a917d6fdc036cd6ffe542230f,2026-05-20T09:40:13Z,,2026-05-07_001_tap_tests_stepper,,,,,,,,,,,,,,,force
tap-tests,Machine FRF and stability/Tap tests/2026-05-07_001_tap_tests_stepper/spindle_stepper/results/figures/time/x/2026-05-07_10-16-00_x315_y315_z60_x_xyz_spindle_alu_tip_no_lock_fs_20000_reciprocating_tap12/force_detrended.png,derived,35173,a3700e68827a810c5875d08ec1adfc2cda6a1eb17791118fc57a8766714187bf,2026-05-20T09:40:13Z,,2026-05-07_001_tap_tests_stepper,,,,,,,,,,,,,,,force_detrended
tap-tests,Machine FRF and stability/Tap tests/2026-05-07_001_tap_tests_stepper/spindle_stepper/results/figures/time/x/2026-05-07_10-16-00_x315_y315_z60_x_xyz_spindle_alu_tip_no_lock_fs_20000_reciprocating_tap12/force_window.png,derived,44627,b8534d3537f100551c5f853d8385c991b8bb1b87835303cb48df3d1fd763b285,2026-05-20T09:40:13Z,,2026-05-07_001_tap_tests_stepper,,,,,,,,,,,,,,,force_window
tap-tests,Machine FRF and stability/Tap tests/2026-05-07_001_tap_tests_stepper/spindle_stepper/results/figures/time/x/2026-05-07_10-16-00_x315_y315_z60_x_xyz_spindle_alu_tip_no_lock_fs_20000_reciprocating_tap12/force_windowed.png,derived,29687,90f5948f6f3caf6420063e4168a960cb98129520dba4706e0396cb574490f48f,2026-05-20T09:40:13Z,,2026-05-07_001_tap_tests_stepper,,,,,,,,,,,,,,,force_windowed
tap-tests,Machine FRF and stability/Tap tests/2026-05-07_001_tap_tests_stepper/spindle_stepper/results/figures/time/x/2026-05-07_10-16-00_x315_y315_z60_x_xyz_spindle_alu_tip_no_lock_fs_20000_reciprocating_tap12/response.png,derived,46615,f7219fe044dd28ee2bb6f998b7595bffa5f3f1236ae50b948c412c0931ae223d,2026-05-20T09:40:13Z,,2026-05-07_001_tap_tests_stepper,,,,,,,,,,,,,,,response
tap-tests,Machine FRF and stability/Tap tests/2026-05-07_001_tap_tests_stepper/spindle_stepper/results/figures/time/x/2026-05-07_10-16-00_x315_y315_z60_x_xyz_spindle_alu_tip_no_lock_fs_20000_reciprocating_tap12/response_detrended.png,derived,49555,4de688f6a5f76de70baecf7a595357a1ad4124bbf1bab3cfc96d07656c48f0e9,2026-05-20T09:40:14Z,,2026-05-07_001_tap_tests_stepper,,,,,,,,,,,,,,,response_detrended
tap-tests,Machine FRF and stability/Tap tests/2026-05-07_001_tap_tests_stepper/spindle_stepper/results/figures/time/x/2026-05-07_10-16-00_x315_y315_z60_x_xyz_spindle_alu_tip_no_lock_fs_20000_reciprocating_tap12/response_wiener.png,derived,45251,863735b74bc72b3785cdd4c0b6456477360157def6dd8f5d501b2e3683f17bd9,2026-05-20T09:40:14Z,,2026-05-07_001_tap_tests_stepper,,,,,,,,,,,,,,,response_wiener
tap-tests,Machine FRF and stability/Tap tests/2026-05-07_001_tap_tests_stepper/spindle_stepper/results/figures/time/x/2026-05-07_10-16-00_x315_y315_z60_x_xyz_spindle_alu_tip_no_lock_fs_20000_reciprocating_tap12/response_window.png,derived,63109,901366576d7a5e703fa64a9a9b67ad1bcfb7d6aa709f83133571337e339d4170,2026-05-20T09:40:14Z,,2026-05-07_001_tap_tests_stepper,,,,,,,,,,,,,,,response_window
tap-tests,Machine FRF and stability/Tap tests/2026-05-07_001_tap_tests_stepper/spindle_stepper/results/figures/time/x/2026-05-07_10-16-00_x315_y315_z60_x_xyz_spindle_alu_tip_no_lock_fs_20000_reciprocating_tap12/response_windowed.png,derived,42524,c5c11c04cf43cd81964fb3fb74137773cc1c3036e053c091c519f526b7531233,2026-05-20T09:40:14Z,,2026-05-07_001_tap_tests_stepper,,,,,,,,,,,,,,,response_windowed
tap-tests,Machine FRF and stability/Tap tests/2026-05-07_001_tap_tests_stepper/spindle_stepper/results/figures/time/x/2026-05-07_10-16-00_x315_y315_z60_x_xyz_spindle_alu_tip_no_lock_fs_20000_reciprocating_tap13/force.png,derived,36306,ad5134e068e18bb8c9117f5e44a25a267913405511491c48b2256dadd9bf4403,2026-05-20T09:40:18Z,,2026-05-07_001_tap_tests_stepper,,,,,,,,,,,,,,,force
tap-tests,Machine FRF and stability/Tap tests/2026-05-07_001_tap_tests_stepper/spindle_stepper/results/figures/time/x/2026-05-07_10-16-00_x315_y315_z60_x_xyz_spindle_alu_tip_no_lock_fs_20000_reciprocating_tap13/force_detrended.png,derived,40733,4db0291a0edd214b1c952069374900acaa55e808d3d4662fe37531f7e2f3cbe2,2026-05-20T09:40:18Z,,2026-05-07_001_tap_tests_stepper,,,,,,,,,,,,,,,force_detrended
tap-tests,Machine FRF and stability/Tap tests/2026-05-07_001_tap_tests_stepper/spindle_stepper/results/figures/time/x/2026-05-07_10-16-00_x315_y315_z60_x_xyz_spindle_alu_tip_no_lock_fs_20000_reciprocating_tap13/force_window.png,derived,44729,a78bb69d576c161c586b960931dc879fb13d84990975211a11e1e3106b582c99,2026-05-20T09:40:18Z,,2026-05-07_001_tap_tests_stepper,,,,,,,,,,,,,,,force_window
tap-tests,Machine FRF and stability/Tap tests/2026-05-07_001_tap_tests_stepper/spindle_stepper/results/figures/time/x/2026-05-07_10-16-00_x315_y315_z60_x_xyz_spindle_alu_tip_no_lock_fs_20000_reciprocating_tap13/force_windowed.png,derived,34967,1fdd7a6252ce681647f2367038968c4f55506d9611102ae5e8efd9cdfe0630d0,2026-05-20T09:40:19Z,,2026-05-07_001_tap_tests_stepper,,,,,,,,,,,,,,,force_windowed
tap-tests,Machine FRF and stability/Tap tests/2026-05-07_001_tap_tests_stepper/spindle_stepper/results/figures/time/x/2026-05-07_10-16-00_x315_y315_z60_x_xyz_spindle_alu_tip_no_lock_fs_20000_reciprocating_tap13/response.png,derived,40858,992560ac1b09cd03fb6fade698483cc6eb929146d3de545bebb2051bbf37ec99,2026-05-20T09:40:18Z,,2026-05-07_001_tap_tests_stepper,,,,,,,,,,,,,,,response
tap-tests,Machine FRF and stability/Tap tests/2026-05-07_001_tap_tests_stepper/spindle_stepper/results/figures/time/x/2026-05-07_10-16-00_x315_y315_z60_x_xyz_spindle_alu_tip_no_lock_fs_20000_reciprocating_tap13/response_detrended.png,derived,41503,72ff8aae303fa1e6c65ec03dfaa95f6abeeb12ca897e9f5eac3a71efae12e233,2026-05-20T09:40:19Z,,2026-05-07_001_tap_tests_stepper,,,,,,,,,,,,,,,response_detrended
tap-tests,Machine FRF and stability/Tap tests/2026-05-07_001_tap_tests_stepper/spindle_stepper/results/figures/time/x/2026-05-07_10-16-00_x315_y315_z60_x_xyz_spindle_alu_tip_no_lock_fs_20000_reciprocating_tap13/response_wiener.png,derived,37295,ba834d0a70ffa755a4eee7749d95ade8dd9df408752ae943a7fb3fae93a9c28d,2026-05-20T09:40:19Z,,2026-05-07_001_tap_tests_stepper,,,,,,,,,,,,,,,response_wiener
tap-tests,Machine FRF and stability/Tap tests/2026-05-07_001_tap_tests_stepper/spindle_stepper/results/figures/time/x/2026-05-07_10-16-00_x315_y315_z60_x_xyz_spindle_alu_tip_no_lock_fs_20000_reciprocating_tap13/response_window.png,derived,59057,fc927f63f4c984f9b12f29edea7e49078a397d9d146692df2f7d29dd3c954009,2026-05-20T09:40:19Z,,2026-05-07_001_tap_tests_stepper,,,,,,,,,,,,,,,response_window
tap-tests,Machine FRF and stability/Tap tests/2026-05-07_001_tap_tests_stepper/spindle_stepper/results/figures/time/x/2026-05-07_10-16-00_x315_y315_z60_x_xyz_spindle_alu_tip_no_lock_fs_20000_reciprocating_tap13/response_windowed.png,derived,36547,1fac293b15894a0841d7e3542457c36c78b858993bad9133a2cc4b2920c25eba,2026-05-20T09:40:19Z,,2026-05-07_001_tap_tests_stepper,,,,,,,,,,,,,,,response_windowed
tap-tests,Machine FRF and stability/Tap tests/2026-05-07_001_tap_tests_stepper/spindle_stepper/results/figures/time/x/2026-05-07_10-16-00_x315_y315_z60_x_xyz_spindle_alu_tip_no_lock_fs_20000_reciprocating_tap2/force.png,derived,31421,e52c788b39b9e756903c2bbc969ca417c2a99f9e50665df9955321b58735413a,2026-05-20T09:39:33Z,,2026-05-07_001_tap_tests_stepper,,,,,,,,,,,,,,,force
tap-tests,Machine FRF and stability/Tap tests/2026-05-07_001_tap_tests_stepper/spindle_stepper/results/figures/time/x/2026-05-07_10-16-00_x315_y315_z60_x_xyz_spindle_alu_tip_no_lock_fs_20000_reciprocating_tap2/force_detrended.png,derived,35523,98550807e1e5dd746b9ea49aa608bf33239195e87dd55fc615692f82ecb4a5f4,2026-05-20T09:39:34Z,,2026-05-07_001_tap_tests_stepper,,,,,,,,,,,,,,,force_detrended
tap-tests,Machine FRF and stability/Tap tests/2026-05-07_001_tap_tests_stepper/spindle_stepper/results/figures/time/x/2026-05-07_10-16-00_x315_y315_z60_x_xyz_spindle_alu_tip_no_lock_fs_20000_reciprocating_tap2/force_window.png,derived,44692,70743164a989033b78218bbd487f21b4cf46b37344fa184c7eeab1eb98e4e492,2026-05-20T09:39:34Z,,2026-05-07_001_tap_tests_stepper,,,,,,,,,,,,,,,force_window
tap-tests,Machine FRF and stability/Tap tests/2026-05-07_001_tap_tests_stepper/spindle_stepper/results/figures/time/x/2026-05-07_10-16-00_x315_y315_z60_x_xyz_spindle_alu_tip_no_lock_fs_20000_reciprocating_tap2/force_windowed.png,derived,29819,e65c93dab34838bd672575c3fcdd62fc6ffcc3dfcb1b142e46c8b11c998028df,2026-05-20T09:39:34Z,,2026-05-07_001_tap_tests_stepper,,,,,,,,,,,,,,,force_windowed
tap-tests,Machine FRF and stability/Tap tests/2026-05-07_001_tap_tests_stepper/spindle_stepper/results/figures/time/x/2026-05-07_10-16-00_x315_y315_z60_x_xyz_spindle_alu_tip_no_lock_fs_20000_reciprocating_tap2/response.png,derived,47537,6838bc608483ae627cf22334c9b331b384a8c1265c841538f99b5bcffc8da370,2026-05-20T09:39:33Z,,2026-05-07_001_tap_tests_stepper,,,,,,,,,,,,,,,response
tap-tests,Machine FRF and stability/Tap tests/2026-05-07_001_tap_tests_stepper/spindle_stepper/results/figures/time/x/2026-05-07_10-16-00_x315_y315_z60_x_xyz_spindle_alu_tip_no_lock_fs_20000_reciprocating_tap2/response_detrended.png,derived,49511,6e7ce4c634965b802bd0e3f7b1293e49e1d490388e5dbf29eb27e8cae58d4c2f,2026-05-20T09:39:34Z,,2026-05-07_001_tap_tests_stepper,,,,,,,,,,,,,,,response_detrended
tap-tests,Machine FRF and stability/Tap tests/2026-05-07_001_tap_tests_stepper/spindle_stepper/results/figures/time/x/2026-05-07_10-16-00_x315_y315_z60_x_xyz_spindle_alu_tip_no_lock_fs_20000_reciprocating_tap2/response_wiener.png,derived,44936,5ff553decef59ac1877f1a7c5402f74189651f2a11213b4feb53723e34d3e8ea,2026-05-20T09:39:34Z,,2026-05-07_001_tap_tests_stepper,,,,,,,,,,,,,,,response_wiener
tap-tests,Machine FRF and stability/Tap tests/2026-05-07_001_tap_tests_stepper/spindle_stepper/results/figures/time/x/2026-05-07_10-16-00_x315_y315_z60_x_xyz_spindle_alu_tip_no_lock_fs_20000_reciprocating_tap2/response_window.png,derived,64899,b07af3c53e2188c7e1ad51b65dd239a2a1abd602c6bf0d6c9c4552cadc0d8962,2026-05-20T09:39:34Z,,2026-05-07_001_tap_tests_stepper,,,,,,,,,,,,,,,response_window
tap-tests,Machine FRF and stability/Tap tests/2026-05-07_001_tap_tests_stepper/spindle_stepper/results/figures/time/x/2026-05-07_10-16-00_x315_y315_z60_x_xyz_spindle_alu_tip_no_lock_fs_20000_reciprocating_tap2/response_windowed.png,derived,43868,e7ef912e8573167c546b765ac35c588b20f556d6c443725753405da12cfe1313,2026-05-20T09:39:34Z,,2026-05-07_001_tap_tests_stepper,,,,,,,,,,,,,,,response_windowed
tap-tests,Machine FRF and stability/Tap tests/2026-05-07_001_tap_tests_stepper/spindle_stepper/results/figures/time/x/2026-05-07_10-16-00_x315_y315_z60_x_xyz_spindle_alu_tip_no_lock_fs_20000_reciprocating_tap3/force.png,derived,31637,7fdf19c6bf62f6b4b5dfb605eca524ba976895b4e508a51c16e1f1d6a2d8f764,2026-05-20T09:39:38Z,,2026-05-07_001_tap_tests_stepper,,,,,,,,,,,,,,,force
tap-tests,Machine FRF and stability/Tap tests/2026-05-07_001_tap_tests_stepper/spindle_stepper/results/figures/time/x/2026-05-07_10-16-00_x315_y315_z60_x_xyz_spindle_alu_tip_no_lock_fs_20000_reciprocating_tap3/force_detrended.png,derived,35344,49d0eb626842ee296aab67cb0151afb1d0dc17b57f75d8e375f3e2e3f48003fe,2026-05-20T09:39:38Z,,2026-05-07_001_tap_tests_stepper,,,,,,,,,,,,,,,force_detrended
tap-tests,Machine FRF and stability/Tap tests/2026-05-07_001_tap_tests_stepper/spindle_stepper/results/figures/time/x/2026-05-07_10-16-00_x315_y315_z60_x_xyz_spindle_alu_tip_no_lock_fs_20000_reciprocating_tap3/force_window.png,derived,44654,ab7dada827863ff686f4220d2792c11985e2629fa8e269e03cfcbe2d6a00b876,2026-05-20T09:39:39Z,,2026-05-07_001_tap_tests_stepper,,,,,,,,,,,,,,,force_window
tap-tests,Machine FRF and stability/Tap tests/2026-05-07_001_tap_tests_stepper/spindle_stepper/results/figures/time/x/2026-05-07_10-16-00_x315_y315_z60_x_xyz_spindle_alu_tip_no_lock_fs_20000_reciprocating_tap3/force_windowed.png,derived,30000,8a0104e31375a699bd8449047a54cb25cd180d5b358e305f271ce0639a9134e3,2026-05-20T09:39:39Z,,2026-05-07_001_tap_tests_stepper,,,,,,,,,,,,,,,force_windowed
tap-tests,Machine FRF and stability/Tap tests/2026-05-07_001_tap_tests_stepper/spindle_stepper/results/figures/time/x/2026-05-07_10-16-00_x315_y315_z60_x_xyz_spindle_alu_tip_no_lock_fs_20000_reciprocating_tap3/response.png,derived,47205,2eeb8c4cc745a70ec998e897445b972f8854bc43a090a6adda0d0282a8545301,2026-05-20T09:39:38Z,,2026-05-07_001_tap_tests_stepper,,,,,,,,,,,,,,,response
tap-tests,Machine FRF and stability/Tap tests/2026-05-07_001_tap_tests_stepper/spindle_stepper/results/figures/time/x/2026-05-07_10-16-00_x315_y315_z60_x_xyz_spindle_alu_tip_no_lock_fs_20000_reciprocating_tap3/response_detrended.png,derived,49011,56f4d874e66ac413f8b4dcc40d2db50667eb159206d8151a5305eae5a83430b1,2026-05-20T09:39:39Z,,2026-05-07_001_tap_tests_stepper,,,,,,,,,,,,,,,response_detrended
tap-tests,Machine FRF and stability/Tap tests/2026-05-07_001_tap_tests_stepper/spindle_stepper/results/figures/time/x/2026-05-07_10-16-00_x315_y315_z60_x_xyz_spindle_alu_tip_no_lock_fs_20000_reciprocating_tap3/response_wiener.png,derived,44029,277d1a8ae6c3d12939a9ea038ce3c97806e33d2218c25ff6e952a4b7f784cf72,2026-05-20T09:39:39Z,,2026-05-07_001_tap_tests_stepper,,,,,,,,,,,,,,,response_wiener
tap-tests,Machine FRF and stability/Tap tests/2026-05-07_001_tap_tests_stepper/spindle_stepper/results/figures/time/x/2026-05-07_10-16-00_x315_y315_z60_x_xyz_spindle_alu_tip_no_lock_fs_20000_reciprocating_tap3/response_window.png,derived,64861,8092edf11dcb43a377de48566155c00adf99f0494a56718b80ec44a0fb63bf39,2026-05-20T09:39:39Z,,2026-05-07_001_tap_tests_stepper,,,,,,,,,,,,,,,response_window
tap-tests,Machine FRF and stability/Tap tests/2026-05-07_001_tap_tests_stepper/spindle_stepper/results/figures/time/x/2026-05-07_10-16-00_x315_y315_z60_x_xyz_spindle_alu_tip_no_lock_fs_20000_reciprocating_tap3/response_windowed.png,derived,42341,8ac45d3a87fb1c44b5d1f808e8094e21b09bcea5b3b8453649fccc225eba78c4,2026-05-20T09:39:39Z,,2026-05-07_001_tap_tests_stepper,,,,,,,,,,,,,,,response_windowed
tap-tests,Machine FRF and stability/Tap tests/2026-05-07_001_tap_tests_stepper/spindle_stepper/results/figures/time/x/2026-05-07_10-16-00_x315_y315_z60_x_xyz_spindle_alu_tip_no_lock_fs_20000_reciprocating_tap4/force.png,derived,36239,645f5695edf8914c41932609100b1d6df8e997d597dfd4fdd62f94bb46f6c522,2026-05-20T09:39:43Z,,2026-05-07_001_tap_tests_stepper,,,,,,,,,,,,,,,force
tap-tests,Machine FRF and stability/Tap tests/2026-05-07_001_tap_tests_stepper/spindle_stepper/results/figures/time/x/2026-05-07_10-16-00_x315_y315_z60_x_xyz_spindle_alu_tip_no_lock_fs_20000_reciprocating_tap4/force_detrended.png,derived,41002,05df5e5bafeb00b9eeb2ec9e55ebb22855f6df93581eee61591e6a5a52503890,2026-05-20T09:39:43Z,,2026-05-07_001_tap_tests_stepper,,,,,,,,,,,,,,,force_detrended
tap-tests,Machine FRF and stability/Tap tests/2026-05-07_001_tap_tests_stepper/spindle_stepper/results/figures/time/x/2026-05-07_10-16-00_x315_y315_z60_x_xyz_spindle_alu_tip_no_lock_fs_20000_reciprocating_tap4/force_window.png,derived,43955,008dfdaf14c0a1b6255c402347dc2bb7924d0b70448e67fe43241173a4d30644,2026-05-20T09:39:43Z,,2026-05-07_001_tap_tests_stepper,,,,,,,,,,,,,,,force_window
tap-tests,Machine FRF and stability/Tap tests/2026-05-07_001_tap_tests_stepper/spindle_stepper/results/figures/time/x/2026-05-07_10-16-00_x315_y315_z60_x_xyz_spindle_alu_tip_no_lock_fs_20000_reciprocating_tap4/force_windowed.png,derived,34075,f560e1a2e5a4e1d22222a7a7d1ae9acc39c92b7addf935170773ff63a91f8879,2026-05-20T09:39:43Z,,2026-05-07_001_tap_tests_stepper,,,,,,,,,,,,,,,force_windowed
tap-tests,Machine FRF and stability/Tap tests/2026-05-07_001_tap_tests_stepper/spindle_stepper/results/figures/time/x/2026-05-07_10-16-00_x315_y315_z60_x_xyz_spindle_alu_tip_no_lock_fs_20000_reciprocating_tap4/response.png,derived,43856,c6a3a5a152ac515f0822286e42bc97c69d76805b2796e6321e4acbd84732b504,2026-05-20T09:39:43Z,,2026-05-07_001_tap_tests_stepper,,,,,,,,,,,,,,,response
tap-tests,Machine FRF and stability/Tap tests/2026-05-07_001_tap_tests_stepper/spindle_stepper/results/figures/time/x/2026-05-07_10-16-00_x315_y315_z60_x_xyz_spindle_alu_tip_no_lock_fs_20000_reciprocating_tap4/response_detrended.png,derived,45401,6e97f6b8a5e0ccf731fb9ff075f802156e17e1b10ecb399a4beed3c59b65a2f0,2026-05-20T09:39:43Z,,2026-05-07_001_tap_tests_stepper,,,,,,,,,,,,,,,response_detrended
tap-tests,Machine FRF and stability/Tap tests/2026-05-07_001_tap_tests_stepper/spindle_stepper/results/figures/time/x/2026-05-07_10-16-00_x315_y315_z60_x_xyz_spindle_alu_tip_no_lock_fs_20000_reciprocating_tap4/response_wiener.png,derived,39802,f61ac0c3db1e579003dab9b0138e612f15b420f0437d462887381a3167705851,2026-05-20T09:39:44Z,,2026-05-07_001_tap_tests_stepper,,,,,,,,,,,,,,,response_wiener
tap-tests,Machine FRF and stability/Tap tests/2026-05-07_001_tap_tests_stepper/spindle_stepper/results/figures/time/x/2026-05-07_10-16-00_x315_y315_z60_x_xyz_spindle_alu_tip_no_lock_fs_20000_reciprocating_tap4/response_window.png,derived,61897,35cb02f50b5108d243d1dc779128b61007fea5b86ae105aadfa16e8c72f87db3,2026-05-20T09:39:44Z,,2026-05-07_001_tap_tests_stepper,,,,,,,,,,,,,,,response_window
tap-tests,Machine FRF and stability/Tap tests/2026-05-07_001_tap_tests_stepper/spindle_stepper/results/figures/time/x/2026-05-07_10-16-00_x315_y315_z60_x_xyz_spindle_alu_tip_no_lock_fs_20000_reciprocating_tap4/response_windowed.png,derived,38488,509d184740f111447fc55c250715fb1deed4e75216e3efd6b51f02e62392290a,2026-05-20T09:39:44Z,,2026-05-07_001_tap_tests_stepper,,,,,,,,,,,,,,,response_windowed
tap-tests,Machine FRF and stability/Tap tests/2026-05-07_001_tap_tests_stepper/spindle_stepper/results/figures/time/x/2026-05-07_10-16-00_x315_y315_z60_x_xyz_spindle_alu_tip_no_lock_fs_20000_reciprocating_tap5/force.png,derived,37247,76c4b4f5f04e668e86b81645b29f538aa5919edf6c44114dfff81ebb9c4d10a5,2026-05-20T09:39:48Z,,2026-05-07_001_tap_tests_stepper,,,,,,,,,,,,,,,force
tap-tests,Machine FRF and stability/Tap tests/2026-05-07_001_tap_tests_stepper/spindle_stepper/results/figures/time/x/2026-05-07_10-16-00_x315_y315_z60_x_xyz_spindle_alu_tip_no_lock_fs_20000_reciprocating_tap5/force_detrended.png,derived,40758,7863a483d9a9df6121bb44938e2a71e3068947bd9d1a45c13cbe9bcc0753dade,2026-05-20T09:39:48Z,,2026-05-07_001_tap_tests_stepper,,,,,,,,,,,,,,,force_detrended
tap-tests,Machine FRF and stability/Tap tests/2026-05-07_001_tap_tests_stepper/spindle_stepper/results/figures/time/x/2026-05-07_10-16-00_x315_y315_z60_x_xyz_spindle_alu_tip_no_lock_fs_20000_reciprocating_tap5/force_window.png,derived,44692,50613e851f5c82a1964c3cca997952131adbeb008183cb5f69304730629cec29,2026-05-20T09:39:48Z,,2026-05-07_001_tap_tests_stepper,,,,,,,,,,,,,,,force_window
tap-tests,Machine FRF and stability/Tap tests/2026-05-07_001_tap_tests_stepper/spindle_stepper/results/figures/time/x/2026-05-07_10-16-00_x315_y315_z60_x_xyz_spindle_alu_tip_no_lock_fs_20000_reciprocating_tap5/force_windowed.png,derived,34771,2df602eaa53dc7c9acf7653b967bb1341a9a77eae8e854fd3f1b0c412362879b,2026-05-20T09:39:48Z,,2026-05-07_001_tap_tests_stepper,,,,,,,,,,,,,,,force_windowed
tap-tests,Machine FRF and stability/Tap tests/2026-05-07_001_tap_tests_stepper/spindle_stepper/results/figures/time/x/2026-05-07_10-16-00_x315_y315_z60_x_xyz_spindle_alu_tip_no_lock_fs_20000_reciprocating_tap5/response.png,derived,47904,87207d5c6088359ecd3934d53dc704e69e7570694a2fccedb59049e2d3d602d8,2026-05-20T09:39:48Z,,2026-05-07_001_tap_tests_stepper,,,,,,,,,,,,,,,response
tap-tests,Machine FRF and stability/Tap tests/2026-05-07_001_tap_tests_stepper/spindle_stepper/results/figures/time/x/2026-05-07_10-16-00_x315_y315_z60_x_xyz_spindle_alu_tip_no_lock_fs_20000_reciprocating_tap5/response_detrended.png,derived,47372,63716a7d693d9f07df8fdfced2205b7a1438465efa81c37ecbedda3629d86319,2026-05-20T09:39:48Z,,2026-05-07_001_tap_tests_stepper,,,,,,,,,,,,,,,response_detrended
tap-tests,Machine FRF and stability/Tap tests/2026-05-07_001_tap_tests_stepper/spindle_stepper/results/figures/time/x/2026-05-07_10-16-00_x315_y315_z60_x_xyz_spindle_alu_tip_no_lock_fs_20000_reciprocating_tap5/response_wiener.png,derived,42306,41d98c91ad3f136fb50f987f1a9c3fb47639ed79d3daf738cac06790030baa36,2026-05-20T09:39:48Z,,2026-05-07_001_tap_tests_stepper,,,,,,,,,,,,,,,response_wiener
tap-tests,Machine FRF and stability/Tap tests/2026-05-07_001_tap_tests_stepper/spindle_stepper/results/figures/time/x/2026-05-07_10-16-00_x315_y315_z60_x_xyz_spindle_alu_tip_no_lock_fs_20000_reciprocating_tap5/response_window.png,derived,61932,9a1d9013ce3d1d790ce5476a38beb1d7cd2d230d171ad37481c8b8aea10765b3,2026-05-20T09:39:49Z,,2026-05-07_001_tap_tests_stepper,,,,,,,,,,,,,,,response_window
tap-tests,Machine FRF and stability/Tap tests/2026-05-07_001_tap_tests_stepper/spindle_stepper/results/figures/time/x/2026-05-07_10-16-00_x315_y315_z60_x_xyz_spindle_alu_tip_no_lock_fs_20000_reciprocating_tap5/response_windowed.png,derived,40751,076149611ccfd73eb904ca2ded3fcf5a9952e60a21c11473d88f634c91b09ee5,2026-05-20T09:39:49Z,,2026-05-07_001_tap_tests_stepper,,,,,,,,,,,,,,,response_windowed
tap-tests,Machine FRF and stability/Tap tests/2026-05-07_001_tap_tests_stepper/spindle_stepper/results/figures/time/x/2026-05-07_10-16-00_x315_y315_z60_x_xyz_spindle_alu_tip_no_lock_fs_20000_reciprocating_tap7/force.png,derived,35727,8f55a061ae43961b24a5a80fdd640f2790d1844d287def8f07dbfe50e6ed56d5,2026-05-20T09:39:53Z,,2026-05-07_001_tap_tests_stepper,,,,,,,,,,,,,,,force
tap-tests,Machine FRF and stability/Tap tests/2026-05-07_001_tap_tests_stepper/spindle_stepper/results/figures/time/x/2026-05-07_10-16-00_x315_y315_z60_x_xyz_spindle_alu_tip_no_lock_fs_20000_reciprocating_tap7/force_detrended.png,derived,38065,56ec17447b89abc7921a037cc64730e8191612b62ca37807e3908b84912a279f,2026-05-20T09:39:53Z,,2026-05-07_001_tap_tests_stepper,,,,,,,,,,,,,,,force_detrended
tap-tests,Machine FRF and stability/Tap tests/2026-05-07_001_tap_tests_stepper/spindle_stepper/results/figures/time/x/2026-05-07_10-16-00_x315_y315_z60_x_xyz_spindle_alu_tip_no_lock_fs_20000_reciprocating_tap7/force_window.png,derived,42924,13b4fe3ad3c94ea49eec805c6b1d0b57b95897cd80c5522ff13a4fc6929baa58,2026-05-20T09:39:53Z,,2026-05-07_001_tap_tests_stepper,,,,,,,,,,,,,,,force_window
tap-tests,Machine FRF and stability/Tap tests/2026-05-07_001_tap_tests_stepper/spindle_stepper/results/figures/time/x/2026-05-07_10-16-00_x315_y315_z60_x_xyz_spindle_alu_tip_no_lock_fs_20000_reciprocating_tap7/force_windowed.png,derived,32406,8c33946a952353d67413067e7ddaefc951f223f5e0ae3fb11c010a64925ce867,2026-05-20T09:39:53Z,,2026-05-07_001_tap_tests_stepper,,,,,,,,,,,,,,,force_windowed
tap-tests,Machine FRF and stability/Tap tests/2026-05-07_001_tap_tests_stepper/spindle_stepper/results/figures/time/x/2026-05-07_10-16-00_x315_y315_z60_x_xyz_spindle_alu_tip_no_lock_fs_20000_reciprocating_tap7/response.png,derived,40708,7935addc3e1bb091ab277082706fe93534a62ba032ef71b608ad9da40335a2df,2026-05-20T09:39:53Z,,2026-05-07_001_tap_tests_stepper,,,,,,,,,,,,,,,response
tap-tests,Machine FRF and stability/Tap tests/2026-05-07_001_tap_tests_stepper/spindle_stepper/results/figures/time/x/2026-05-07_10-16-00_x315_y315_z60_x_xyz_spindle_alu_tip_no_lock_fs_20000_reciprocating_tap7/response_detrended.png,derived,41337,a7b17a416975f3ebb92753d27bd12125188049d863798179f157ed82f7f4b82c,2026-05-20T09:39:53Z,,2026-05-07_001_tap_tests_stepper,,,,,,,,,,,,,,,response_detrended
tap-tests,Machine FRF and stability/Tap tests/2026-05-07_001_tap_tests_stepper/spindle_stepper/results/figures/time/x/2026-05-07_10-16-00_x315_y315_z60_x_xyz_spindle_alu_tip_no_lock_fs_20000_reciprocating_tap7/response_wiener.png,derived,37415,a9b88434276a5f332a0f2714bbc00faf3e4db5849c94d88322d0961c371fd53a,2026-05-20T09:39:53Z,,2026-05-07_001_tap_tests_stepper,,,,,,,,,,,,,,,response_wiener
tap-tests,Machine FRF and stability/Tap tests/2026-05-07_001_tap_tests_stepper/spindle_stepper/results/figures/time/x/2026-05-07_10-16-00_x315_y315_z60_x_xyz_spindle_alu_tip_no_lock_fs_20000_reciprocating_tap7/response_window.png,derived,58902,095cf8d5cb679f38da768b9b66c81c9d64d060849c55191099f1ddae154eace5,2026-05-20T09:39:54Z,,2026-05-07_001_tap_tests_stepper,,,,,,,,,,,,,,,response_window
tap-tests,Machine FRF and stability/Tap tests/2026-05-07_001_tap_tests_stepper/spindle_stepper/results/figures/time/x/2026-05-07_10-16-00_x315_y315_z60_x_xyz_spindle_alu_tip_no_lock_fs_20000_reciprocating_tap7/response_windowed.png,derived,36524,147282d31a7277c7e268273db5aadb3533e438bd1267f228d9a7d4e9cded3328,2026-05-20T09:39:54Z,,2026-05-07_001_tap_tests_stepper,,,,,,,,,,,,,,,response_windowed
tap-tests,Machine FRF and stability/Tap tests/2026-05-07_001_tap_tests_stepper/spindle_stepper/results/figures/time/x/2026-05-07_10-16-00_x315_y315_z60_x_xyz_spindle_alu_tip_no_lock_fs_20000_reciprocating_tap8/force.png,derived,36683,83f89b6924693cb375bfa41edb090b9e088adaca722cf656d27aba132eab30e7,2026-05-20T09:39:58Z,,2026-05-07_001_tap_tests_stepper,,,,,,,,,,,,,,,force
tap-tests,Machine FRF and stability/Tap tests/2026-05-07_001_tap_tests_stepper/spindle_stepper/results/figures/time/x/2026-05-07_10-16-00_x315_y315_z60_x_xyz_spindle_alu_tip_no_lock_fs_20000_reciprocating_tap8/force_detrended.png,derived,40564,d34289e50d44e69b579d627b487973ba5795893799bd12f5318076f8894a2429,2026-05-20T09:39:58Z,,2026-05-07_001_tap_tests_stepper,,,,,,,,,,,,,,,force_detrended
tap-tests,Machine FRF and stability/Tap tests/2026-05-07_001_tap_tests_stepper/spindle_stepper/results/figures/time/x/2026-05-07_10-16-00_x315_y315_z60_x_xyz_spindle_alu_tip_no_lock_fs_20000_reciprocating_tap8/force_window.png,derived,44710,0f6f42667db542d910322e79b8bdadb2f21c7233be68f559e0d7dd1ee23928b8,2026-05-20T09:39:58Z,,2026-05-07_001_tap_tests_stepper,,,,,,,,,,,,,,,force_window
tap-tests,Machine FRF and stability/Tap tests/2026-05-07_001_tap_tests_stepper/spindle_stepper/results/figures/time/x/2026-05-07_10-16-00_x315_y315_z60_x_xyz_spindle_alu_tip_no_lock_fs_20000_reciprocating_tap8/force_windowed.png,derived,35033,fd9c61716bb0f9ddafc9837584ba862258a4e38469013c5c1ef84d3c2993d121,2026-05-20T09:39:58Z,,2026-05-07_001_tap_tests_stepper,,,,,,,,,,,,,,,force_windowed
tap-tests,Machine FRF and stability/Tap tests/2026-05-07_001_tap_tests_stepper/spindle_stepper/results/figures/time/x/2026-05-07_10-16-00_x315_y315_z60_x_xyz_spindle_alu_tip_no_lock_fs_20000_reciprocating_tap8/response.png,derived,45833,4611fe21df2afb3ef7c003fbff521dae36631720892733349520ced7ad4e8f4d,2026-05-20T09:39:58Z,,2026-05-07_001_tap_tests_stepper,,,,,,,,,,,,,,,response
tap-tests,Machine FRF and stability/Tap tests/2026-05-07_001_tap_tests_stepper/spindle_stepper/results/figures/time/x/2026-05-07_10-16-00_x315_y315_z60_x_xyz_spindle_alu_tip_no_lock_fs_20000_reciprocating_tap8/response_detrended.png,derived,46984,cff96c37b961815f330c9f6a22ae5b833e288d319757060a15b4e044b7220713,2026-05-20T09:39:58Z,,2026-05-07_001_tap_tests_stepper,,,,,,,,,,,,,,,response_detrended
tap-tests,Machine FRF and stability/Tap tests/2026-05-07_001_tap_tests_stepper/spindle_stepper/results/figures/time/x/2026-05-07_10-16-00_x315_y315_z60_x_xyz_spindle_alu_tip_no_lock_fs_20000_reciprocating_tap8/response_wiener.png,derived,41639,4424c1e746f498042034242503fb686d84bb8d5abf70ca4daecd8d8f6487b6a2,2026-05-20T09:39:58Z,,2026-05-07_001_tap_tests_stepper,,,,,,,,,,,,,,,response_wiener
tap-tests,Machine FRF and stability/Tap tests/2026-05-07_001_tap_tests_stepper/spindle_stepper/results/figures/time/x/2026-05-07_10-16-00_x315_y315_z60_x_xyz_spindle_alu_tip_no_lock_fs_20000_reciprocating_tap8/response_window.png,derived,61786,955c923145c908d6ddff7d11a153d4f4d0da2143e1b8937e132cd6f905a9989f,2026-05-20T09:39:59Z,,2026-05-07_001_tap_tests_stepper,,,,,,,,,,,,,,,response_window
tap-tests,Machine FRF and stability/Tap tests/2026-05-07_001_tap_tests_stepper/spindle_stepper/results/figures/time/x/2026-05-07_10-16-00_x315_y315_z60_x_xyz_spindle_alu_tip_no_lock_fs_20000_reciprocating_tap8/response_windowed.png,derived,40691,ca0909f22b821341e68750a72d679e04ceb664170f231cff50ba7c9b2adc44cb,2026-05-20T09:39:59Z,,2026-05-07_001_tap_tests_stepper,,,,,,,,,,,,,,,response_windowed
tap-tests,Machine FRF and stability/Tap tests/2026-05-07_001_tap_tests_stepper/spindle_stepper/results/figures/time/x/2026-05-07_10-16-00_x315_y315_z60_x_xyz_spindle_alu_tip_no_lock_fs_20000_reciprocating_tap9/force.png,derived,32116,b25cd72a825dbe479b2baa73394d002347b6f2d1566a6d243091318a0eff3ffe,2026-05-20T09:40:03Z,,2026-05-07_001_tap_tests_stepper,,,,,,,,,,,,,,,force
tap-tests,Machine FRF and stability/Tap tests/2026-05-07_001_tap_tests_stepper/spindle_stepper/results/figures/time/x/2026-05-07_10-16-00_x315_y315_z60_x_xyz_spindle_alu_tip_no_lock_fs_20000_reciprocating_tap9/force_detrended.png,derived,35782,567c5dd289d35c61c824204d34d42da7a1ffb6240729e7d777ec8048ecd7c1bd,2026-05-20T09:40:03Z,,2026-05-07_001_tap_tests_stepper,,,,,,,,,,,,,,,force_detrended
tap-tests,Machine FRF and stability/Tap tests/2026-05-07_001_tap_tests_stepper/spindle_stepper/results/figures/time/x/2026-05-07_10-16-00_x315_y315_z60_x_xyz_spindle_alu_tip_no_lock_fs_20000_reciprocating_tap9/force_window.png,derived,44715,3de9512582266bb59636798779ab5032ccd1af8ad158afd096064b0bec87adcb,2026-05-20T09:40:03Z,,2026-05-07_001_tap_tests_stepper,,,,,,,,,,,,,,,force_window
tap-tests,Machine FRF and stability/Tap tests/2026-05-07_001_tap_tests_stepper/spindle_stepper/results/figures/time/x/2026-05-07_10-16-00_x315_y315_z60_x_xyz_spindle_alu_tip_no_lock_fs_20000_reciprocating_tap9/force_windowed.png,derived,30255,ac61124263a13ab708f3a00f0f671eaafaf31ee8aa2b6fd450ca1ae4025dca1f,2026-05-20T09:40:03Z,,2026-05-07_001_tap_tests_stepper,,,,,,,,,,,,,,,force_windowed
tap-tests,Machine FRF and stability/Tap tests/2026-05-07_001_tap_tests_stepper/spindle_stepper/results/figures/time/x/2026-05-07_10-16-00_x315_y315_z60_x_xyz_spindle_alu_tip_no_lock_fs_20000_reciprocating_tap9/response.png,derived,46082,82739f8d43960caf6a8e2b62c37d0c8d97f0a8c81c3f3622b71fa1caa0359e6b,2026-05-20T09:40:03Z,,2026-05-07_001_tap_tests_stepper,,,,,,,,,,,,,,,response
tap-tests,Machine FRF and stability/Tap tests/2026-05-07_001_tap_tests_stepper/spindle_stepper/results/figures/time/x/2026-05-07_10-16-00_x315_y315_z60_x_xyz_spindle_alu_tip_no_lock_fs_20000_reciprocating_tap9/response_detrended.png,derived,47657,5dc17fd08a3279e7bd881f2157080835232c91c7e45b8bc69334b5fc792b6144,2026-05-20T09:40:03Z,,2026-05-07_001_tap_tests_stepper,,,,,,,,,,,,,,,response_detrended
tap-tests,Machine FRF and stability/Tap tests/2026-05-07_001_tap_tests_stepper/spindle_stepper/results/figures/time/x/2026-05-07_10-16-00_x315_y315_z60_x_xyz_spindle_alu_tip_no_lock_fs_20000_reciprocating_tap9/response_wiener.png,derived,42608,0eb1ee5a776d5a1d4bd2d9b12a5928f4f05d601bebea1f6db6138a58113d5405,2026-05-20T09:40:04Z,,2026-05-07_001_tap_tests_stepper,,,,,,,,,,,,,,,response_wiener
tap-tests,Machine FRF and stability/Tap tests/2026-05-07_001_tap_tests_stepper/spindle_stepper/results/figures/time/x/2026-05-07_10-16-00_x315_y315_z60_x_xyz_spindle_alu_tip_no_lock_fs_20000_reciprocating_tap9/response_window.png,derived,61870,5bbbae12a08aced4844188a63ea4eaebbbd6d58f00e54433c91348c4f1f6b1f1,2026-05-20T09:40:04Z,,2026-05-07_001_tap_tests_stepper,,,,,,,,,,,,,,,response_window
tap-tests,Machine FRF and stability/Tap tests/2026-05-07_001_tap_tests_stepper/spindle_stepper/results/figures/time/x/2026-05-07_10-16-00_x315_y315_z60_x_xyz_spindle_alu_tip_no_lock_fs_20000_reciprocating_tap9/response_windowed.png,derived,41593,7c47bee26f21b18a9331c42b9d02a9705cf59f40917f407f78be4fadab145e5e,2026-05-20T09:40:04Z,,2026-05-07_001_tap_tests_stepper,,,,,,,,,,,,,,,response_windowed
tap-tests,Machine FRF and stability/Tap tests/2026-05-07_001_tap_tests_stepper/spindle_stepper/results/figures/time/x/average/force.png,derived,38492,e96406455726942c425486d92054d227b6b554ae5fcf7e7b3957f9a21326a6b6,2026-05-20T09:40:23Z,,2026-05-07_001_tap_tests_stepper,,,,,,,,,,,,,,,force
tap-tests,Machine FRF and stability/Tap tests/2026-05-07_001_tap_tests_stepper/spindle_stepper/results/figures/time/x/average/force_detrended.png,derived,39302,7b3b75f6decea4320edee93e7132eb6c00e75af70d020d081acc372336f4cd70,2026-05-20T09:40:23Z,,2026-05-07_001_tap_tests_stepper,,,,,,,,,,,,,,,force_detrended
tap-tests,Machine FRF and stability/Tap tests/2026-05-07_001_tap_tests_stepper/spindle_stepper/results/figures/time/x/average/force_window.png,derived,45255,09c56e10018d986cee0fb05617f85deabf7bbbae6222cb248ae97f531b508c15,2026-05-20T09:40:23Z,,2026-05-07_001_tap_tests_stepper,,,,,,,,,,,,,,,force_window
tap-tests,Machine FRF and stability/Tap tests/2026-05-07_001_tap_tests_stepper/spindle_stepper/results/figures/time/x/average/force_windowed.png,derived,35453,93e6e1e9157d571ea593bde9bd8c4899f4f8ed63bb418c0470224caf3b55fa87,2026-05-20T09:40:23Z,,2026-05-07_001_tap_tests_stepper,,,,,,,,,,,,,,,force_windowed
tap-tests,Machine FRF and stability/Tap tests/2026-05-07_001_tap_tests_stepper/spindle_stepper/results/figures/time/x/average/response.png,derived,42919,480054df6e91c74d0f3af44fbd5b7b771bfb1df427f70e18289bd064481b688a,2026-05-20T09:40:23Z,,2026-05-07_001_tap_tests_stepper,,,,,,,,,,,,,,,response
tap-tests,Machine FRF and stability/Tap tests/2026-05-07_001_tap_tests_stepper/spindle_stepper/results/figures/time/x/average/response_detrended.png,derived,43154,988f8852d8316761965972dea080e2be6a55d599a67382e52eca6df887e59766,2026-05-20T09:40:24Z,,2026-05-07_001_tap_tests_stepper,,,,,,,,,,,,,,,response_detrended
tap-tests,Machine FRF and stability/Tap tests/2026-05-07_001_tap_tests_stepper/spindle_stepper/results/figures/time/x/average/response_wiener.png,derived,40958,7c0fc182cb3cd19558980ebca48309077d51f0c7fa04f7c8feb59aab0cd257fb,2026-05-20T09:40:24Z,,2026-05-07_001_tap_tests_stepper,,,,,,,,,,,,,,,response_wiener
tap-tests,Machine FRF and stability/Tap tests/2026-05-07_001_tap_tests_stepper/spindle_stepper/results/figures/time/x/average/response_window.png,derived,65529,b28292632a7aea94f187f00100b538f6ba54e2f84d5dd296c189e0c45206cb09,2026-05-20T09:40:24Z,,2026-05-07_001_tap_tests_stepper,,,,,,,,,,,,,,,response_window
tap-tests,Machine FRF and stability/Tap tests/2026-05-07_001_tap_tests_stepper/spindle_stepper/results/figures/time/x/average/response_windowed.png,derived,39147,94290736dd8b8d7b2e6e4a328e8b14438f8b000f73be0baa9583f7912968340a,2026-05-20T09:40:24Z,,2026-05-07_001_tap_tests_stepper,,,,,,,,,,,,,,,response_windowed
tap-tests,Machine FRF and stability/Tap tests/2026-05-07_001_tap_tests_stepper/spindle_stepper/results/logs/export_log.json,derived,22261,cecaa18af12b4267b205f117740e84e57036b79765dd13b4f4663225a733e1ec,2026-05-20T09:40:27Z,,2026-05-07_001_tap_tests_stepper,,,,,,,,,,,,,,,export_log
tap-tests,Machine FRF and stability/Tap tests/2026-05-07_001_tap_tests_stepper/spindle_stepper/results/tables/fft/x/2026-05-07_10-16-00_x315_y315_z60_x_xyz_spindle_alu_tip_no_lock_fs_20000_reciprocating_tap1.csv,derived,859338,03badfaac49e7d24ab58465d351ccc52498c5f65dbbcc1cfd1e47eb3792e2533,2026-05-20T09:39:29Z,,2026-05-07_001_tap_tests_stepper,,,,,,,,,,,,,1,20000,2026-05-07_10-16-00_x315_y315_z60_x_xyz_spindle_alu_tip_no_lock_fs_20000_reciprocating_tap1
tap-tests,Machine FRF and stability/Tap tests/2026-05-07_001_tap_tests_stepper/spindle_stepper/results/tables/fft/x/2026-05-07_10-16-00_x315_y315_z60_x_xyz_spindle_alu_tip_no_lock_fs_20000_reciprocating_tap11.csv,derived,858378,a0416ed62dd1ee9e8d01a064e95f3f04fdcf03c553485e14b73113b7b2d324d7,2026-05-20T09:40:08Z,,2026-05-07_001_tap_tests_stepper,,,,,,,,,,,,,11,20000,2026-05-07_10-16-00_x315_y315_z60_x_xyz_spindle_alu_tip_no_lock_fs_20000_reciprocating_tap11
tap-tests,Machine FRF and stability/Tap tests/2026-05-07_001_tap_tests_stepper/spindle_stepper/results/tables/fft/x/2026-05-07_10-16-00_x315_y315_z60_x_xyz_spindle_alu_tip_no_lock_fs_20000_reciprocating_tap12.csv,derived,859445,71e5457546bb7f67cc5109929f17b57bafda219fe72704f3391def84095226ab,2026-05-20T09:40:13Z,,2026-05-07_001_tap_tests_stepper,,,,,,,,,,,,,12,20000,2026-05-07_10-16-00_x315_y315_z60_x_xyz_spindle_alu_tip_no_lock_fs_20000_reciprocating_tap12
tap-tests,Machine FRF and stability/Tap tests/2026-05-07_001_tap_tests_stepper/spindle_stepper/results/tables/fft/x/2026-05-07_10-16-00_x315_y315_z60_x_xyz_spindle_alu_tip_no_lock_fs_20000_reciprocating_tap13.csv,derived,861769,70f0aa78752651b9efae413ac3f156a11d7f0a3cfbe659e88503a0effde724cb,2026-05-20T09:40:18Z,,2026-05-07_001_tap_tests_stepper,,,,,,,,,,,,,13,20000,2026-05-07_10-16-00_x315_y315_z60_x_xyz_spindle_alu_tip_no_lock_fs_20000_reciprocating_tap13
tap-tests,Machine FRF and stability/Tap tests/2026-05-07_001_tap_tests_stepper/spindle_stepper/results/tables/fft/x/2026-05-07_10-16-00_x315_y315_z60_x_xyz_spindle_alu_tip_no_lock_fs_20000_reciprocating_tap2.csv,derived,858437,e2e8d29396f5b5c9ffeaa6709d121cd00b22098d33176b5d62bea052a86dbd1c,2026-05-20T09:39:33Z,,2026-05-07_001_tap_tests_stepper,,,,,,,,,,,,,2,20000,2026-05-07_10-16-00_x315_y315_z60_x_xyz_spindle_alu_tip_no_lock_fs_20000_reciprocating_tap2
tap-tests,Machine FRF and stability/Tap tests/2026-05-07_001_tap_tests_stepper/spindle_stepper/results/tables/fft/x/2026-05-07_10-16-00_x315_y315_z60_x_xyz_spindle_alu_tip_no_lock_fs_20000_reciprocating_tap3.csv,derived,860499,42fcbf133d950d7e31e6d0e693bfc61ee4c78aa00efb2c598af9c7d212768de7,2026-05-20T09:39:38Z,,2026-05-07_001_tap_tests_stepper,,,,,,,,,,,,,3,20000,2026-05-07_10-16-00_x315_y315_z60_x_xyz_spindle_alu_tip_no_lock_fs_20000_reciprocating_tap3
tap-tests,Machine FRF and stability/Tap tests/2026-05-07_001_tap_tests_stepper/spindle_stepper/results/tables/fft/x/2026-05-07_10-16-00_x315_y315_z60_x_xyz_spindle_alu_tip_no_lock_fs_20000_reciprocating_tap4.csv,derived,863054,6818ecd9a90b600b24abe07b8e891442dc1ede1a23493f0223ca02ab8de13391,2026-05-20T09:39:42Z,,2026-05-07_001_tap_tests_stepper,,,,,,,,,,,,,4,20000,2026-05-07_10-16-00_x315_y315_z60_x_xyz_spindle_alu_tip_no_lock_fs_20000_reciprocating_tap4
tap-tests,Machine FRF and stability/Tap tests/2026-05-07_001_tap_tests_stepper/spindle_stepper/results/tables/fft/x/2026-05-07_10-16-00_x315_y315_z60_x_xyz_spindle_alu_tip_no_lock_fs_20000_reciprocating_tap5.csv,derived,859270,9942abf67da8305201bae7f8f99c290cf022aafb7b78d97fba8ea0e69b74f7b0,2026-05-20T09:39:47Z,,2026-05-07_001_tap_tests_stepper,,,,,,,,,,,,,5,20000,2026-05-07_10-16-00_x315_y315_z60_x_xyz_spindle_alu_tip_no_lock_fs_20000_reciprocating_tap5
tap-tests,Machine FRF and stability/Tap tests/2026-05-07_001_tap_tests_stepper/spindle_stepper/results/tables/fft/x/2026-05-07_10-16-00_x315_y315_z60_x_xyz_spindle_alu_tip_no_lock_fs_20000_reciprocating_tap7.csv,derived,862070,bc3d65c861d7c24443d0e830c00ae87e60ca7d1a1d86f039fd4cc5339daa7f74,2026-05-20T09:39:52Z,,2026-05-07_001_tap_tests_stepper,,,,,,,,,,,,,7,20000,2026-05-07_10-16-00_x315_y315_z60_x_xyz_spindle_alu_tip_no_lock_fs_20000_reciprocating_tap7
tap-tests,Machine FRF and stability/Tap tests/2026-05-07_001_tap_tests_stepper/spindle_stepper/results/tables/fft/x/2026-05-07_10-16-00_x315_y315_z60_x_xyz_spindle_alu_tip_no_lock_fs_20000_reciprocating_tap8.csv,derived,859251,7de1cd756c4ee2e97c7adecd5011d320a61b5a8fc85980ffdb9abb2a6edd154c,2026-05-20T09:39:57Z,,2026-05-07_001_tap_tests_stepper,,,,,,,,,,,,,8,20000,2026-05-07_10-16-00_x315_y315_z60_x_xyz_spindle_alu_tip_no_lock_fs_20000_reciprocating_tap8
tap-tests,Machine FRF and stability/Tap tests/2026-05-07_001_tap_tests_stepper/spindle_stepper/results/tables/fft/x/2026-05-07_10-16-00_x315_y315_z60_x_xyz_spindle_alu_tip_no_lock_fs_20000_reciprocating_tap9.csv,derived,859589,b6aeb079364022dc90db0c86ae5e6367a6a9373894dbe4d7092c9ee1f8d68783,2026-05-20T09:40:03Z,,2026-05-07_001_tap_tests_stepper,,,,,,,,,,,,,9,20000,2026-05-07_10-16-00_x315_y315_z60_x_xyz_spindle_alu_tip_no_lock_fs_20000_reciprocating_tap9
tap-tests,Machine FRF and stability/Tap tests/2026-05-07_001_tap_tests_stepper/spindle_stepper/results/tables/fft/x/average.csv,derived,862374,b2df283e78680c0c4fef4dfbd1dead2709e218fe422ff83e6ed7018c5eab04ca,2026-05-20T09:40:23Z,,2026-05-07_001_tap_tests_stepper,,,,,,,,,,,,,,,average
tap-tests,Machine FRF and stability/Tap tests/2026-05-07_001_tap_tests_stepper/spindle_stepper/results/tables/frequency/x/2026-05-07_10-16-00_x315_y315_z60_x_xyz_spindle_alu_tip_no_lock_fs_20000_reciprocating_tap1.csv,derived,346441,a4b0a95f67441a9db52de17d6db8379b92aaefd0ff981b3e68c9f6c94f0a5df7,2026-05-20T09:39:28Z,,2026-05-07_001_tap_tests_stepper,,,,,,,,,,,,,1,20000,2026-05-07_10-16-00_x315_y315_z60_x_xyz_spindle_alu_tip_no_lock_fs_20000_reciprocating_tap1
tap-tests,Machine FRF and stability/Tap tests/2026-05-07_001_tap_tests_stepper/spindle_stepper/results/tables/frequency/x/2026-05-07_10-16-00_x315_y315_z60_x_xyz_spindle_alu_tip_no_lock_fs_20000_reciprocating_tap11.csv,derived,346020,34d4387c0ed796af9261be0ee10d178f741ce8e16ca3534a639c59a1d0095fa2,2026-05-20T09:40:07Z,,2026-05-07_001_tap_tests_stepper,,,,,,,,,,,,,11,20000,2026-05-07_10-16-00_x315_y315_z60_x_xyz_spindle_alu_tip_no_lock_fs_20000_reciprocating_tap11
tap-tests,Machine FRF and stability/Tap tests/2026-05-07_001_tap_tests_stepper/spindle_stepper/results/tables/frequency/x/2026-05-07_10-16-00_x315_y315_z60_x_xyz_spindle_alu_tip_no_lock_fs_20000_reciprocating_tap12.csv,derived,347261,9ac51cfc0e160953a7b42a9eb538f56d25d5e4aa33c587afd428894414865f7b,2026-05-20T09:40:12Z,,2026-05-07_001_tap_tests_stepper,,,,,,,,,,,,,12,20000,2026-05-07_10-16-00_x315_y315_z60_x_xyz_spindle_alu_tip_no_lock_fs_20000_reciprocating_tap12
tap-tests,Machine FRF and stability/Tap tests/2026-05-07_001_tap_tests_stepper/spindle_stepper/results/tables/frequency/x/2026-05-07_10-16-00_x315_y315_z60_x_xyz_spindle_alu_tip_no_lock_fs_20000_reciprocating_tap13.csv,derived,346314,9bab45fbfd2a05cfcebe302a874430ffa431f80bd564c9ef38559aaa16d81683,2026-05-20T09:40:18Z,,2026-05-07_001_tap_tests_stepper,,,,,,,,,,,,,13,20000,2026-05-07_10-16-00_x315_y315_z60_x_xyz_spindle_alu_tip_no_lock_fs_20000_reciprocating_tap13
tap-tests,Machine FRF and stability/Tap tests/2026-05-07_001_tap_tests_stepper/spindle_stepper/results/tables/frequency/x/2026-05-07_10-16-00_x315_y315_z60_x_xyz_spindle_alu_tip_no_lock_fs_20000_reciprocating_tap2.csv,derived,347000,6eca7422b4dcd235d5583efb0d3da36b4cd3ea84e283fb0221fbbaeba37bea9d,2026-05-20T09:39:33Z,,2026-05-07_001_tap_tests_stepper,,,,,,,,,,,,,2,20000,2026-05-07_10-16-00_x315_y315_z60_x_xyz_spindle_alu_tip_no_lock_fs_20000_reciprocating_tap2
tap-tests,Machine FRF and stability/Tap tests/2026-05-07_001_tap_tests_stepper/spindle_stepper/results/tables/frequency/x/2026-05-07_10-16-00_x315_y315_z60_x_xyz_spindle_alu_tip_no_lock_fs_20000_reciprocating_tap3.csv,derived,346251,630016737571b24e328bacfe211dc381421fb76b4c5a274bdf15fecac6f605df,2026-05-20T09:39:38Z,,2026-05-07_001_tap_tests_stepper,,,,,,,,,,,,,3,20000,2026-05-07_10-16-00_x315_y315_z60_x_xyz_spindle_alu_tip_no_lock_fs_20000_reciprocating_tap3
tap-tests,Machine FRF and stability/Tap tests/2026-05-07_001_tap_tests_stepper/spindle_stepper/results/tables/frequency/x/2026-05-07_10-16-00_x315_y315_z60_x_xyz_spindle_alu_tip_no_lock_fs_20000_reciprocating_tap4.csv,derived,347739,d719d54739c7553e9b9cc0e5c9ad5e54bd193f28e02f580dc958bd4d7d42ec3b,2026-05-20T09:39:42Z,,2026-05-07_001_tap_tests_stepper,,,,,,,,,,,,,4,20000,2026-05-07_10-16-00_x315_y315_z60_x_xyz_spindle_alu_tip_no_lock_fs_20000_reciprocating_tap4
tap-tests,Machine FRF and stability/Tap tests/2026-05-07_001_tap_tests_stepper/spindle_stepper/results/tables/frequency/x/2026-05-07_10-16-00_x315_y315_z60_x_xyz_spindle_alu_tip_no_lock_fs_20000_reciprocating_tap5.csv,derived,346678,811fc0d1e70e533e613b8663c515222dd9926d6d4fff95544ef3abccad1e4334,2026-05-20T09:39:47Z,,2026-05-07_001_tap_tests_stepper,,,,,,,,,,,,,5,20000,2026-05-07_10-16-00_x315_y315_z60_x_xyz_spindle_alu_tip_no_lock_fs_20000_reciprocating_tap5
tap-tests,Machine FRF and stability/Tap tests/2026-05-07_001_tap_tests_stepper/spindle_stepper/results/tables/frequency/x/2026-05-07_10-16-00_x315_y315_z60_x_xyz_spindle_alu_tip_no_lock_fs_20000_reciprocating_tap7.csv,derived,346763,f6f527e93ce642c9bdb72d5898ffe05e939c71a55193ebf420ca6ad47536fc11,2026-05-20T09:39:52Z,,2026-05-07_001_tap_tests_stepper,,,,,,,,,,,,,7,20000,2026-05-07_10-16-00_x315_y315_z60_x_xyz_spindle_alu_tip_no_lock_fs_20000_reciprocating_tap7
tap-tests,Machine FRF and stability/Tap tests/2026-05-07_001_tap_tests_stepper/spindle_stepper/results/tables/frequency/x/2026-05-07_10-16-00_x315_y315_z60_x_xyz_spindle_alu_tip_no_lock_fs_20000_reciprocating_tap8.csv,derived,347056,0e049c22682fc3b6a0d997e79dadbf9e77d742e5f81a43f483e33fd732fe1879,2026-05-20T09:39:57Z,,2026-05-07_001_tap_tests_stepper,,,,,,,,,,,,,8,20000,2026-05-07_10-16-00_x315_y315_z60_x_xyz_spindle_alu_tip_no_lock_fs_20000_reciprocating_tap8
tap-tests,Machine FRF and stability/Tap tests/2026-05-07_001_tap_tests_stepper/spindle_stepper/results/tables/frequency/x/2026-05-07_10-16-00_x315_y315_z60_x_xyz_spindle_alu_tip_no_lock_fs_20000_reciprocating_tap9.csv,derived,347355,1d8fc09d3e649b567e0df41334de887ad910c25ab49e448ec03ea7be68542b90,2026-05-20T09:40:02Z,,2026-05-07_001_tap_tests_stepper,,,,,,,,,,,,,9,20000,2026-05-07_10-16-00_x315_y315_z60_x_xyz_spindle_alu_tip_no_lock_fs_20000_reciprocating_tap9
tap-tests,Machine FRF and stability/Tap tests/2026-05-07_001_tap_tests_stepper/spindle_stepper/results/tables/frequency/x/average.csv,derived,346830,999997597633b34d5c78524c39a4eeb027079552c0e1d95858b0224a35445d11,2026-05-20T09:40:23Z,,2026-05-07_001_tap_tests_stepper,,,,,,,,,,,,,,,average
tap-tests,Machine FRF and stability/Tap tests/2026-05-07_001_tap_tests_stepper/spindle_stepper/results/tables/raw/x/2026-05-07_10-16-00_x315_y315_z60_x_xyz_spindle_alu_tip_no_lock_fs_20000_reciprocating_tap1.csv,derived,349008,b1ed2c158da2ceb46e69e9bfc567b583e28bafa1742cde5ee524cafe4ea54d3a,2026-05-20T09:39:28Z,,2026-05-07_001_tap_tests_stepper,,,,,,,,,,,,,1,20000,2026-05-07_10-16-00_x315_y315_z60_x_xyz_spindle_alu_tip_no_lock_fs_20000_reciprocating_tap1
tap-tests,Machine FRF and stability/Tap tests/2026-05-07_001_tap_tests_stepper/spindle_stepper/results/tables/raw/x/2026-05-07_10-16-00_x315_y315_z60_x_xyz_spindle_alu_tip_no_lock_fs_20000_reciprocating_tap11.csv,derived,348853,47c005396645ca14285447f94b6282a0dc8216c409a6fc7c4a69e909e886b8d1,2026-05-20T09:40:07Z,,2026-05-07_001_tap_tests_stepper,,,,,,,,,,,,,11,20000,2026-05-07_10-16-00_x315_y315_z60_x_xyz_spindle_alu_tip_no_lock_fs_20000_reciprocating_tap11
tap-tests,Machine FRF and stability/Tap tests/2026-05-07_001_tap_tests_stepper/spindle_stepper/results/tables/raw/x/2026-05-07_10-16-00_x315_y315_z60_x_xyz_spindle_alu_tip_no_lock_fs_20000_reciprocating_tap12.csv,derived,348608,3ad79b6e78f7e7ceed000e7bba0ba741ff546c2c4e5a4070cfd56027d9db522c,2026-05-20T09:40:13Z,,2026-05-07_001_tap_tests_stepper,,,,,,,,,,,,,12,20000,2026-05-07_10-16-00_x315_y315_z60_x_xyz_spindle_alu_tip_no_lock_fs_20000_reciprocating_tap12
tap-tests,Machine FRF and stability/Tap tests/2026-05-07_001_tap_tests_stepper/spindle_stepper/results/tables/raw/x/2026-05-07_10-16-00_x315_y315_z60_x_xyz_spindle_alu_tip_no_lock_fs_20000_reciprocating_tap13.csv,derived,349367,1b4af3305958e9bee4781c8971982e998dc6211ab326ccdde1e2795a571ed0af,2026-05-20T09:40:18Z,,2026-05-07_001_tap_tests_stepper,,,,,,,,,,,,,13,20000,2026-05-07_10-16-00_x315_y315_z60_x_xyz_spindle_alu_tip_no_lock_fs_20000_reciprocating_tap13
tap-tests,Machine FRF and stability/Tap tests/2026-05-07_001_tap_tests_stepper/spindle_stepper/results/tables/raw/x/2026-05-07_10-16-00_x315_y315_z60_x_xyz_spindle_alu_tip_no_lock_fs_20000_reciprocating_tap2.csv,derived,349057,1287955934860c7b7700e7e3f3cd721d6fa2672a41ee908ae5ccf998fbce4823,2026-05-20T09:39:33Z,,2026-05-07_001_tap_tests_stepper,,,,,,,,,,,,,2,20000,2026-05-07_10-16-00_x315_y315_z60_x_xyz_spindle_alu_tip_no_lock_fs_20000_reciprocating_tap2
tap-tests,Machine FRF and stability/Tap tests/2026-05-07_001_tap_tests_stepper/spindle_stepper/results/tables/raw/x/2026-05-07_10-16-00_x315_y315_z60_x_xyz_spindle_alu_tip_no_lock_fs_20000_reciprocating_tap3.csv,derived,349096,aa05dd400ffcd678bab5bee37f4ab42e65ac011c0759bf188484ffbb3733ccfa,2026-05-20T09:39:38Z,,2026-05-07_001_tap_tests_stepper,,,,,,,,,,,,,3,20000,2026-05-07_10-16-00_x315_y315_z60_x_xyz_spindle_alu_tip_no_lock_fs_20000_reciprocating_tap3
tap-tests,Machine FRF and stability/Tap tests/2026-05-07_001_tap_tests_stepper/spindle_stepper/results/tables/raw/x/2026-05-07_10-16-00_x315_y315_z60_x_xyz_spindle_alu_tip_no_lock_fs_20000_reciprocating_tap4.csv,derived,349616,73292afd3bdc8544d3f4aced6ddf7f9e5da238e51fb0c97a914686a04ff3d13d,2026-05-20T09:39:42Z,,2026-05-07_001_tap_tests_stepper,,,,,,,,,,,,,4,20000,2026-05-07_10-16-00_x315_y315_z60_x_xyz_spindle_alu_tip_no_lock_fs_20000_reciprocating_tap4
tap-tests,Machine FRF and stability/Tap tests/2026-05-07_001_tap_tests_stepper/spindle_stepper/results/tables/raw/x/2026-05-07_10-16-00_x315_y315_z60_x_xyz_spindle_alu_tip_no_lock_fs_20000_reciprocating_tap5.csv,derived,348571,6abf8684183297380decc377d0da315f322d1301b9f7eb3c80a84275cc06be85,2026-05-20T09:39:47Z,,2026-05-07_001_tap_tests_stepper,,,,,,,,,,,,,5,20000,2026-05-07_10-16-00_x315_y315_z60_x_xyz_spindle_alu_tip_no_lock_fs_20000_reciprocating_tap5
tap-tests,Machine FRF and stability/Tap tests/2026-05-07_001_tap_tests_stepper/spindle_stepper/results/tables/raw/x/2026-05-07_10-16-00_x315_y315_z60_x_xyz_spindle_alu_tip_no_lock_fs_20000_reciprocating_tap7.csv,derived,349050,4eff0b79a8fcf3510dd453a427b5b8cb99d560c583264923a537f20b047beeb6,2026-05-20T09:39:52Z,,2026-05-07_001_tap_tests_stepper,,,,,,,,,,,,,7,20000,2026-05-07_10-16-00_x315_y315_z60_x_xyz_spindle_alu_tip_no_lock_fs_20000_reciprocating_tap7
tap-tests,Machine FRF and stability/Tap tests/2026-05-07_001_tap_tests_stepper/spindle_stepper/results/tables/raw/x/2026-05-07_10-16-00_x315_y315_z60_x_xyz_spindle_alu_tip_no_lock_fs_20000_reciprocating_tap8.csv,derived,349165,958f292d84386705060d7a1e9da49a7bb6588fe43a8f72afcd81aab3126145cd,2026-05-20T09:39:57Z,,2026-05-07_001_tap_tests_stepper,,,,,,,,,,,,,8,20000,2026-05-07_10-16-00_x315_y315_z60_x_xyz_spindle_alu_tip_no_lock_fs_20000_reciprocating_tap8
tap-tests,Machine FRF and stability/Tap tests/2026-05-07_001_tap_tests_stepper/spindle_stepper/results/tables/raw/x/2026-05-07_10-16-00_x315_y315_z60_x_xyz_spindle_alu_tip_no_lock_fs_20000_reciprocating_tap9.csv,derived,348702,c6d17dbb597ba22c268a0ef9b5634fd5d9256b0bf32ebce3cf7b003bd4d348ce,2026-05-20T09:40:02Z,,2026-05-07_001_tap_tests_stepper,,,,,,,,,,,,,9,20000,2026-05-07_10-16-00_x315_y315_z60_x_xyz_spindle_alu_tip_no_lock_fs_20000_reciprocating_tap9
tap-tests,Machine FRF and stability/Tap tests/2026-05-07_001_tap_tests_stepper/spindle_stepper/results/tables/time/x/2026-05-07_10-16-00_x315_y315_z60_x_xyz_spindle_alu_tip_no_lock_fs_20000_reciprocating_tap1.csv,derived,732039,2acbd8a9eae18b0845dac9342bb7f9db08d777312236336ce1210582bbdd43f9,2026-05-20T09:39:28Z,,2026-05-07_001_tap_tests_stepper,,,,,,,,,,,,,1,20000,2026-05-07_10-16-00_x315_y315_z60_x_xyz_spindle_alu_tip_no_lock_fs_20000_reciprocating_tap1
tap-tests,Machine FRF and stability/Tap tests/2026-05-07_001_tap_tests_stepper/spindle_stepper/results/tables/time/x/2026-05-07_10-16-00_x315_y315_z60_x_xyz_spindle_alu_tip_no_lock_fs_20000_reciprocating_tap11.csv,derived,731233,28e614a32e3e799dc1a417633222b13692d0c78fe15204872fdf7484f7ea7a91,2026-05-20T09:40:07Z,,2026-05-07_001_tap_tests_stepper,,,,,,,,,,,,,11,20000,2026-05-07_10-16-00_x315_y315_z60_x_xyz_spindle_alu_tip_no_lock_fs_20000_reciprocating_tap11
tap-tests,Machine FRF and stability/Tap tests/2026-05-07_001_tap_tests_stepper/spindle_stepper/results/tables/time/x/2026-05-07_10-16-00_x315_y315_z60_x_xyz_spindle_alu_tip_no_lock_fs_20000_reciprocating_tap12.csv,derived,731610,8036bf1f76d274e7da0105aec4d89c9934ad5aaa1303c8cbd7d0ba6837d74de3,2026-05-20T09:40:12Z,,2026-05-07_001_tap_tests_stepper,,,,,,,,,,,,,12,20000,2026-05-07_10-16-00_x315_y315_z60_x_xyz_spindle_alu_tip_no_lock_fs_20000_reciprocating_tap12
tap-tests,Machine FRF and stability/Tap tests/2026-05-07_001_tap_tests_stepper/spindle_stepper/results/tables/time/x/2026-05-07_10-16-00_x315_y315_z60_x_xyz_spindle_alu_tip_no_lock_fs_20000_reciprocating_tap13.csv,derived,735716,e1c07fbd920e02890fcae7b52c3842552dbb670d8cc086761056660180ece764,2026-05-20T09:40:17Z,,2026-05-07_001_tap_tests_stepper,,,,,,,,,,,,,13,20000,2026-05-07_10-16-00_x315_y315_z60_x_xyz_spindle_alu_tip_no_lock_fs_20000_reciprocating_tap13
tap-tests,Machine FRF and stability/Tap tests/2026-05-07_001_tap_tests_stepper/spindle_stepper/results/tables/time/x/2026-05-07_10-16-00_x315_y315_z60_x_xyz_spindle_alu_tip_no_lock_fs_20000_reciprocating_tap2.csv,derived,731469,748fb5c440795dd6b695667e1d6ae56f54b9d0fee710e2aebbb86f3e31ab2a3c,2026-05-20T09:39:33Z,,2026-05-07_001_tap_tests_stepper,,,,,,,,,,,,,2,20000,2026-05-07_10-16-00_x315_y315_z60_x_xyz_spindle_alu_tip_no_lock_fs_20000_reciprocating_tap2
tap-tests,Machine FRF and stability/Tap tests/2026-05-07_001_tap_tests_stepper/spindle_stepper/results/tables/time/x/2026-05-07_10-16-00_x315_y315_z60_x_xyz_spindle_alu_tip_no_lock_fs_20000_reciprocating_tap3.csv,derived,732599,6564690a25d984c58a699b096c6fd8f622d41ee5cea8c77444dafa8fd071ca37,2026-05-20T09:39:37Z,,2026-05-07_001_tap_tests_stepper,,,,,,,,,,,,,3,20000,2026-05-07_10-16-00_x315_y315_z60_x_xyz_spindle_alu_tip_no_lock_fs_20000_reciprocating_tap3
tap-tests,Machine FRF and stability/Tap tests/2026-05-07_001_tap_tests_stepper/spindle_stepper/results/tables/time/x/2026-05-07_10-16-00_x315_y315_z60_x_xyz_spindle_alu_tip_no_lock_fs_20000_reciprocating_tap4.csv,derived,735425,6b09a9a9de5228911699e79e8085d163f79b1d83cfe2391a761fb3669b7bccd4,2026-05-20T09:39:42Z,,2026-05-07_001_tap_tests_stepper,,,,,,,,,,,,,4,20000,2026-05-07_10-16-00_x315_y315_z60_x_xyz_spindle_alu_tip_no_lock_fs_20000_reciprocating_tap4
tap-tests,Machine FRF and stability/Tap tests/2026-05-07_001_tap_tests_stepper/spindle_stepper/results/tables/time/x/2026-05-07_10-16-00_x315_y315_z60_x_xyz_spindle_alu_tip_no_lock_fs_20000_reciprocating_tap5.csv,derived,730491,262e2e391f3b0c5bc08ad3f004360a328ac160abc9be7e87a3633160a3f9cea7,2026-05-20T09:39:47Z,,2026-05-07_001_tap_tests_stepper,,,,,,,,,,,,,5,20000,2026-05-07_10-16-00_x315_y315_z60_x_xyz_spindle_alu_tip_no_lock_fs_20000_reciprocating_tap5
tap-tests,Machine FRF and stability/Tap tests/2026-05-07_001_tap_tests_stepper/spindle_stepper/results/tables/time/x/2026-05-07_10-16-00_x315_y315_z60_x_xyz_spindle_alu_tip_no_lock_fs_20000_reciprocating_tap7.csv,derived,733230,69253411dae6d5b619749bd26a782901cad9a3b5cfe7950519c5da9a7e5cc3be,2026-05-20T09:39:52Z,,2026-05-07_001_tap_tests_stepper,,,,,,,,,,,,,7,20000,2026-05-07_10-16-00_x315_y315_z60_x_xyz_spindle_alu_tip_no_lock_fs_20000_reciprocating_tap7
tap-tests,Machine FRF and stability/Tap tests/2026-05-07_001_tap_tests_stepper/spindle_stepper/results/tables/time/x/2026-05-07_10-16-00_x315_y315_z60_x_xyz_spindle_alu_tip_no_lock_fs_20000_reciprocating_tap8.csv,derived,731417,dd2cbd8dd14d23188dcdc03029954aa4fbae4f372adbe85c22061d52d7037c54,2026-05-20T09:39:57Z,,2026-05-07_001_tap_tests_stepper,,,,,,,,,,,,,8,20000,2026-05-07_10-16-00_x315_y315_z60_x_xyz_spindle_alu_tip_no_lock_fs_20000_reciprocating_tap8
tap-tests,Machine FRF and stability/Tap tests/2026-05-07_001_tap_tests_stepper/spindle_stepper/results/tables/time/x/2026-05-07_10-16-00_x315_y315_z60_x_xyz_spindle_alu_tip_no_lock_fs_20000_reciprocating_tap9.csv,derived,730546,00939a502d739f3f11184cfaf07a22561f27363c89624be1327537790c352ff7,2026-05-20T09:40:02Z,,2026-05-07_001_tap_tests_stepper,,,,,,,,,,,,,9,20000,2026-05-07_10-16-00_x315_y315_z60_x_xyz_spindle_alu_tip_no_lock_fs_20000_reciprocating_tap9
tap-tests,Machine FRF and stability/Tap tests/2026-05-07_001_tap_tests_stepper/spindle_stepper/results/tables/time/x/average.csv,derived,794044,1f868c00cec5d5808e0255725e5ac4437903c0f077037953bf2f1ea429801ed5,2026-05-20T09:40:22Z,,2026-05-07_001_tap_tests_stepper,,,,,,,,,,,,,,,average
tap-tests,Machine FRF and stability/Tap tests/2026-05-07_001_tap_tests_stepper/tool_stepper/analysis.json,derived,23439,5d2a814db99b4040b38267eca3b7a3e33124f6f548e4851d674c33a970b4a8c7,2026-05-20T11:22:16Z,,2026-05-07_001_tap_tests_stepper,,,,,,,,,,,,,,,analysis
tap-tests,Machine FRF and stability/Tap tests/2026-05-07_001_tap_tests_stepper/tool_stepper/results/figures/fft/x/2026-05-07_09-56-00_x315_y315_z60_x_xyz_tool_plastic_tip_no_lock_fs_20000_reciprocating_tap1/fft_magnitude.png,derived,245473,b16c31ccaf4b8675194813b6fc8a75175ade7622298d871b522021fc6a2af50a,2026-05-20T11:21:23Z,,2026-05-07_001_tap_tests_stepper,,,,,,,,,,,,,,,fft_magnitude
tap-tests,Machine FRF and stability/Tap tests/2026-05-07_001_tap_tests_stepper/tool_stepper/results/figures/fft/x/2026-05-07_09-56-00_x315_y315_z60_x_xyz_tool_plastic_tip_no_lock_fs_20000_reciprocating_tap10/fft_magnitude.png,derived,244798,e287cd944fe513480ffd807ce66dc1435637876f8c719df457ad73adbe8a078b,2026-05-20T11:21:48Z,,2026-05-07_001_tap_tests_stepper,,,,,,,,,,,,,,,fft_magnitude
tap-tests,Machine FRF and stability/Tap tests/2026-05-07_001_tap_tests_stepper/tool_stepper/results/figures/fft/x/2026-05-07_09-56-00_x315_y315_z60_x_xyz_tool_plastic_tip_no_lock_fs_20000_reciprocating_tap11/fft_magnitude.png,derived,239837,9990e8441090cff91adf07e59ab7d80906f2ae61b01fc050a931b50d0047881e,2026-05-20T11:21:52Z,,2026-05-07_001_tap_tests_stepper,,,,,,,,,,,,,,,fft_magnitude
tap-tests,Machine FRF and stability/Tap tests/2026-05-07_001_tap_tests_stepper/tool_stepper/results/figures/fft/x/2026-05-07_09-56-00_x315_y315_z60_x_xyz_tool_plastic_tip_no_lock_fs_20000_reciprocating_tap14/fft_magnitude.png,derived,241283,40dea913c0a62dff546945ec68b4fe566c5fec28fda35431b9e1661516cb0adf,2026-05-20T11:21:56Z,,2026-05-07_001_tap_tests_stepper,,,,,,,,,,,,,,,fft_magnitude
tap-tests,Machine FRF and stability/Tap tests/2026-05-07_001_tap_tests_stepper/tool_stepper/results/figures/fft/x/2026-05-07_09-56-00_x315_y315_z60_x_xyz_tool_plastic_tip_no_lock_fs_20000_reciprocating_tap16/fft_magnitude.png,derived,245758,17d088037fd0bf8ae51a5b93b5dff66dde069603177739ddb99cc58ee1dbcd44,2026-05-20T11:22:01Z,,2026-05-07_001_tap_tests_stepper,,,,,,,,,,,,,,,fft_magnitude
tap-tests,Machine FRF and stability/Tap tests/2026-05-07_001_tap_tests_stepper/tool_stepper/results/figures/fft/x/2026-05-07_09-56-00_x315_y315_z60_x_xyz_tool_plastic_tip_no_lock_fs_20000_reciprocating_tap3/fft_magnitude.png,derived,242968,a63829073fccec93618352c5642098e273a1efb1c2f5e218374de30309f61ca7,2026-05-20T11:21:27Z,,2026-05-07_001_tap_tests_stepper,,,,,,,,,,,,,,,fft_magnitude
tap-tests,Machine FRF and stability/Tap tests/2026-05-07_001_tap_tests_stepper/tool_stepper/results/figures/fft/x/2026-05-07_09-56-00_x315_y315_z60_x_xyz_tool_plastic_tip_no_lock_fs_20000_reciprocating_tap5/fft_magnitude.png,derived,237068,4f05147c6c7047a7d88df88bb5b52dc62a686441ea7d51761359a6c4893aa16a,2026-05-20T11:21:31Z,,2026-05-07_001_tap_tests_stepper,,,,,,,,,,,,,,,fft_magnitude
tap-tests,Machine FRF and stability/Tap tests/2026-05-07_001_tap_tests_stepper/tool_stepper/results/figures/fft/x/2026-05-07_09-56-00_x315_y315_z60_x_xyz_tool_plastic_tip_no_lock_fs_20000_reciprocating_tap6/fft_magnitude.png,derived,231990,94cbda685b839db0bc9f0e05b6f8ceeed2f7be5a3b87867072d1af21270456f2,2026-05-20T11:21:36Z,,2026-05-07_001_tap_tests_stepper,,,,,,,,,,,,,,,fft_magnitude
tap-tests,Machine FRF and stability/Tap tests/2026-05-07_001_tap_tests_stepper/tool_stepper/results/figures/fft/x/2026-05-07_09-56-00_x315_y315_z60_x_xyz_tool_plastic_tip_no_lock_fs_20000_reciprocating_tap7/fft_magnitude.png,derived,239788,ce6833b866d0e7961e9eac40040733aba220cd55ac9670b3c37dab63a6cae7a1,2026-05-20T11:21:40Z,,2026-05-07_001_tap_tests_stepper,,,,,,,,,,,,,,,fft_magnitude
tap-tests,Machine FRF and stability/Tap tests/2026-05-07_001_tap_tests_stepper/tool_stepper/results/figures/fft/x/2026-05-07_09-56-00_x315_y315_z60_x_xyz_tool_plastic_tip_no_lock_fs_20000_reciprocating_tap8/fft_magnitude.png,derived,242956,4a3913545f151f5ddd8b30ddf804da9d9ff7966e691bd2988d23ccbc1878bec5,2026-05-20T11:21:44Z,,2026-05-07_001_tap_tests_stepper,,,,,,,,,,,,,,,fft_magnitude
tap-tests,Machine FRF and stability/Tap tests/2026-05-07_001_tap_tests_stepper/tool_stepper/results/figures/fft/x/average/fft_magnitude.png,derived,232716,0e07cd0dfacbce6f19935189c3c669e139808e174449fe2cc4d5f155e1016ab5,2026-05-20T11:22:09Z,,2026-05-07_001_tap_tests_stepper,,,,,,,,,,,,,,,fft_magnitude
tap-tests,Machine FRF and stability/Tap tests/2026-05-07_001_tap_tests_stepper/tool_stepper/results/figures/frequency/x/2026-05-07_09-56-00_x315_y315_z60_x_xyz_tool_plastic_tip_no_lock_fs_20000_reciprocating_tap1/bode_acceleration_force.png,derived,116887,620bf58d0f0211f7dce9311e65a8586c7cd531189188fbaaca6f4395d10bf421,2026-05-20T11:21:22Z,,2026-05-07_001_tap_tests_stepper,,,,,,,,,,,,,,,bode_acceleration_force
tap-tests,Machine FRF and stability/Tap tests/2026-05-07_001_tap_tests_stepper/tool_stepper/results/figures/frequency/x/2026-05-07_09-56-00_x315_y315_z60_x_xyz_tool_plastic_tip_no_lock_fs_20000_reciprocating_tap1/bode_displacement_force.png,derived,116101,f293b962049cc5a028b4d361e82030c969f660c018f014c7ba895ca572d60d75,2026-05-20T11:21:21Z,,2026-05-07_001_tap_tests_stepper,,,,,,,,,,,,,,,bode_displacement_force
tap-tests,Machine FRF and stability/Tap tests/2026-05-07_001_tap_tests_stepper/tool_stepper/results/figures/frequency/x/2026-05-07_09-56-00_x315_y315_z60_x_xyz_tool_plastic_tip_no_lock_fs_20000_reciprocating_tap1/coherence.png,derived,72345,42ea351cb42e8e56ceb4003ed770dbf6c14c51dea28f5e4966aff9cbf6c86342,2026-05-20T11:21:21Z,,2026-05-07_001_tap_tests_stepper,,,,,,,,,,,,,,,coherence
tap-tests,Machine FRF and stability/Tap tests/2026-05-07_001_tap_tests_stepper/tool_stepper/results/figures/frequency/x/2026-05-07_09-56-00_x315_y315_z60_x_xyz_tool_plastic_tip_no_lock_fs_20000_reciprocating_tap1/force_psd.png,derived,71503,a49916d26738f0534f2dd7525f75130c3f78114db6f0b13ae8089a6101f80bbd,2026-05-20T11:21:22Z,,2026-05-07_001_tap_tests_stepper,,,,,,,,,,,,,,,force_psd
tap-tests,Machine FRF and stability/Tap tests/2026-05-07_001_tap_tests_stepper/tool_stepper/results/figures/frequency/x/2026-05-07_09-56-00_x315_y315_z60_x_xyz_tool_plastic_tip_no_lock_fs_20000_reciprocating_tap10/bode_acceleration_force.png,derived,130329,5ff8d4d378d6e410677d7e99bf122552ae86ae136c9c15ebb112444cfc533128,2026-05-20T11:21:47Z,,2026-05-07_001_tap_tests_stepper,,,,,,,,,,,,,,,bode_acceleration_force
tap-tests,Machine FRF and stability/Tap tests/2026-05-07_001_tap_tests_stepper/tool_stepper/results/figures/frequency/x/2026-05-07_09-56-00_x315_y315_z60_x_xyz_tool_plastic_tip_no_lock_fs_20000_reciprocating_tap10/bode_displacement_force.png,derived,130095,8d84f429e448e8318b4c3603c6819449189159d9a3f2424142dbb242619542e7,2026-05-20T11:21:47Z,,2026-05-07_001_tap_tests_stepper,,,,,,,,,,,,,,,bode_displacement_force
tap-tests,Machine FRF and stability/Tap tests/2026-05-07_001_tap_tests_stepper/tool_stepper/results/figures/frequency/x/2026-05-07_09-56-00_x315_y315_z60_x_xyz_tool_plastic_tip_no_lock_fs_20000_reciprocating_tap10/coherence.png,derived,73598,f04f58e8449593eab079571c81b1fe0c40ae86042c3f3e6d6ab0ab45a9102da3,2026-05-20T11:21:46Z,,2026-05-07_001_tap_tests_stepper,,,,,,,,,,,,,,,coherence
tap-tests,Machine FRF and stability/Tap tests/2026-05-07_001_tap_tests_stepper/tool_stepper/results/figures/frequency/x/2026-05-07_09-56-00_x315_y315_z60_x_xyz_tool_plastic_tip_no_lock_fs_20000_reciprocating_tap10/force_psd.png,derived,69210,e4f9b451664ca48a8a078c827ba7a3a97e2de7e57e72f59a7c08f8ad626a78d8,2026-05-20T11:21:47Z,,2026-05-07_001_tap_tests_stepper,,,,,,,,,,,,,,,force_psd
tap-tests,Machine FRF and stability/Tap tests/2026-05-07_001_tap_tests_stepper/tool_stepper/results/figures/frequency/x/2026-05-07_09-56-00_x315_y315_z60_x_xyz_tool_plastic_tip_no_lock_fs_20000_reciprocating_tap11/bode_acceleration_force.png,derived,119485,dea38d5f66733c8ef21c8e19c6d3230e5b1c46c25085da0c1c45c63cd52e97bc,2026-05-20T11:21:51Z,,2026-05-07_001_tap_tests_stepper,,,,,,,,,,,,,,,bode_acceleration_force
tap-tests,Machine FRF and stability/Tap tests/2026-05-07_001_tap_tests_stepper/tool_stepper/results/figures/frequency/x/2026-05-07_09-56-00_x315_y315_z60_x_xyz_tool_plastic_tip_no_lock_fs_20000_reciprocating_tap11/bode_displacement_force.png,derived,99888,2f8f0d2b12c4467fc70bf74b8e4dc6816b27f41f6b4bd2b359634eacb732cf21,2026-05-20T11:21:50Z,,2026-05-07_001_tap_tests_stepper,,,,,,,,,,,,,,,bode_displacement_force
tap-tests,Machine FRF and stability/Tap tests/2026-05-07_001_tap_tests_stepper/tool_stepper/results/figures/frequency/x/2026-05-07_09-56-00_x315_y315_z60_x_xyz_tool_plastic_tip_no_lock_fs_20000_reciprocating_tap11/coherence.png,derived,78130,ac0811c74c92ec52f93ea69b8fd4521e5dbdbeb6cacaf775ded09ebeffbff10d,2026-05-20T11:21:50Z,,2026-05-07_001_tap_tests_stepper,,,,,,,,,,,,,,,coherence
tap-tests,Machine FRF and stability/Tap tests/2026-05-07_001_tap_tests_stepper/tool_stepper/results/figures/frequency/x/2026-05-07_09-56-00_x315_y315_z60_x_xyz_tool_plastic_tip_no_lock_fs_20000_reciprocating_tap11/force_psd.png,derived,81461,1a296ec7d9286df8e903f417fdb568c7492dee3a6dd0a897a42f952320549240,2026-05-20T11:21:51Z,,2026-05-07_001_tap_tests_stepper,,,,,,,,,,,,,,,force_psd
tap-tests,Machine FRF and stability/Tap tests/2026-05-07_001_tap_tests_stepper/tool_stepper/results/figures/frequency/x/2026-05-07_09-56-00_x315_y315_z60_x_xyz_tool_plastic_tip_no_lock_fs_20000_reciprocating_tap14/bode_acceleration_force.png,derived,124292,96559cd49cc3e5791d327cca44934fdb6373dc03e50e5e3d0b7afd06dce63874,2026-05-20T11:21:55Z,,2026-05-07_001_tap_tests_stepper,,,,,,,,,,,,,,,bode_acceleration_force
tap-tests,Machine FRF and stability/Tap tests/2026-05-07_001_tap_tests_stepper/tool_stepper/results/figures/frequency/x/2026-05-07_09-56-00_x315_y315_z60_x_xyz_tool_plastic_tip_no_lock_fs_20000_reciprocating_tap14/bode_displacement_force.png,derived,120803,1582ebd2adc3755fd0ff27bba0e28c7c496c9910338ea6cf039c7214be701867,2026-05-20T11:21:55Z,,2026-05-07_001_tap_tests_stepper,,,,,,,,,,,,,,,bode_displacement_force
tap-tests,Machine FRF and stability/Tap tests/2026-05-07_001_tap_tests_stepper/tool_stepper/results/figures/frequency/x/2026-05-07_09-56-00_x315_y315_z60_x_xyz_tool_plastic_tip_no_lock_fs_20000_reciprocating_tap14/coherence.png,derived,79240,4e966be73ea76f23d42dafc9306fe88efc45c83ff4aeac6aa36f7b564f578ee6,2026-05-20T11:21:54Z,,2026-05-07_001_tap_tests_stepper,,,,,,,,,,,,,,,coherence
tap-tests,Machine FRF and stability/Tap tests/2026-05-07_001_tap_tests_stepper/tool_stepper/results/figures/frequency/x/2026-05-07_09-56-00_x315_y315_z60_x_xyz_tool_plastic_tip_no_lock_fs_20000_reciprocating_tap14/force_psd.png,derived,69991,3dbb3bed54a7dd44201e72becf83745be10d2e41129f2f7882601f785d289bc3,2026-05-20T11:21:55Z,,2026-05-07_001_tap_tests_stepper,,,,,,,,,,,,,,,force_psd
tap-tests,Machine FRF and stability/Tap tests/2026-05-07_001_tap_tests_stepper/tool_stepper/results/figures/frequency/x/2026-05-07_09-56-00_x315_y315_z60_x_xyz_tool_plastic_tip_no_lock_fs_20000_reciprocating_tap16/bode_acceleration_force.png,derived,126510,de11d448424fc0640b61b91b3f0b6dd0779d67cd319852be530e4d128d1cd65b,2026-05-20T11:22:00Z,,2026-05-07_001_tap_tests_stepper,,,,,,,,,,,,,,,bode_acceleration_force
tap-tests,Machine FRF and stability/Tap tests/2026-05-07_001_tap_tests_stepper/tool_stepper/results/figures/frequency/x/2026-05-07_09-56-00_x315_y315_z60_x_xyz_tool_plastic_tip_no_lock_fs_20000_reciprocating_tap16/bode_displacement_force.png,derived,124585,9cea8c40616f25acc4da57e03434cfcf6526af700606b6fb4062f80d50d07bc8,2026-05-20T11:21:59Z,,2026-05-07_001_tap_tests_stepper,,,,,,,,,,,,,,,bode_displacement_force
tap-tests,Machine FRF and stability/Tap tests/2026-05-07_001_tap_tests_stepper/tool_stepper/results/figures/frequency/x/2026-05-07_09-56-00_x315_y315_z60_x_xyz_tool_plastic_tip_no_lock_fs_20000_reciprocating_tap16/coherence.png,derived,71447,27ba18f4450c966e499b45df598765d976668ea2e7929757e0bb309fc87bf8c6,2026-05-20T11:21:58Z,,2026-05-07_001_tap_tests_stepper,,,,,,,,,,,,,,,coherence
tap-tests,Machine FRF and stability/Tap tests/2026-05-07_001_tap_tests_stepper/tool_stepper/results/figures/frequency/x/2026-05-07_09-56-00_x315_y315_z60_x_xyz_tool_plastic_tip_no_lock_fs_20000_reciprocating_tap16/force_psd.png,derived,72712,d8f036d5d2d04152aa89842e0f6dd02f238d7a5064b6a54cebe886538893ebe8,2026-05-20T11:22:00Z,,2026-05-07_001_tap_tests_stepper,,,,,,,,,,,,,,,force_psd
tap-tests,Machine FRF and stability/Tap tests/2026-05-07_001_tap_tests_stepper/tool_stepper/results/figures/frequency/x/2026-05-07_09-56-00_x315_y315_z60_x_xyz_tool_plastic_tip_no_lock_fs_20000_reciprocating_tap3/bode_acceleration_force.png,derived,118460,78fab95b9b2fb2b90bfb05123ce43c6e51625d2d8584212083f544e1668c8d54,2026-05-20T11:21:26Z,,2026-05-07_001_tap_tests_stepper,,,,,,,,,,,,,,,bode_acceleration_force
tap-tests,Machine FRF and stability/Tap tests/2026-05-07_001_tap_tests_stepper/tool_stepper/results/figures/frequency/x/2026-05-07_09-56-00_x315_y315_z60_x_xyz_tool_plastic_tip_no_lock_fs_20000_reciprocating_tap3/bode_displacement_force.png,derived,117602,94d20d3f4e287ec7795bdf36a058ae9becbb3f9ee7ca38cbd79aaeb8722acdef,2026-05-20T11:21:25Z,,2026-05-07_001_tap_tests_stepper,,,,,,,,,,,,,,,bode_displacement_force
tap-tests,Machine FRF and stability/Tap tests/2026-05-07_001_tap_tests_stepper/tool_stepper/results/figures/frequency/x/2026-05-07_09-56-00_x315_y315_z60_x_xyz_tool_plastic_tip_no_lock_fs_20000_reciprocating_tap3/coherence.png,derived,75746,d34fd309b6cc413345524cb9441d52b85b8f97350d461c6f7e5557f4342a5a0c,2026-05-20T11:21:25Z,,2026-05-07_001_tap_tests_stepper,,,,,,,,,,,,,,,coherence
tap-tests,Machine FRF and stability/Tap tests/2026-05-07_001_tap_tests_stepper/tool_stepper/results/figures/frequency/x/2026-05-07_09-56-00_x315_y315_z60_x_xyz_tool_plastic_tip_no_lock_fs_20000_reciprocating_tap3/force_psd.png,derived,86184,ba84cd65ede5980d8e59f2f147d54afd4c9ecba9ae9568425d75e593b3a9e2b1,2026-05-20T11:21:26Z,,2026-05-07_001_tap_tests_stepper,,,,,,,,,,,,,,,force_psd
tap-tests,Machine FRF and stability/Tap tests/2026-05-07_001_tap_tests_stepper/tool_stepper/results/figures/frequency/x/2026-05-07_09-56-00_x315_y315_z60_x_xyz_tool_plastic_tip_no_lock_fs_20000_reciprocating_tap5/bode_acceleration_force.png,derived,120340,c7b7a39f650d40ddfc090b2d14939c863188f72559d3970602041ec13c784977,2026-05-20T11:21:30Z,,2026-05-07_001_tap_tests_stepper,,,,,,,,,,,,,,,bode_acceleration_force
tap-tests,Machine FRF and stability/Tap tests/2026-05-07_001_tap_tests_stepper/tool_stepper/results/figures/frequency/x/2026-05-07_09-56-00_x315_y315_z60_x_xyz_tool_plastic_tip_no_lock_fs_20000_reciprocating_tap5/bode_displacement_force.png,derived,119544,669255a815833822d50170428566256db893b80344565c15f1075da933f2332a,2026-05-20T11:21:30Z,,2026-05-07_001_tap_tests_stepper,,,,,,,,,,,,,,,bode_displacement_force
tap-tests,Machine FRF and stability/Tap tests/2026-05-07_001_tap_tests_stepper/tool_stepper/results/figures/frequency/x/2026-05-07_09-56-00_x315_y315_z60_x_xyz_tool_plastic_tip_no_lock_fs_20000_reciprocating_tap5/coherence.png,derived,72690,c23ae53b7130caa7b8efb8b932a457e73840f68efc279ddd4a69a55a351fbbfc,2026-05-20T11:21:29Z,,2026-05-07_001_tap_tests_stepper,,,,,,,,,,,,,,,coherence
tap-tests,Machine FRF and stability/Tap tests/2026-05-07_001_tap_tests_stepper/tool_stepper/results/figures/frequency/x/2026-05-07_09-56-00_x315_y315_z60_x_xyz_tool_plastic_tip_no_lock_fs_20000_reciprocating_tap5/force_psd.png,derived,72666,e3ee3f7b9ad1121ceca373408e8fc4c19ba3764ab904678cd4d0827223e2c35c,2026-05-20T11:21:30Z,,2026-05-07_001_tap_tests_stepper,,,,,,,,,,,,,,,force_psd
tap-tests,Machine FRF and stability/Tap tests/2026-05-07_001_tap_tests_stepper/tool_stepper/results/figures/frequency/x/2026-05-07_09-56-00_x315_y315_z60_x_xyz_tool_plastic_tip_no_lock_fs_20000_reciprocating_tap6/bode_acceleration_force.png,derived,120432,e26341002c8d5f3880da1f1b686d78389d83b5ab1102c329290e52e1bfdd2df1,2026-05-20T11:21:34Z,,2026-05-07_001_tap_tests_stepper,,,,,,,,,,,,,,,bode_acceleration_force
tap-tests,Machine FRF and stability/Tap tests/2026-05-07_001_tap_tests_stepper/tool_stepper/results/figures/frequency/x/2026-05-07_09-56-00_x315_y315_z60_x_xyz_tool_plastic_tip_no_lock_fs_20000_reciprocating_tap6/bode_displacement_force.png,derived,120367,ab2125b3e7842bec1a1951477788bcdd8dce20a129d3e8713aa358f4137fdf52,2026-05-20T11:21:34Z,,2026-05-07_001_tap_tests_stepper,,,,,,,,,,,,,,,bode_displacement_force
tap-tests,Machine FRF and stability/Tap tests/2026-05-07_001_tap_tests_stepper/tool_stepper/results/figures/frequency/x/2026-05-07_09-56-00_x315_y315_z60_x_xyz_tool_plastic_tip_no_lock_fs_20000_reciprocating_tap6/coherence.png,derived,82021,7584e6280399a65bf2215f4e7024a4d9452f22e14f691149517ba0947e1ac13e,2026-05-20T11:21:33Z,,2026-05-07_001_tap_tests_stepper,,,,,,,,,,,,,,,coherence
tap-tests,Machine FRF and stability/Tap tests/2026-05-07_001_tap_tests_stepper/tool_stepper/results/figures/frequency/x/2026-05-07_09-56-00_x315_y315_z60_x_xyz_tool_plastic_tip_no_lock_fs_20000_reciprocating_tap6/force_psd.png,derived,85425,98e7c2479866ac551ae1ac84243120f798fb26882833cdf725332a06bf928a42,2026-05-20T11:21:35Z,,2026-05-07_001_tap_tests_stepper,,,,,,,,,,,,,,,force_psd
tap-tests,Machine FRF and stability/Tap tests/2026-05-07_001_tap_tests_stepper/tool_stepper/results/figures/frequency/x/2026-05-07_09-56-00_x315_y315_z60_x_xyz_tool_plastic_tip_no_lock_fs_20000_reciprocating_tap7/bode_acceleration_force.png,derived,114951,3cb9da55a11380285ed4eddb1c0bc1e0164e5735fdf16646806e46e4fa0983cd,2026-05-20T11:21:38Z,,2026-05-07_001_tap_tests_stepper,,,,,,,,,,,,,,,bode_acceleration_force
tap-tests,Machine FRF and stability/Tap tests/2026-05-07_001_tap_tests_stepper/tool_stepper/results/figures/frequency/x/2026-05-07_09-56-00_x315_y315_z60_x_xyz_tool_plastic_tip_no_lock_fs_20000_reciprocating_tap7/bode_displacement_force.png,derived,115869,4e8e2f52fe64bed9a5dfa482b328f272d186ed35fa37750487291687f1bd5193,2026-05-20T11:21:38Z,,2026-05-07_001_tap_tests_stepper,,,,,,,,,,,,,,,bode_displacement_force
tap-tests,Machine FRF and stability/Tap tests/2026-05-07_001_tap_tests_stepper/tool_stepper/results/figures/frequency/x/2026-05-07_09-56-00_x315_y315_z60_x_xyz_tool_plastic_tip_no_lock_fs_20000_reciprocating_tap7/coherence.png,derived,77050,6dee796d28750617c1720f79cf6d9c80fddd65228de2f853f9d6529c5170938f,2026-05-20T11:21:37Z,,2026-05-07_001_tap_tests_stepper,,,,,,,,,,,,,,,coherence
tap-tests,Machine FRF and stability/Tap tests/2026-05-07_001_tap_tests_stepper/tool_stepper/results/figures/frequency/x/2026-05-07_09-56-00_x315_y315_z60_x_xyz_tool_plastic_tip_no_lock_fs_20000_reciprocating_tap7/force_psd.png,derived,83875,3c77b7ed570299ccba681da5b189be40660f42b8e653ad94572ffd9a34339cc4,2026-05-20T11:21:39Z,,2026-05-07_001_tap_tests_stepper,,,,,,,,,,,,,,,force_psd
tap-tests,Machine FRF and stability/Tap tests/2026-05-07_001_tap_tests_stepper/tool_stepper/results/figures/frequency/x/2026-05-07_09-56-00_x315_y315_z60_x_xyz_tool_plastic_tip_no_lock_fs_20000_reciprocating_tap8/bode_acceleration_force.png,derived,119701,76b0e1c0e7c4082b84b0eacaef88524279e2870f104e6d3e2a26e453c355fe3d,2026-05-20T11:21:43Z,,2026-05-07_001_tap_tests_stepper,,,,,,,,,,,,,,,bode_acceleration_force
tap-tests,Machine FRF and stability/Tap tests/2026-05-07_001_tap_tests_stepper/tool_stepper/results/figures/frequency/x/2026-05-07_09-56-00_x315_y315_z60_x_xyz_tool_plastic_tip_no_lock_fs_20000_reciprocating_tap8/bode_displacement_force.png,derived,116980,2007d723e8bf2aaa4896435a11c4c5c845645301837c3107a335c46b9a62a3f1,2026-05-20T11:21:42Z,,2026-05-07_001_tap_tests_stepper,,,,,,,,,,,,,,,bode_displacement_force
tap-tests,Machine FRF and stability/Tap tests/2026-05-07_001_tap_tests_stepper/tool_stepper/results/figures/frequency/x/2026-05-07_09-56-00_x315_y315_z60_x_xyz_tool_plastic_tip_no_lock_fs_20000_reciprocating_tap8/coherence.png,derived,75935,5e1085bbb4494f961b5220df309773e3e42ee2b984f76a0b7628b08213903b6a,2026-05-20T11:21:42Z,,2026-05-07_001_tap_tests_stepper,,,,,,,,,,,,,,,coherence
tap-tests,Machine FRF and stability/Tap tests/2026-05-07_001_tap_tests_stepper/tool_stepper/results/figures/frequency/x/2026-05-07_09-56-00_x315_y315_z60_x_xyz_tool_plastic_tip_no_lock_fs_20000_reciprocating_tap8/force_psd.png,derived,68423,67aa7867c266a741fae1c41b69b90d38b5831100b08afac3305758a73473c1af,2026-05-20T11:21:43Z,,2026-05-07_001_tap_tests_stepper,,,,,,,,,,,,,,,force_psd
tap-tests,Machine FRF and stability/Tap tests/2026-05-07_001_tap_tests_stepper/tool_stepper/results/figures/frequency/x/average/bode_acceleration_force.png,derived,121898,451469448e1006d4f9a1dd192c33618ff16a872b59edecdf4a569e59f91c4569,2026-05-20T11:22:07Z,,2026-05-07_001_tap_tests_stepper,,,,,,,,,,,,,,,bode_acceleration_force
tap-tests,Machine FRF and stability/Tap tests/2026-05-07_001_tap_tests_stepper/tool_stepper/results/figures/frequency/x/average/bode_displacement_force.png,derived,104276,47e75e074ee575c9e6d53434fa88af8ae198d4246dd71b7fa33464ec46c6c7c2,2026-05-20T11:22:06Z,,2026-05-07_001_tap_tests_stepper,,,,,,,,,,,,,,,bode_displacement_force
tap-tests,Machine FRF and stability/Tap tests/2026-05-07_001_tap_tests_stepper/tool_stepper/results/figures/frequency/x/average/coherence.png,derived,73608,97363165f39aeac12eba1ac1673d0d80a03d0eb35edc6f1a897a4234cd673abe,2026-05-20T11:22:05Z,,2026-05-07_001_tap_tests_stepper,,,,,,,,,,,,,,,coherence
tap-tests,Machine FRF and stability/Tap tests/2026-05-07_001_tap_tests_stepper/tool_stepper/results/figures/frequency/x/average/force_psd.png,derived,82258,dc5f9b8dd95ec318d24a843733d20f8139daba9df1ae05c3870b7a1fc1ce2a49,2026-05-20T11:22:08Z,,2026-05-07_001_tap_tests_stepper,,,,,,,,,,,,,,,force_psd
tap-tests,Machine FRF and stability/Tap tests/2026-05-07_001_tap_tests_stepper/tool_stepper/results/figures/raw/x/2026-05-07_09-56-00_x315_y315_z60_x_xyz_tool_plastic_tip_no_lock_fs_20000_reciprocating_tap1/mosaic.png,derived,243845,45df69e1a11b7615dbb1453475dbaedf71786d66f7377c666b14b7d75f0bfd76,2026-05-20T11:21:23Z,,2026-05-07_001_tap_tests_stepper,,,,,,,,,,,,,,,mosaic
tap-tests,Machine FRF and stability/Tap tests/2026-05-07_001_tap_tests_stepper/tool_stepper/results/figures/raw/x/2026-05-07_09-56-00_x315_y315_z60_x_xyz_tool_plastic_tip_no_lock_fs_20000_reciprocating_tap10/mosaic.png,derived,239932,a20fa3c70aff4f3b72f52d5f9a95626d9a45600e3f6469021ff5e972901afc17,2026-05-20T11:21:48Z,,2026-05-07_001_tap_tests_stepper,,,,,,,,,,,,,,,mosaic
tap-tests,Machine FRF and stability/Tap tests/2026-05-07_001_tap_tests_stepper/tool_stepper/results/figures/raw/x/2026-05-07_09-56-00_x315_y315_z60_x_xyz_tool_plastic_tip_no_lock_fs_20000_reciprocating_tap11/mosaic.png,derived,247308,007c547e0915feab122cfc7844e85206d4221b7968a39558a1afcaf4f246f8e8,2026-05-20T11:21:52Z,,2026-05-07_001_tap_tests_stepper,,,,,,,,,,,,,,,mosaic
tap-tests,Machine FRF and stability/Tap tests/2026-05-07_001_tap_tests_stepper/tool_stepper/results/figures/raw/x/2026-05-07_09-56-00_x315_y315_z60_x_xyz_tool_plastic_tip_no_lock_fs_20000_reciprocating_tap14/mosaic.png,derived,246335,b56e012b5215c7c4daf0124c08f3e455f9399e5aa94245d16b45460cde58ff76,2026-05-20T11:21:56Z,,2026-05-07_001_tap_tests_stepper,,,,,,,,,,,,,,,mosaic
tap-tests,Machine FRF and stability/Tap tests/2026-05-07_001_tap_tests_stepper/tool_stepper/results/figures/raw/x/2026-05-07_09-56-00_x315_y315_z60_x_xyz_tool_plastic_tip_no_lock_fs_20000_reciprocating_tap16/mosaic.png,derived,243136,17266ad45c64aa7bc2332ead927d22fb22feac420d6d4254581f9335edba6dfe,2026-05-20T11:22:00Z,,2026-05-07_001_tap_tests_stepper,,,,,,,,,,,,,,,mosaic
tap-tests,Machine FRF and stability/Tap tests/2026-05-07_001_tap_tests_stepper/tool_stepper/results/figures/raw/x/2026-05-07_09-56-00_x315_y315_z60_x_xyz_tool_plastic_tip_no_lock_fs_20000_reciprocating_tap3/mosaic.png,derived,242739,3e86ea0bc63d189f63f9c1927feb6fb3174e86426684fda67c6466110a48d0b8,2026-05-20T11:21:27Z,,2026-05-07_001_tap_tests_stepper,,,,,,,,,,,,,,,mosaic
tap-tests,Machine FRF and stability/Tap tests/2026-05-07_001_tap_tests_stepper/tool_stepper/results/figures/raw/x/2026-05-07_09-56-00_x315_y315_z60_x_xyz_tool_plastic_tip_no_lock_fs_20000_reciprocating_tap5/mosaic.png,derived,233208,69f6cb929029f2e466235b2f881b1909ff3d31ea99237ebc49abd6674b81adf8,2026-05-20T11:21:31Z,,2026-05-07_001_tap_tests_stepper,,,,,,,,,,,,,,,mosaic
tap-tests,Machine FRF and stability/Tap tests/2026-05-07_001_tap_tests_stepper/tool_stepper/results/figures/raw/x/2026-05-07_09-56-00_x315_y315_z60_x_xyz_tool_plastic_tip_no_lock_fs_20000_reciprocating_tap6/mosaic.png,derived,245123,5f828c1e0115f9f3994b3848a7e48facf8fc03d885fbc9fb85e55609e5f0834f,2026-05-20T11:21:35Z,,2026-05-07_001_tap_tests_stepper,,,,,,,,,,,,,,,mosaic
tap-tests,Machine FRF and stability/Tap tests/2026-05-07_001_tap_tests_stepper/tool_stepper/results/figures/raw/x/2026-05-07_09-56-00_x315_y315_z60_x_xyz_tool_plastic_tip_no_lock_fs_20000_reciprocating_tap7/mosaic.png,derived,245982,c3fc978adeb70c3ce8a18add47e3a913f924c54572a15d7e228843e3f19ee3d3,2026-05-20T11:21:40Z,,2026-05-07_001_tap_tests_stepper,,,,,,,,,,,,,,,mosaic
tap-tests,Machine FRF and stability/Tap tests/2026-05-07_001_tap_tests_stepper/tool_stepper/results/figures/raw/x/2026-05-07_09-56-00_x315_y315_z60_x_xyz_tool_plastic_tip_no_lock_fs_20000_reciprocating_tap8/mosaic.png,derived,244522,56a0f0e389291b3cde2fea8a6a6213bd87c7ec7d88f3704f53ada35939729583,2026-05-20T11:21:43Z,,2026-05-07_001_tap_tests_stepper,,,,,,,,,,,,,,,mosaic
tap-tests,Machine FRF and stability/Tap tests/2026-05-07_001_tap_tests_stepper/tool_stepper/results/figures/time/x/2026-05-07_09-56-00_x315_y315_z60_x_xyz_tool_plastic_tip_no_lock_fs_20000_reciprocating_tap1/force.png,derived,46777,ff2aa3853dc3a6dc924856d12ffe9899d696f5e8f8dd98e247f5473bf565e63c,2026-05-20T11:21:19Z,,2026-05-07_001_tap_tests_stepper,,,,,,,,,,,,,,,force
tap-tests,Machine FRF and stability/Tap tests/2026-05-07_001_tap_tests_stepper/tool_stepper/results/figures/time/x/2026-05-07_09-56-00_x315_y315_z60_x_xyz_tool_plastic_tip_no_lock_fs_20000_reciprocating_tap1/force_detrended.png,derived,51836,b124c2957b71a6077a0c57b6dd037b6d96dd17ceb9cf52d45b5e76706ec658c1,2026-05-20T11:21:20Z,,2026-05-07_001_tap_tests_stepper,,,,,,,,,,,,,,,force_detrended
tap-tests,Machine FRF and stability/Tap tests/2026-05-07_001_tap_tests_stepper/tool_stepper/results/figures/time/x/2026-05-07_09-56-00_x315_y315_z60_x_xyz_tool_plastic_tip_no_lock_fs_20000_reciprocating_tap1/force_window.png,derived,41788,9db0445f0fa318e581c28b86a3249023306f168ab89a4cfbc5a9954b100108c4,2026-05-20T11:21:20Z,,2026-05-07_001_tap_tests_stepper,,,,,,,,,,,,,,,force_window
tap-tests,Machine FRF and stability/Tap tests/2026-05-07_001_tap_tests_stepper/tool_stepper/results/figures/time/x/2026-05-07_09-56-00_x315_y315_z60_x_xyz_tool_plastic_tip_no_lock_fs_20000_reciprocating_tap1/force_windowed.png,derived,35219,aefdc10dd3c4fcbc05e8ad503eef711ecb63c62c9c186d37ec3c79d61544ef48,2026-05-20T11:21:20Z,,2026-05-07_001_tap_tests_stepper,,,,,,,,,,,,,,,force_windowed
tap-tests,Machine FRF and stability/Tap tests/2026-05-07_001_tap_tests_stepper/tool_stepper/results/figures/time/x/2026-05-07_09-56-00_x315_y315_z60_x_xyz_tool_plastic_tip_no_lock_fs_20000_reciprocating_tap1/response.png,derived,53569,e2de87e760488d19d184e3acd6c811e45dea26a13e8b40b8b998c84bf660eaee,2026-05-20T11:21:19Z,,2026-05-07_001_tap_tests_stepper,,,,,,,,,,,,,,,response
tap-tests,Machine FRF and stability/Tap tests/2026-05-07_001_tap_tests_stepper/tool_stepper/results/figures/time/x/2026-05-07_09-56-00_x315_y315_z60_x_xyz_tool_plastic_tip_no_lock_fs_20000_reciprocating_tap1/response_detrended.png,derived,57287,53ce515083650b567131932e53299e1d13f2c1be063474f33cb679d4030a41b9,2026-05-20T11:21:20Z,,2026-05-07_001_tap_tests_stepper,,,,,,,,,,,,,,,response_detrended
tap-tests,Machine FRF and stability/Tap tests/2026-05-07_001_tap_tests_stepper/tool_stepper/results/figures/time/x/2026-05-07_09-56-00_x315_y315_z60_x_xyz_tool_plastic_tip_no_lock_fs_20000_reciprocating_tap1/response_wiener.png,derived,50991,a8fe97a58191c5faf1ff89ee62048df460ba584adcb7aeb240e4265f6674e4da,2026-05-20T11:21:20Z,,2026-05-07_001_tap_tests_stepper,,,,,,,,,,,,,,,response_wiener
tap-tests,Machine FRF and stability/Tap tests/2026-05-07_001_tap_tests_stepper/tool_stepper/results/figures/time/x/2026-05-07_09-56-00_x315_y315_z60_x_xyz_tool_plastic_tip_no_lock_fs_20000_reciprocating_tap1/response_window.png,derived,67513,d4a0cefe0ccc3b8f3eebede8dce6c1d97055960628e9620e8a89e923c469621a,2026-05-20T11:21:20Z,,2026-05-07_001_tap_tests_stepper,,,,,,,,,,,,,,,response_window
tap-tests,Machine FRF and stability/Tap tests/2026-05-07_001_tap_tests_stepper/tool_stepper/results/figures/time/x/2026-05-07_09-56-00_x315_y315_z60_x_xyz_tool_plastic_tip_no_lock_fs_20000_reciprocating_tap1/response_windowed.png,derived,49458,549154c6e84e29da7ac367004dfb2271af3186315f6817ccc2f78505926c962e,2026-05-20T11:21:20Z,,2026-05-07_001_tap_tests_stepper,,,,,,,,,,,,,,,response_windowed
tap-tests,Machine FRF and stability/Tap tests/2026-05-07_001_tap_tests_stepper/tool_stepper/results/figures/time/x/2026-05-07_09-56-00_x315_y315_z60_x_xyz_tool_plastic_tip_no_lock_fs_20000_reciprocating_tap10/force.png,derived,45599,6039e5a8b2e72e781030a5fe6bc15435741505665e0e3807741572f2376ac834,2026-05-20T11:21:45Z,,2026-05-07_001_tap_tests_stepper,,,,,,,,,,,,,,,force
tap-tests,Machine FRF and stability/Tap tests/2026-05-07_001_tap_tests_stepper/tool_stepper/results/figures/time/x/2026-05-07_09-56-00_x315_y315_z60_x_xyz_tool_plastic_tip_no_lock_fs_20000_reciprocating_tap10/force_detrended.png,derived,50203,d9c8589b9d900f50a6e6465e05c438bfb0fa14520c63b4181dad6625809aab63,2026-05-20T11:21:45Z,,2026-05-07_001_tap_tests_stepper,,,,,,,,,,,,,,,force_detrended
tap-tests,Machine FRF and stability/Tap tests/2026-05-07_001_tap_tests_stepper/tool_stepper/results/figures/time/x/2026-05-07_09-56-00_x315_y315_z60_x_xyz_tool_plastic_tip_no_lock_fs_20000_reciprocating_tap10/force_window.png,derived,41786,02c049a816fd8dbc16b8dcb1a48b8dd7cac4d110265c8a185d88f4d5a935161d,2026-05-20T11:21:45Z,,2026-05-07_001_tap_tests_stepper,,,,,,,,,,,,,,,force_window
tap-tests,Machine FRF and stability/Tap tests/2026-05-07_001_tap_tests_stepper/tool_stepper/results/figures/time/x/2026-05-07_09-56-00_x315_y315_z60_x_xyz_tool_plastic_tip_no_lock_fs_20000_reciprocating_tap10/force_windowed.png,derived,35438,c49604fdb438646be8d34ece4af90eb95cc5adb49b89baca6d3cd19228a815bd,2026-05-20T11:21:45Z,,2026-05-07_001_tap_tests_stepper,,,,,,,,,,,,,,,force_windowed
tap-tests,Machine FRF and stability/Tap tests/2026-05-07_001_tap_tests_stepper/tool_stepper/results/figures/time/x/2026-05-07_09-56-00_x315_y315_z60_x_xyz_tool_plastic_tip_no_lock_fs_20000_reciprocating_tap10/response.png,derived,56099,fcfb0868afef04c1c4d263d8b170007fe734d32615e5a99b1e8518a9ae38b7db,2026-05-20T11:21:45Z,,2026-05-07_001_tap_tests_stepper,,,,,,,,,,,,,,,response
tap-tests,Machine FRF and stability/Tap tests/2026-05-07_001_tap_tests_stepper/tool_stepper/results/figures/time/x/2026-05-07_09-56-00_x315_y315_z60_x_xyz_tool_plastic_tip_no_lock_fs_20000_reciprocating_tap10/response_detrended.png,derived,57834,976e037ee4a927ebbec2438baece179a6d62dc360f2d57e60244155bdcfde055,2026-05-20T11:21:45Z,,2026-05-07_001_tap_tests_stepper,,,,,,,,,,,,,,,response_detrended
tap-tests,Machine FRF and stability/Tap tests/2026-05-07_001_tap_tests_stepper/tool_stepper/results/figures/time/x/2026-05-07_09-56-00_x315_y315_z60_x_xyz_tool_plastic_tip_no_lock_fs_20000_reciprocating_tap10/response_wiener.png,derived,51317,f4a4295f3b2acbc03059a1bfbe73cb1ec9040a6475c75b5fa312bbadacfb6c28,2026-05-20T11:21:45Z,,2026-05-07_001_tap_tests_stepper,,,,,,,,,,,,,,,response_wiener
tap-tests,Machine FRF and stability/Tap tests/2026-05-07_001_tap_tests_stepper/tool_stepper/results/figures/time/x/2026-05-07_09-56-00_x315_y315_z60_x_xyz_tool_plastic_tip_no_lock_fs_20000_reciprocating_tap10/response_window.png,derived,69440,01f2291d588c1424a5705ced1cbdc067a4fd52ddc87b61bd3d3d5e8871205ca0,2026-05-20T11:21:45Z,,2026-05-07_001_tap_tests_stepper,,,,,,,,,,,,,,,response_window
tap-tests,Machine FRF and stability/Tap tests/2026-05-07_001_tap_tests_stepper/tool_stepper/results/figures/time/x/2026-05-07_09-56-00_x315_y315_z60_x_xyz_tool_plastic_tip_no_lock_fs_20000_reciprocating_tap10/response_windowed.png,derived,49487,434f7381dc9985d7697b6063b11b846fe20bf99abda09983860b91f38f63d52e,2026-05-20T11:21:46Z,,2026-05-07_001_tap_tests_stepper,,,,,,,,,,,,,,,response_windowed
tap-tests,Machine FRF and stability/Tap tests/2026-05-07_001_tap_tests_stepper/tool_stepper/results/figures/time/x/2026-05-07_09-56-00_x315_y315_z60_x_xyz_tool_plastic_tip_no_lock_fs_20000_reciprocating_tap11/force.png,derived,44393,f0b0b75ce962f2bfa160a0fb90b2438c5c95efcb42d548ff46aa818383aceb30,2026-05-20T11:21:49Z,,2026-05-07_001_tap_tests_stepper,,,,,,,,,,,,,,,force
tap-tests,Machine FRF and stability/Tap tests/2026-05-07_001_tap_tests_stepper/tool_stepper/results/figures/time/x/2026-05-07_09-56-00_x315_y315_z60_x_xyz_tool_plastic_tip_no_lock_fs_20000_reciprocating_tap11/force_detrended.png,derived,49295,7d61e7f08e0aba9b95874285328f9e99b803916f1e419e09e0c212aabdd91b7d,2026-05-20T11:21:49Z,,2026-05-07_001_tap_tests_stepper,,,,,,,,,,,,,,,force_detrended
tap-tests,Machine FRF and stability/Tap tests/2026-05-07_001_tap_tests_stepper/tool_stepper/results/figures/time/x/2026-05-07_09-56-00_x315_y315_z60_x_xyz_tool_plastic_tip_no_lock_fs_20000_reciprocating_tap11/force_window.png,derived,40421,10e7f4790aa11cc76c37b8e24ed0859b6e690bc49ceecf928fdfb915ed15bd30,2026-05-20T11:21:49Z,,2026-05-07_001_tap_tests_stepper,,,,,,,,,,,,,,,force_window
tap-tests,Machine FRF and stability/Tap tests/2026-05-07_001_tap_tests_stepper/tool_stepper/results/figures/time/x/2026-05-07_09-56-00_x315_y315_z60_x_xyz_tool_plastic_tip_no_lock_fs_20000_reciprocating_tap11/force_windowed.png,derived,34209,dadd6f635a34ff0d4a51f21f882c08e35b3794c3961017f81430ace112ed5ae9,2026-05-20T11:21:49Z,,2026-05-07_001_tap_tests_stepper,,,,,,,,,,,,,,,force_windowed
tap-tests,Machine FRF and stability/Tap tests/2026-05-07_001_tap_tests_stepper/tool_stepper/results/figures/time/x/2026-05-07_09-56-00_x315_y315_z60_x_xyz_tool_plastic_tip_no_lock_fs_20000_reciprocating_tap11/response.png,derived,60270,51e2d19e2179e0c21402eadaa7893ab3b1b0f808c14df7d91ff620c0830e3187,2026-05-20T11:21:49Z,,2026-05-07_001_tap_tests_stepper,,,,,,,,,,,,,,,response
tap-tests,Machine FRF and stability/Tap tests/2026-05-07_001_tap_tests_stepper/tool_stepper/results/figures/time/x/2026-05-07_09-56-00_x315_y315_z60_x_xyz_tool_plastic_tip_no_lock_fs_20000_reciprocating_tap11/response_detrended.png,derived,62390,04cff4abe81a02c88aa739b394c77e1e9ade5c5c63c0d642c774b50bcd681bff,2026-05-20T11:21:49Z,,2026-05-07_001_tap_tests_stepper,,,,,,,,,,,,,,,response_detrended
tap-tests,Machine FRF and stability/Tap tests/2026-05-07_001_tap_tests_stepper/tool_stepper/results/figures/time/x/2026-05-07_09-56-00_x315_y315_z60_x_xyz_tool_plastic_tip_no_lock_fs_20000_reciprocating_tap11/response_wiener.png,derived,55723,b31d39cd2e525c8968295cba2a0ed4ea4db0f06752fa9c52e70b0cbc4c7f2624,2026-05-20T11:21:50Z,,2026-05-07_001_tap_tests_stepper,,,,,,,,,,,,,,,response_wiener
tap-tests,Machine FRF and stability/Tap tests/2026-05-07_001_tap_tests_stepper/tool_stepper/results/figures/time/x/2026-05-07_09-56-00_x315_y315_z60_x_xyz_tool_plastic_tip_no_lock_fs_20000_reciprocating_tap11/response_window.png,derived,65941,1ca21dc64fb20f01ffc797ac4f67b9a24ecdafd49bca1e80cc64b7186479ae8f,2026-05-20T11:21:50Z,,2026-05-07_001_tap_tests_stepper,,,,,,,,,,,,,,,response_window
tap-tests,Machine FRF and stability/Tap tests/2026-05-07_001_tap_tests_stepper/tool_stepper/results/figures/time/x/2026-05-07_09-56-00_x315_y315_z60_x_xyz_tool_plastic_tip_no_lock_fs_20000_reciprocating_tap11/response_windowed.png,derived,53779,3cf8fca2ec40d001788b0c0d780d50f0bba474c8c3fdd0d717282bba76d3964c,2026-05-20T11:21:50Z,,2026-05-07_001_tap_tests_stepper,,,,,,,,,,,,,,,response_windowed
tap-tests,Machine FRF and stability/Tap tests/2026-05-07_001_tap_tests_stepper/tool_stepper/results/figures/time/x/2026-05-07_09-56-00_x315_y315_z60_x_xyz_tool_plastic_tip_no_lock_fs_20000_reciprocating_tap14/force.png,derived,47614,3a22b126defbea626d3a3bbf8c0f9f6a3fe4dfc69e65c97096ce7a7969d99b73,2026-05-20T11:21:53Z,,2026-05-07_001_tap_tests_stepper,,,,,,,,,,,,,,,force
tap-tests,Machine FRF and stability/Tap tests/2026-05-07_001_tap_tests_stepper/tool_stepper/results/figures/time/x/2026-05-07_09-56-00_x315_y315_z60_x_xyz_tool_plastic_tip_no_lock_fs_20000_reciprocating_tap14/force_detrended.png,derived,51488,b57e9c66f091e54531ce4d80e4f4c94287cb9d365feb238a1d07d2a99fe5f760,2026-05-20T11:21:53Z,,2026-05-07_001_tap_tests_stepper,,,,,,,,,,,,,,,force_detrended
tap-tests,Machine FRF and stability/Tap tests/2026-05-07_001_tap_tests_stepper/tool_stepper/results/figures/time/x/2026-05-07_09-56-00_x315_y315_z60_x_xyz_tool_plastic_tip_no_lock_fs_20000_reciprocating_tap14/force_window.png,derived,41769,1c9dfbc0b4528a489080c361d9612c490a0a9420a0f0cf3ff96579232e9123e7,2026-05-20T11:21:53Z,,2026-05-07_001_tap_tests_stepper,,,,,,,,,,,,,,,force_window
tap-tests,Machine FRF and stability/Tap tests/2026-05-07_001_tap_tests_stepper/tool_stepper/results/figures/time/x/2026-05-07_09-56-00_x315_y315_z60_x_xyz_tool_plastic_tip_no_lock_fs_20000_reciprocating_tap14/force_windowed.png,derived,35183,3288cb592869beac12267f0a6c53117ddcc4da9580acf35cb8bf55899367e27e,2026-05-20T11:21:54Z,,2026-05-07_001_tap_tests_stepper,,,,,,,,,,,,,,,force_windowed
tap-tests,Machine FRF and stability/Tap tests/2026-05-07_001_tap_tests_stepper/tool_stepper/results/figures/time/x/2026-05-07_09-56-00_x315_y315_z60_x_xyz_tool_plastic_tip_no_lock_fs_20000_reciprocating_tap14/response.png,derived,55898,10ce29d9ed725d840b61b67d3d4b15824e934385ea8e8672f47b249342e3b0c9,2026-05-20T11:21:53Z,,2026-05-07_001_tap_tests_stepper,,,,,,,,,,,,,,,response
tap-tests,Machine FRF and stability/Tap tests/2026-05-07_001_tap_tests_stepper/tool_stepper/results/figures/time/x/2026-05-07_09-56-00_x315_y315_z60_x_xyz_tool_plastic_tip_no_lock_fs_20000_reciprocating_tap14/response_detrended.png,derived,57491,586a2d39d652aaa99b033ec6ad0b1651c5b08c81ebfa8799755b230633aa1f95,2026-05-20T11:21:54Z,,2026-05-07_001_tap_tests_stepper,,,,,,,,,,,,,,,response_detrended
tap-tests,Machine FRF and stability/Tap tests/2026-05-07_001_tap_tests_stepper/tool_stepper/results/figures/time/x/2026-05-07_09-56-00_x315_y315_z60_x_xyz_tool_plastic_tip_no_lock_fs_20000_reciprocating_tap14/response_wiener.png,derived,51168,bfd37f79d4e6ebfa203bc4a2d398e5fc07563ef25fe3a8f4d7dcba2a97714838,2026-05-20T11:21:54Z,,2026-05-07_001_tap_tests_stepper,,,,,,,,,,,,,,,response_wiener
tap-tests,Machine FRF and stability/Tap tests/2026-05-07_001_tap_tests_stepper/tool_stepper/results/figures/time/x/2026-05-07_09-56-00_x315_y315_z60_x_xyz_tool_plastic_tip_no_lock_fs_20000_reciprocating_tap14/response_window.png,derived,60878,e7a52581a5b82fef88745d61a0a9881c9e86eef014e0d8c2cbdb51de86cbe913,2026-05-20T11:21:54Z,,2026-05-07_001_tap_tests_stepper,,,,,,,,,,,,,,,response_window
tap-tests,Machine FRF and stability/Tap tests/2026-05-07_001_tap_tests_stepper/tool_stepper/results/figures/time/x/2026-05-07_09-56-00_x315_y315_z60_x_xyz_tool_plastic_tip_no_lock_fs_20000_reciprocating_tap14/response_windowed.png,derived,49073,027ac63363215321b7f944efa5f4148cdd89e7b5d873610e24715a578e70cbf2,2026-05-20T11:21:54Z,,2026-05-07_001_tap_tests_stepper,,,,,,,,,,,,,,,response_windowed
tap-tests,Machine FRF and stability/Tap tests/2026-05-07_001_tap_tests_stepper/tool_stepper/results/figures/time/x/2026-05-07_09-56-00_x315_y315_z60_x_xyz_tool_plastic_tip_no_lock_fs_20000_reciprocating_tap16/force.png,derived,45060,c669f58a3f4c0c545e5db04b6406ce9df65bd35b7267ecac794902072241e572,2026-05-20T11:21:57Z,,2026-05-07_001_tap_tests_stepper,,,,,,,,,,,,,,,force
tap-tests,Machine FRF and stability/Tap tests/2026-05-07_001_tap_tests_stepper/tool_stepper/results/figures/time/x/2026-05-07_09-56-00_x315_y315_z60_x_xyz_tool_plastic_tip_no_lock_fs_20000_reciprocating_tap16/force_detrended.png,derived,51052,b4f398298d5cca9558458be0f9e24c0546c7dc0ff27c0742822963d8d027fabf,2026-05-20T11:21:57Z,,2026-05-07_001_tap_tests_stepper,,,,,,,,,,,,,,,force_detrended
tap-tests,Machine FRF and stability/Tap tests/2026-05-07_001_tap_tests_stepper/tool_stepper/results/figures/time/x/2026-05-07_09-56-00_x315_y315_z60_x_xyz_tool_plastic_tip_no_lock_fs_20000_reciprocating_tap16/force_window.png,derived,41809,1e2d20047c17c9740a43bc15649d4bf4160fc0028766454177ea535c6ac0b32c,2026-05-20T11:21:57Z,,2026-05-07_001_tap_tests_stepper,,,,,,,,,,,,,,,force_window
tap-tests,Machine FRF and stability/Tap tests/2026-05-07_001_tap_tests_stepper/tool_stepper/results/figures/time/x/2026-05-07_09-56-00_x315_y315_z60_x_xyz_tool_plastic_tip_no_lock_fs_20000_reciprocating_tap16/force_windowed.png,derived,35598,6d664f5f0ecf4d87ce7aff9f05ef130459dce6d8cb52a282d3c78bf533029d69,2026-05-20T11:21:57Z,,2026-05-07_001_tap_tests_stepper,,,,,,,,,,,,,,,force_windowed
tap-tests,Machine FRF and stability/Tap tests/2026-05-07_001_tap_tests_stepper/tool_stepper/results/figures/time/x/2026-05-07_09-56-00_x315_y315_z60_x_xyz_tool_plastic_tip_no_lock_fs_20000_reciprocating_tap16/response.png,derived,53764,4fa0c2b43654b0ddc65af36fc0dd8f5ba62e8f364216813980b7f94d1d5568b0,2026-05-20T11:21:57Z,,2026-05-07_001_tap_tests_stepper,,,,,,,,,,,,,,,response
tap-tests,Machine FRF and stability/Tap tests/2026-05-07_001_tap_tests_stepper/tool_stepper/results/figures/time/x/2026-05-07_09-56-00_x315_y315_z60_x_xyz_tool_plastic_tip_no_lock_fs_20000_reciprocating_tap16/response_detrended.png,derived,57414,aa1bf3fa5530835a784842dfe2dbf64e0c6b442db9e6840d8db36f22bb691d57,2026-05-20T11:21:58Z,,2026-05-07_001_tap_tests_stepper,,,,,,,,,,,,,,,response_detrended
tap-tests,Machine FRF and stability/Tap tests/2026-05-07_001_tap_tests_stepper/tool_stepper/results/figures/time/x/2026-05-07_09-56-00_x315_y315_z60_x_xyz_tool_plastic_tip_no_lock_fs_20000_reciprocating_tap16/response_wiener.png,derived,51150,73dd211d0eff77ee8e089d5273aa5c00e63f9e7608e679bc5cc5961206512347,2026-05-20T11:21:58Z,,2026-05-07_001_tap_tests_stepper,,,,,,,,,,,,,,,response_wiener
tap-tests,Machine FRF and stability/Tap tests/2026-05-07_001_tap_tests_stepper/tool_stepper/results/figures/time/x/2026-05-07_09-56-00_x315_y315_z60_x_xyz_tool_plastic_tip_no_lock_fs_20000_reciprocating_tap16/response_window.png,derived,69323,1b0c04363e5da8d2a2c74dfbbb6a21cc015b32a3f28a4db7f035a9b5101f916f,2026-05-20T11:21:58Z,,2026-05-07_001_tap_tests_stepper,,,,,,,,,,,,,,,response_window
tap-tests,Machine FRF and stability/Tap tests/2026-05-07_001_tap_tests_stepper/tool_stepper/results/figures/time/x/2026-05-07_09-56-00_x315_y315_z60_x_xyz_tool_plastic_tip_no_lock_fs_20000_reciprocating_tap16/response_windowed.png,derived,49384,8dc203ced728ecdb5de0ae4f4e516930688edef7e2a7b1e791e11a7233a6126a,2026-05-20T11:21:58Z,,2026-05-07_001_tap_tests_stepper,,,,,,,,,,,,,,,response_windowed
tap-tests,Machine FRF and stability/Tap tests/2026-05-07_001_tap_tests_stepper/tool_stepper/results/figures/time/x/2026-05-07_09-56-00_x315_y315_z60_x_xyz_tool_plastic_tip_no_lock_fs_20000_reciprocating_tap3/force.png,derived,45634,f2f94035354db35957b937210136006cc906aed7d80034291fe808f26990c1ac,2026-05-20T11:21:24Z,,2026-05-07_001_tap_tests_stepper,,,,,,,,,,,,,,,force
tap-tests,Machine FRF and stability/Tap tests/2026-05-07_001_tap_tests_stepper/tool_stepper/results/figures/time/x/2026-05-07_09-56-00_x315_y315_z60_x_xyz_tool_plastic_tip_no_lock_fs_20000_reciprocating_tap3/force_detrended.png,derived,50900,6d703364ac10ea9c2e4101be7290431f72d3185abd7fdeaf10e5317d0f62c5db,2026-05-20T11:21:24Z,,2026-05-07_001_tap_tests_stepper,,,,,,,,,,,,,,,force_detrended
tap-tests,Machine FRF and stability/Tap tests/2026-05-07_001_tap_tests_stepper/tool_stepper/results/figures/time/x/2026-05-07_09-56-00_x315_y315_z60_x_xyz_tool_plastic_tip_no_lock_fs_20000_reciprocating_tap3/force_window.png,derived,41703,864e3b2247cfd1090311f6ea1d0915e5d23b6f856762cd5cb15705ee4b57a330,2026-05-20T11:21:24Z,,2026-05-07_001_tap_tests_stepper,,,,,,,,,,,,,,,force_window
tap-tests,Machine FRF and stability/Tap tests/2026-05-07_001_tap_tests_stepper/tool_stepper/results/figures/time/x/2026-05-07_09-56-00_x315_y315_z60_x_xyz_tool_plastic_tip_no_lock_fs_20000_reciprocating_tap3/force_windowed.png,derived,35365,aad4274ae231613058f80fa89dffe73c8114ea53ce3f77648c122a73985faf6c,2026-05-20T11:21:24Z,,2026-05-07_001_tap_tests_stepper,,,,,,,,,,,,,,,force_windowed
tap-tests,Machine FRF and stability/Tap tests/2026-05-07_001_tap_tests_stepper/tool_stepper/results/figures/time/x/2026-05-07_09-56-00_x315_y315_z60_x_xyz_tool_plastic_tip_no_lock_fs_20000_reciprocating_tap3/response.png,derived,63115,bece1ed9026846385525076d88256f4ad2128ee50ae6a9eddb063617978a6823,2026-05-20T11:21:24Z,,2026-05-07_001_tap_tests_stepper,,,,,,,,,,,,,,,response
tap-tests,Machine FRF and stability/Tap tests/2026-05-07_001_tap_tests_stepper/tool_stepper/results/figures/time/x/2026-05-07_09-56-00_x315_y315_z60_x_xyz_tool_plastic_tip_no_lock_fs_20000_reciprocating_tap3/response_detrended.png,derived,65618,1e0b9e8cf34a483b02a9c62446d0b801d73e761b9e31449d28ef646b617cd971,2026-05-20T11:21:24Z,,2026-05-07_001_tap_tests_stepper,,,,,,,,,,,,,,,response_detrended
tap-tests,Machine FRF and stability/Tap tests/2026-05-07_001_tap_tests_stepper/tool_stepper/results/figures/time/x/2026-05-07_09-56-00_x315_y315_z60_x_xyz_tool_plastic_tip_no_lock_fs_20000_reciprocating_tap3/response_wiener.png,derived,58908,c0929a0d739583e98461b483e2e10afb1842dccfd718dcf654e233a79101d0d9,2026-05-20T11:21:24Z,,2026-05-07_001_tap_tests_stepper,,,,,,,,,,,,,,,response_wiener
tap-tests,Machine FRF and stability/Tap tests/2026-05-07_001_tap_tests_stepper/tool_stepper/results/figures/time/x/2026-05-07_09-56-00_x315_y315_z60_x_xyz_tool_plastic_tip_no_lock_fs_20000_reciprocating_tap3/response_window.png,derived,67719,853f263377c03653c5598e1f2bc4c79f649f9994988dda376778181f80b550e1,2026-05-20T11:21:24Z,,2026-05-07_001_tap_tests_stepper,,,,,,,,,,,,,,,response_window
tap-tests,Machine FRF and stability/Tap tests/2026-05-07_001_tap_tests_stepper/tool_stepper/results/figures/time/x/2026-05-07_09-56-00_x315_y315_z60_x_xyz_tool_plastic_tip_no_lock_fs_20000_reciprocating_tap3/response_windowed.png,derived,57026,1861cae64b4b659849f07c306c7348ff4f35520bda72bf3787df4b1abf5cd9a3,2026-05-20T11:21:25Z,,2026-05-07_001_tap_tests_stepper,,,,,,,,,,,,,,,response_windowed
tap-tests,Machine FRF and stability/Tap tests/2026-05-07_001_tap_tests_stepper/tool_stepper/results/figures/time/x/2026-05-07_09-56-00_x315_y315_z60_x_xyz_tool_plastic_tip_no_lock_fs_20000_reciprocating_tap5/force.png,derived,47578,8e889844eb7fbf7b07669d1ce19e8d976868d0dbef9e3000edc2c241787fb2df,2026-05-20T11:21:28Z,,2026-05-07_001_tap_tests_stepper,,,,,,,,,,,,,,,force
tap-tests,Machine FRF and stability/Tap tests/2026-05-07_001_tap_tests_stepper/tool_stepper/results/figures/time/x/2026-05-07_09-56-00_x315_y315_z60_x_xyz_tool_plastic_tip_no_lock_fs_20000_reciprocating_tap5/force_detrended.png,derived,52246,4968a31b223fd925ee45eac880cff5ae7e05bc5f90ed07281134df1660032e33,2026-05-20T11:21:28Z,,2026-05-07_001_tap_tests_stepper,,,,,,,,,,,,,,,force_detrended
tap-tests,Machine FRF and stability/Tap tests/2026-05-07_001_tap_tests_stepper/tool_stepper/results/figures/time/x/2026-05-07_09-56-00_x315_y315_z60_x_xyz_tool_plastic_tip_no_lock_fs_20000_reciprocating_tap5/force_window.png,derived,43254,eac4b31b611590b8f29c29a35a943c6fbe9e293f11ebdb662a4902e74effe87d,2026-05-20T11:21:28Z,,2026-05-07_001_tap_tests_stepper,,,,,,,,,,,,,,,force_window
tap-tests,Machine FRF and stability/Tap tests/2026-05-07_001_tap_tests_stepper/tool_stepper/results/figures/time/x/2026-05-07_09-56-00_x315_y315_z60_x_xyz_tool_plastic_tip_no_lock_fs_20000_reciprocating_tap5/force_windowed.png,derived,36545,46163b1fdd416e7e47a4cdb23f3b87e052944737b3049ac4fb98b3de86313701,2026-05-20T11:21:28Z,,2026-05-07_001_tap_tests_stepper,,,,,,,,,,,,,,,force_windowed
tap-tests,Machine FRF and stability/Tap tests/2026-05-07_001_tap_tests_stepper/tool_stepper/results/figures/time/x/2026-05-07_09-56-00_x315_y315_z60_x_xyz_tool_plastic_tip_no_lock_fs_20000_reciprocating_tap5/response.png,derived,56765,e4145605f584a686eaade7a66e7d8db55176187e88d63f97ed53e7d77c5f5c43,2026-05-20T11:21:28Z,,2026-05-07_001_tap_tests_stepper,,,,,,,,,,,,,,,response
tap-tests,Machine FRF and stability/Tap tests/2026-05-07_001_tap_tests_stepper/tool_stepper/results/figures/time/x/2026-05-07_09-56-00_x315_y315_z60_x_xyz_tool_plastic_tip_no_lock_fs_20000_reciprocating_tap5/response_detrended.png,derived,56972,477b632f8b23b8a76be6215e7aa448cb3098b01b579775131b113ec3138480ec,2026-05-20T11:21:28Z,,2026-05-07_001_tap_tests_stepper,,,,,,,,,,,,,,,response_detrended
tap-tests,Machine FRF and stability/Tap tests/2026-05-07_001_tap_tests_stepper/tool_stepper/results/figures/time/x/2026-05-07_09-56-00_x315_y315_z60_x_xyz_tool_plastic_tip_no_lock_fs_20000_reciprocating_tap5/response_wiener.png,derived,51041,e945531dc5095d2cdd29a2521b998e0c20b2d11b6ace30bdf8b55539cafd5556,2026-05-20T11:21:29Z,,2026-05-07_001_tap_tests_stepper,,,,,,,,,,,,,,,response_wiener
tap-tests,Machine FRF and stability/Tap tests/2026-05-07_001_tap_tests_stepper/tool_stepper/results/figures/time/x/2026-05-07_09-56-00_x315_y315_z60_x_xyz_tool_plastic_tip_no_lock_fs_20000_reciprocating_tap5/response_window.png,derived,62720,00c16e51cdddbcc665034dc65b5d1787d9952dd8a3c2f1dd4657904c63f9033d,2026-05-20T11:21:29Z,,2026-05-07_001_tap_tests_stepper,,,,,,,,,,,,,,,response_window
tap-tests,Machine FRF and stability/Tap tests/2026-05-07_001_tap_tests_stepper/tool_stepper/results/figures/time/x/2026-05-07_09-56-00_x315_y315_z60_x_xyz_tool_plastic_tip_no_lock_fs_20000_reciprocating_tap5/response_windowed.png,derived,49107,2e41a8be60ff80100b8a4cd50ec47cbb3bcdebd184f8ab85877d0ac1399ade76,2026-05-20T11:21:29Z,,2026-05-07_001_tap_tests_stepper,,,,,,,,,,,,,,,response_windowed
tap-tests,Machine FRF and stability/Tap tests/2026-05-07_001_tap_tests_stepper/tool_stepper/results/figures/time/x/2026-05-07_09-56-00_x315_y315_z60_x_xyz_tool_plastic_tip_no_lock_fs_20000_reciprocating_tap6/force.png,derived,45075,d7e49d033d0b155ca85f2ccf3362538faf0cd71b37b670ccbcd0d5a93845b8d7,2026-05-20T11:21:32Z,,2026-05-07_001_tap_tests_stepper,,,,,,,,,,,,,,,force
tap-tests,Machine FRF and stability/Tap tests/2026-05-07_001_tap_tests_stepper/tool_stepper/results/figures/time/x/2026-05-07_09-56-00_x315_y315_z60_x_xyz_tool_plastic_tip_no_lock_fs_20000_reciprocating_tap6/force_detrended.png,derived,50191,ca3aba6e87818e06cda17aecfdff0b2c086f8e90155422738735cf964bb50677,2026-05-20T11:21:32Z,,2026-05-07_001_tap_tests_stepper,,,,,,,,,,,,,,,force_detrended
tap-tests,Machine FRF and stability/Tap tests/2026-05-07_001_tap_tests_stepper/tool_stepper/results/figures/time/x/2026-05-07_09-56-00_x315_y315_z60_x_xyz_tool_plastic_tip_no_lock_fs_20000_reciprocating_tap6/force_window.png,derived,41674,1a611803c8d4ffc6735ab980b6e70be9e49ca4eaaedf6f705791c23ba6a405c7,2026-05-20T11:21:32Z,,2026-05-07_001_tap_tests_stepper,,,,,,,,,,,,,,,force_window
tap-tests,Machine FRF and stability/Tap tests/2026-05-07_001_tap_tests_stepper/tool_stepper/results/figures/time/x/2026-05-07_09-56-00_x315_y315_z60_x_xyz_tool_plastic_tip_no_lock_fs_20000_reciprocating_tap6/force_windowed.png,derived,35362,5a3a075c75e676cee5da35503e91ad9ac41396462a3460d7d5dba491e6973f1c,2026-05-20T11:21:32Z,,2026-05-07_001_tap_tests_stepper,,,,,,,,,,,,,,,force_windowed
tap-tests,Machine FRF and stability/Tap tests/2026-05-07_001_tap_tests_stepper/tool_stepper/results/figures/time/x/2026-05-07_09-56-00_x315_y315_z60_x_xyz_tool_plastic_tip_no_lock_fs_20000_reciprocating_tap6/response.png,derived,63284,7dc81f820fd9d962ea7a48c06e1912b6ee61af074ec282c9a3779db1054446a7,2026-05-20T11:21:32Z,,2026-05-07_001_tap_tests_stepper,,,,,,,,,,,,,,,response
tap-tests,Machine FRF and stability/Tap tests/2026-05-07_001_tap_tests_stepper/tool_stepper/results/figures/time/x/2026-05-07_09-56-00_x315_y315_z60_x_xyz_tool_plastic_tip_no_lock_fs_20000_reciprocating_tap6/response_detrended.png,derived,65376,ee9286561f4c47abf6850a813b996de81b1c2aced48b2bee8253006db61621ed,2026-05-20T11:21:33Z,,2026-05-07_001_tap_tests_stepper,,,,,,,,,,,,,,,response_detrended
tap-tests,Machine FRF and stability/Tap tests/2026-05-07_001_tap_tests_stepper/tool_stepper/results/figures/time/x/2026-05-07_09-56-00_x315_y315_z60_x_xyz_tool_plastic_tip_no_lock_fs_20000_reciprocating_tap6/response_wiener.png,derived,59453,dbcbc8d103afa56267756e175c3df8b593b030119b186b617f20cc2e01af5b35,2026-05-20T11:21:33Z,,2026-05-07_001_tap_tests_stepper,,,,,,,,,,,,,,,response_wiener
tap-tests,Machine FRF and stability/Tap tests/2026-05-07_001_tap_tests_stepper/tool_stepper/results/figures/time/x/2026-05-07_09-56-00_x315_y315_z60_x_xyz_tool_plastic_tip_no_lock_fs_20000_reciprocating_tap6/response_window.png,derived,67623,15d29f2261f01bfbf7bc92a61e8b37a028f488b657b40437ba09f6f0c1270729,2026-05-20T11:21:33Z,,2026-05-07_001_tap_tests_stepper,,,,,,,,,,,,,,,response_window
tap-tests,Machine FRF and stability/Tap tests/2026-05-07_001_tap_tests_stepper/tool_stepper/results/figures/time/x/2026-05-07_09-56-00_x315_y315_z60_x_xyz_tool_plastic_tip_no_lock_fs_20000_reciprocating_tap6/response_windowed.png,derived,56924,44209fcc3c5f89c259b5ca9f50fdc53a82da4860047ab02d43d7a57164c49f7b,2026-05-20T11:21:33Z,,2026-05-07_001_tap_tests_stepper,,,,,,,,,,,,,,,response_windowed
tap-tests,Machine FRF and stability/Tap tests/2026-05-07_001_tap_tests_stepper/tool_stepper/results/figures/time/x/2026-05-07_09-56-00_x315_y315_z60_x_xyz_tool_plastic_tip_no_lock_fs_20000_reciprocating_tap7/force.png,derived,45284,03abde02badb406311a8468a1906dbaedb7552c6d966cebf34491b01e0c4a505,2026-05-20T11:21:36Z,,2026-05-07_001_tap_tests_stepper,,,,,,,,,,,,,,,force
tap-tests,Machine FRF and stability/Tap tests/2026-05-07_001_tap_tests_stepper/tool_stepper/results/figures/time/x/2026-05-07_09-56-00_x315_y315_z60_x_xyz_tool_plastic_tip_no_lock_fs_20000_reciprocating_tap7/force_detrended.png,derived,49906,d63547c5311ca2570a9db65d593b4864a7694f0eb6ba10f724f9aed904e4700d,2026-05-20T11:21:36Z,,2026-05-07_001_tap_tests_stepper,,,,,,,,,,,,,,,force_detrended
tap-tests,Machine FRF and stability/Tap tests/2026-05-07_001_tap_tests_stepper/tool_stepper/results/figures/time/x/2026-05-07_09-56-00_x315_y315_z60_x_xyz_tool_plastic_tip_no_lock_fs_20000_reciprocating_tap7/force_window.png,derived,41674,1a611803c8d4ffc6735ab980b6e70be9e49ca4eaaedf6f705791c23ba6a405c7,2026-05-20T11:21:37Z,,2026-05-07_001_tap_tests_stepper,,,,,,,,,,,,,,,force_window
tap-tests,Machine FRF and stability/Tap tests/2026-05-07_001_tap_tests_stepper/tool_stepper/results/figures/time/x/2026-05-07_09-56-00_x315_y315_z60_x_xyz_tool_plastic_tip_no_lock_fs_20000_reciprocating_tap7/force_windowed.png,derived,35245,931aa2041a84995e7961f14ca31d683f845ae0ead243070a5ef6b784e3b5222f,2026-05-20T11:21:37Z,,2026-05-07_001_tap_tests_stepper,,,,,,,,,,,,,,,force_windowed
tap-tests,Machine FRF and stability/Tap tests/2026-05-07_001_tap_tests_stepper/tool_stepper/results/figures/time/x/2026-05-07_09-56-00_x315_y315_z60_x_xyz_tool_plastic_tip_no_lock_fs_20000_reciprocating_tap7/response.png,derived,55023,650998e4a252fe13d798cd7412769f60bb88ca83327fdda2e9fb7248bfd63c21,2026-05-20T11:21:36Z,,2026-05-07_001_tap_tests_stepper,,,,,,,,,,,,,,,response
tap-tests,Machine FRF and stability/Tap tests/2026-05-07_001_tap_tests_stepper/tool_stepper/results/figures/time/x/2026-05-07_09-56-00_x315_y315_z60_x_xyz_tool_plastic_tip_no_lock_fs_20000_reciprocating_tap7/response_detrended.png,derived,58779,fef0cbcc7af055ec9446c707d099a94a0c92abc39f2eae3f79b8e1cfd5b85c1a,2026-05-20T11:21:37Z,,2026-05-07_001_tap_tests_stepper,,,,,,,,,,,,,,,response_detrended
tap-tests,Machine FRF and stability/Tap tests/2026-05-07_001_tap_tests_stepper/tool_stepper/results/figures/time/x/2026-05-07_09-56-00_x315_y315_z60_x_xyz_tool_plastic_tip_no_lock_fs_20000_reciprocating_tap7/response_wiener.png,derived,52126,a3dfae8ad2ec2383f98be04d90a486ba0146ea58d9cf69561a5bea0ae436d156,2026-05-20T11:21:37Z,,2026-05-07_001_tap_tests_stepper,,,,,,,,,,,,,,,response_wiener
tap-tests,Machine FRF and stability/Tap tests/2026-05-07_001_tap_tests_stepper/tool_stepper/results/figures/time/x/2026-05-07_09-56-00_x315_y315_z60_x_xyz_tool_plastic_tip_no_lock_fs_20000_reciprocating_tap7/response_window.png,derived,67659,603d9f65a8f1156dd17e9de860bdd96d3460ee2ae727b21d55ac122a8d61c902,2026-05-20T11:21:37Z,,2026-05-07_001_tap_tests_stepper,,,,,,,,,,,,,,,response_window
tap-tests,Machine FRF and stability/Tap tests/2026-05-07_001_tap_tests_stepper/tool_stepper/results/figures/time/x/2026-05-07_09-56-00_x315_y315_z60_x_xyz_tool_plastic_tip_no_lock_fs_20000_reciprocating_tap7/response_windowed.png,derived,56933,10b779b39a4567f8c807828c40d302a742cf7667494f30ef4c2aad90175ae035,2026-05-20T11:21:37Z,,2026-05-07_001_tap_tests_stepper,,,,,,,,,,,,,,,response_windowed
tap-tests,Machine FRF and stability/Tap tests/2026-05-07_001_tap_tests_stepper/tool_stepper/results/figures/time/x/2026-05-07_09-56-00_x315_y315_z60_x_xyz_tool_plastic_tip_no_lock_fs_20000_reciprocating_tap8/force.png,derived,47000,96fa496f92085ba77357debed15f0e6d8c3037eea6e30e07dea59cb84980e7cc,2026-05-20T11:21:40Z,,2026-05-07_001_tap_tests_stepper,,,,,,,,,,,,,,,force
tap-tests,Machine FRF and stability/Tap tests/2026-05-07_001_tap_tests_stepper/tool_stepper/results/figures/time/x/2026-05-07_09-56-00_x315_y315_z60_x_xyz_tool_plastic_tip_no_lock_fs_20000_reciprocating_tap8/force_detrended.png,derived,51217,69d6380842533d43686581fa6cc6c25c6b80ce528ac8146899873f24947cde92,2026-05-20T11:21:41Z,,2026-05-07_001_tap_tests_stepper,,,,,,,,,,,,,,,force_detrended
tap-tests,Machine FRF and stability/Tap tests/2026-05-07_001_tap_tests_stepper/tool_stepper/results/figures/time/x/2026-05-07_09-56-00_x315_y315_z60_x_xyz_tool_plastic_tip_no_lock_fs_20000_reciprocating_tap8/force_window.png,derived,41702,936ba0bd11ca16805a01884c0760d56678a766932efa6c2972bb728b3ab78611,2026-05-20T11:21:41Z,,2026-05-07_001_tap_tests_stepper,,,,,,,,,,,,,,,force_window
tap-tests,Machine FRF and stability/Tap tests/2026-05-07_001_tap_tests_stepper/tool_stepper/results/figures/time/x/2026-05-07_09-56-00_x315_y315_z60_x_xyz_tool_plastic_tip_no_lock_fs_20000_reciprocating_tap8/force_windowed.png,derived,35654,e1b6e783195657ef1dd4224cabb485d5f0f6956b1809db74c9bc21fa1a807542,2026-05-20T11:21:41Z,,2026-05-07_001_tap_tests_stepper,,,,,,,,,,,,,,,force_windowed
tap-tests,Machine FRF and stability/Tap tests/2026-05-07_001_tap_tests_stepper/tool_stepper/results/figures/time/x/2026-05-07_09-56-00_x315_y315_z60_x_xyz_tool_plastic_tip_no_lock_fs_20000_reciprocating_tap8/response.png,derived,54181,674999ab046e3fc0870523297ca4753755c15a7ce59981787fcd296f7ec4d7b8,2026-05-20T11:21:41Z,,2026-05-07_001_tap_tests_stepper,,,,,,,,,,,,,,,response
tap-tests,Machine FRF and stability/Tap tests/2026-05-07_001_tap_tests_stepper/tool_stepper/results/figures/time/x/2026-05-07_09-56-00_x315_y315_z60_x_xyz_tool_plastic_tip_no_lock_fs_20000_reciprocating_tap8/response_detrended.png,derived,58445,8072d070e43f71dbd995acf2ce4632015414c1f2d8edc8d5bb2ba6f3a4620278,2026-05-20T11:21:41Z,,2026-05-07_001_tap_tests_stepper,,,,,,,,,,,,,,,response_detrended
tap-tests,Machine FRF and stability/Tap tests/2026-05-07_001_tap_tests_stepper/tool_stepper/results/figures/time/x/2026-05-07_09-56-00_x315_y315_z60_x_xyz_tool_plastic_tip_no_lock_fs_20000_reciprocating_tap8/response_wiener.png,derived,52055,558d64aa2536a4afa1b45ab59e231362cc7f9f32eb0ceedbffa8fca0ad670bcf,2026-05-20T11:21:41Z,,2026-05-07_001_tap_tests_stepper,,,,,,,,,,,,,,,response_wiener
tap-tests,Machine FRF and stability/Tap tests/2026-05-07_001_tap_tests_stepper/tool_stepper/results/figures/time/x/2026-05-07_09-56-00_x315_y315_z60_x_xyz_tool_plastic_tip_no_lock_fs_20000_reciprocating_tap8/response_window.png,derived,67602,51a5f505efa5508abd588810b25bc63405d25648d47c184c7093ed0d2936901a,2026-05-20T11:21:41Z,,2026-05-07_001_tap_tests_stepper,,,,,,,,,,,,,,,response_window
tap-tests,Machine FRF and stability/Tap tests/2026-05-07_001_tap_tests_stepper/tool_stepper/results/figures/time/x/2026-05-07_09-56-00_x315_y315_z60_x_xyz_tool_plastic_tip_no_lock_fs_20000_reciprocating_tap8/response_windowed.png,derived,50051,dfacf154f0d7b5761c5c8e67831f8778b7f3141019b7449cd3944f444027d051,2026-05-20T11:21:42Z,,2026-05-07_001_tap_tests_stepper,,,,,,,,,,,,,,,response_windowed
tap-tests,Machine FRF and stability/Tap tests/2026-05-07_001_tap_tests_stepper/tool_stepper/results/figures/time/x/average/force.png,derived,45245,f6490f74f944242c12fd685262a750cf618c0a84b4748a8e96ab5ed7a5a2c77b,2026-05-20T11:22:02Z,,2026-05-07_001_tap_tests_stepper,,,,,,,,,,,,,,,force
tap-tests,Machine FRF and stability/Tap tests/2026-05-07_001_tap_tests_stepper/tool_stepper/results/figures/time/x/average/force_detrended.png,derived,46139,5b493bb8261987489ebb87ca4bd0e208e21caab1f604259f4199a8a133266238,2026-05-20T11:22:02Z,,2026-05-07_001_tap_tests_stepper,,,,,,,,,,,,,,,force_detrended
tap-tests,Machine FRF and stability/Tap tests/2026-05-07_001_tap_tests_stepper/tool_stepper/results/figures/time/x/average/force_window.png,derived,44583,b428f9a95208d8b77f246b861138c042fb0cc56a506e88ee4c29633a843f265d,2026-05-20T11:22:03Z,,2026-05-07_001_tap_tests_stepper,,,,,,,,,,,,,,,force_window
tap-tests,Machine FRF and stability/Tap tests/2026-05-07_001_tap_tests_stepper/tool_stepper/results/figures/time/x/average/force_windowed.png,derived,36863,de48d85708139350b7fca13733abca28aefd1760cdc928318707c6e7c296c70d,2026-05-20T11:22:03Z,,2026-05-07_001_tap_tests_stepper,,,,,,,,,,,,,,,force_windowed
tap-tests,Machine FRF and stability/Tap tests/2026-05-07_001_tap_tests_stepper/tool_stepper/results/figures/time/x/average/response.png,derived,54186,17db93fa414d35633c0fbad4914b9b1cbd9220125a37ba252e727ab92e719041,2026-05-20T11:22:02Z,,2026-05-07_001_tap_tests_stepper,,,,,,,,,,,,,,,response
tap-tests,Machine FRF and stability/Tap tests/2026-05-07_001_tap_tests_stepper/tool_stepper/results/figures/time/x/average/response_detrended.png,derived,56198,4fa353f895ab99ec3658b693a8a183a5c039c7c452cf05d1ac1372e0306fd419,2026-05-20T11:22:03Z,,2026-05-07_001_tap_tests_stepper,,,,,,,,,,,,,,,response_detrended
tap-tests,Machine FRF and stability/Tap tests/2026-05-07_001_tap_tests_stepper/tool_stepper/results/figures/time/x/average/response_wiener.png,derived,52882,00e0cb9ffbb583e5ba151860eeaa83eca9a788ef59ed98c03f7742598c496ef2,2026-05-20T11:22:04Z,,2026-05-07_001_tap_tests_stepper,,,,,,,,,,,,,,,response_wiener
tap-tests,Machine FRF and stability/Tap tests/2026-05-07_001_tap_tests_stepper/tool_stepper/results/figures/time/x/average/response_window.png,derived,70532,ea5ed128df5f813b123c8893e22ea910f8fa0a5ad4d709389011401d259388a7,2026-05-20T11:22:04Z,,2026-05-07_001_tap_tests_stepper,,,,,,,,,,,,,,,response_window
tap-tests,Machine FRF and stability/Tap tests/2026-05-07_001_tap_tests_stepper/tool_stepper/results/figures/time/x/average/response_windowed.png,derived,51250,0fc3a28ffdcc764efbe572074f4d468cf9ea7be39d1b44f47d952fc475ed19d8,2026-05-20T11:22:04Z,,2026-05-07_001_tap_tests_stepper,,,,,,,,,,,,,,,response_windowed
tap-tests,Machine FRF and stability/Tap tests/2026-05-07_001_tap_tests_stepper/tool_stepper/results/logs/export_log.json,derived,20561,8a939d9889327ffac985281832a433260f32aa1fe68c0f8d64276d4b005ed052,2026-05-20T11:22:09Z,,2026-05-07_001_tap_tests_stepper,,,,,,,,,,,,,,,export_log
tap-tests,Machine FRF and stability/Tap tests/2026-05-07_001_tap_tests_stepper/tool_stepper/results/tables/fft/x/2026-05-07_09-56-00_x315_y315_z60_x_xyz_tool_plastic_tip_no_lock_fs_20000_reciprocating_tap1.csv,derived,864829,79506f23f3fea275f0559774b9ba7dad980d8bfd499eab84bdf24f3f3cc1d467,2026-05-20T11:21:19Z,,2026-05-07_001_tap_tests_stepper,,,,,,,,,,,,,1,20000,2026-05-07_09-56-00_x315_y315_z60_x_xyz_tool_plastic_tip_no_lock_fs_20000_reciprocating_tap1
tap-tests,Machine FRF and stability/Tap tests/2026-05-07_001_tap_tests_stepper/tool_stepper/results/tables/fft/x/2026-05-07_09-56-00_x315_y315_z60_x_xyz_tool_plastic_tip_no_lock_fs_20000_reciprocating_tap10.csv,derived,864700,c3c98c7e29f1d50af0a4405907933d3f9400c631ba321666c5b373e765e8f663,2026-05-20T11:21:44Z,,2026-05-07_001_tap_tests_stepper,,,,,,,,,,,,,10,20000,2026-05-07_09-56-00_x315_y315_z60_x_xyz_tool_plastic_tip_no_lock_fs_20000_reciprocating_tap10
tap-tests,Machine FRF and stability/Tap tests/2026-05-07_001_tap_tests_stepper/tool_stepper/results/tables/fft/x/2026-05-07_09-56-00_x315_y315_z60_x_xyz_tool_plastic_tip_no_lock_fs_20000_reciprocating_tap11.csv,derived,864856,6d785672cec9ba78ba82c0fa60cc8bdc243d138df635dbeacd2ce8df67f7f3c4,2026-05-20T11:21:49Z,,2026-05-07_001_tap_tests_stepper,,,,,,,,,,,,,11,20000,2026-05-07_09-56-00_x315_y315_z60_x_xyz_tool_plastic_tip_no_lock_fs_20000_reciprocating_tap11
tap-tests,Machine FRF and stability/Tap tests/2026-05-07_001_tap_tests_stepper/tool_stepper/results/tables/fft/x/2026-05-07_09-56-00_x315_y315_z60_x_xyz_tool_plastic_tip_no_lock_fs_20000_reciprocating_tap14.csv,derived,864580,15949787f24e6d6d2f25d0ab4fb4026a16aaa306ca690afec476bdd06e590537,2026-05-20T11:21:53Z,,2026-05-07_001_tap_tests_stepper,,,,,,,,,,,,,14,20000,2026-05-07_09-56-00_x315_y315_z60_x_xyz_tool_plastic_tip_no_lock_fs_20000_reciprocating_tap14
tap-tests,Machine FRF and stability/Tap tests/2026-05-07_001_tap_tests_stepper/tool_stepper/results/tables/fft/x/2026-05-07_09-56-00_x315_y315_z60_x_xyz_tool_plastic_tip_no_lock_fs_20000_reciprocating_tap16.csv,derived,864912,003c8467cd8e58fb514e229d113b30853f7b5421be9dcd732b442234741a373c,2026-05-20T11:21:57Z,,2026-05-07_001_tap_tests_stepper,,,,,,,,,,,,,16,20000,2026-05-07_09-56-00_x315_y315_z60_x_xyz_tool_plastic_tip_no_lock_fs_20000_reciprocating_tap16
tap-tests,Machine FRF and stability/Tap tests/2026-05-07_001_tap_tests_stepper/tool_stepper/results/tables/fft/x/2026-05-07_09-56-00_x315_y315_z60_x_xyz_tool_plastic_tip_no_lock_fs_20000_reciprocating_tap3.csv,derived,864946,4c00d8bea3abb23e08c75b85cd38ddc73799ba9aefd7e1b9c01c0b05ded2f707,2026-05-20T11:21:23Z,,2026-05-07_001_tap_tests_stepper,,,,,,,,,,,,,3,20000,2026-05-07_09-56-00_x315_y315_z60_x_xyz_tool_plastic_tip_no_lock_fs_20000_reciprocating_tap3
tap-tests,Machine FRF and stability/Tap tests/2026-05-07_001_tap_tests_stepper/tool_stepper/results/tables/fft/x/2026-05-07_09-56-00_x315_y315_z60_x_xyz_tool_plastic_tip_no_lock_fs_20000_reciprocating_tap5.csv,derived,864515,a058dd09e1500c18141ae854856e36b159606e7016856cab764fd6fdd4b39ddb,2026-05-20T11:21:28Z,,2026-05-07_001_tap_tests_stepper,,,,,,,,,,,,,5,20000,2026-05-07_09-56-00_x315_y315_z60_x_xyz_tool_plastic_tip_no_lock_fs_20000_reciprocating_tap5
tap-tests,Machine FRF and stability/Tap tests/2026-05-07_001_tap_tests_stepper/tool_stepper/results/tables/fft/x/2026-05-07_09-56-00_x315_y315_z60_x_xyz_tool_plastic_tip_no_lock_fs_20000_reciprocating_tap6.csv,derived,864701,372e9f91ac3ae01cb4cecde863cd5292411cf6ed84fccb7f1df6ee854e606b6f,2026-05-20T11:21:32Z,,2026-05-07_001_tap_tests_stepper,,,,,,,,,,,,,6,20000,2026-05-07_09-56-00_x315_y315_z60_x_xyz_tool_plastic_tip_no_lock_fs_20000_reciprocating_tap6
tap-tests,Machine FRF and stability/Tap tests/2026-05-07_001_tap_tests_stepper/tool_stepper/results/tables/fft/x/2026-05-07_09-56-00_x315_y315_z60_x_xyz_tool_plastic_tip_no_lock_fs_20000_reciprocating_tap7.csv,derived,864468,014c5116535712d8ced892f2839e2dc30fdf6ad19b0c83531ccf222542c59efc,2026-05-20T11:21:36Z,,2026-05-07_001_tap_tests_stepper,,,,,,,,,,,,,7,20000,2026-05-07_09-56-00_x315_y315_z60_x_xyz_tool_plastic_tip_no_lock_fs_20000_reciprocating_tap7
tap-tests,Machine FRF and stability/Tap tests/2026-05-07_001_tap_tests_stepper/tool_stepper/results/tables/fft/x/2026-05-07_09-56-00_x315_y315_z60_x_xyz_tool_plastic_tip_no_lock_fs_20000_reciprocating_tap8.csv,derived,864775,cbb18444cc7fa71e2eca979318c07811d41b6a14cc7c86a3a2516a5fe8b5de38,2026-05-20T11:21:40Z,,2026-05-07_001_tap_tests_stepper,,,,,,,,,,,,,8,20000,2026-05-07_09-56-00_x315_y315_z60_x_xyz_tool_plastic_tip_no_lock_fs_20000_reciprocating_tap8
tap-tests,Machine FRF and stability/Tap tests/2026-05-07_001_tap_tests_stepper/tool_stepper/results/tables/fft/x/average.csv,derived,869043,242426650a823d1e0ea97d3fa1b561303fe85b06fb666e895861399dd9a8bade,2026-05-20T11:22:01Z,,2026-05-07_001_tap_tests_stepper,,,,,,,,,,,,,,,average
tap-tests,Machine FRF and stability/Tap tests/2026-05-07_001_tap_tests_stepper/tool_stepper/results/tables/frequency/x/2026-05-07_09-56-00_x315_y315_z60_x_xyz_tool_plastic_tip_no_lock_fs_20000_reciprocating_tap1.csv,derived,349830,4c4e95f0fd5b11c3737c423703a02d5c87602a171bcb53de7a9961b03d057f34,2026-05-20T11:21:19Z,,2026-05-07_001_tap_tests_stepper,,,,,,,,,,,,,1,20000,2026-05-07_09-56-00_x315_y315_z60_x_xyz_tool_plastic_tip_no_lock_fs_20000_reciprocating_tap1
tap-tests,Machine FRF and stability/Tap tests/2026-05-07_001_tap_tests_stepper/tool_stepper/results/tables/frequency/x/2026-05-07_09-56-00_x315_y315_z60_x_xyz_tool_plastic_tip_no_lock_fs_20000_reciprocating_tap10.csv,derived,349860,3c136613215239958331e9606e01420e6b59cc6325b76566d0c2d00c7f453e60,2026-05-20T11:21:44Z,,2026-05-07_001_tap_tests_stepper,,,,,,,,,,,,,10,20000,2026-05-07_09-56-00_x315_y315_z60_x_xyz_tool_plastic_tip_no_lock_fs_20000_reciprocating_tap10
tap-tests,Machine FRF and stability/Tap tests/2026-05-07_001_tap_tests_stepper/tool_stepper/results/tables/frequency/x/2026-05-07_09-56-00_x315_y315_z60_x_xyz_tool_plastic_tip_no_lock_fs_20000_reciprocating_tap11.csv,derived,349831,8a3bc50c910dd93ca461f9fdaa2aa442d3fcb6b49e5a482412d47e591710e86c,2026-05-20T11:21:48Z,,2026-05-07_001_tap_tests_stepper,,,,,,,,,,,,,11,20000,2026-05-07_09-56-00_x315_y315_z60_x_xyz_tool_plastic_tip_no_lock_fs_20000_reciprocating_tap11
tap-tests,Machine FRF and stability/Tap tests/2026-05-07_001_tap_tests_stepper/tool_stepper/results/tables/frequency/x/2026-05-07_09-56-00_x315_y315_z60_x_xyz_tool_plastic_tip_no_lock_fs_20000_reciprocating_tap14.csv,derived,349956,890933198ea526b912131700bcd2b1f3cf787a088c0b8e5103a1390a21773c1d,2026-05-20T11:21:53Z,,2026-05-07_001_tap_tests_stepper,,,,,,,,,,,,,14,20000,2026-05-07_09-56-00_x315_y315_z60_x_xyz_tool_plastic_tip_no_lock_fs_20000_reciprocating_tap14
tap-tests,Machine FRF and stability/Tap tests/2026-05-07_001_tap_tests_stepper/tool_stepper/results/tables/frequency/x/2026-05-07_09-56-00_x315_y315_z60_x_xyz_tool_plastic_tip_no_lock_fs_20000_reciprocating_tap16.csv,derived,349947,6a371b52feacc4273bd8d9a5347e6a235e81650178fa3e7a48d24f1e82acda9b,2026-05-20T11:21:57Z,,2026-05-07_001_tap_tests_stepper,,,,,,,,,,,,,16,20000,2026-05-07_09-56-00_x315_y315_z60_x_xyz_tool_plastic_tip_no_lock_fs_20000_reciprocating_tap16
tap-tests,Machine FRF and stability/Tap tests/2026-05-07_001_tap_tests_stepper/tool_stepper/results/tables/frequency/x/2026-05-07_09-56-00_x315_y315_z60_x_xyz_tool_plastic_tip_no_lock_fs_20000_reciprocating_tap3.csv,derived,349900,b2ab5baf8acd78a126ac4e7c5c89ed366d267d1fe5a2423e2bad293088092f5d,2026-05-20T11:21:23Z,,2026-05-07_001_tap_tests_stepper,,,,,,,,,,,,,3,20000,2026-05-07_09-56-00_x315_y315_z60_x_xyz_tool_plastic_tip_no_lock_fs_20000_reciprocating_tap3
tap-tests,Machine FRF and stability/Tap tests/2026-05-07_001_tap_tests_stepper/tool_stepper/results/tables/frequency/x/2026-05-07_09-56-00_x315_y315_z60_x_xyz_tool_plastic_tip_no_lock_fs_20000_reciprocating_tap5.csv,derived,350010,1231674cea78212ac474d3080410da02d4ec9b46358c726065a23751e42d72c1,2026-05-20T11:21:27Z,,2026-05-07_001_tap_tests_stepper,,,,,,,,,,,,,5,20000,2026-05-07_09-56-00_x315_y315_z60_x_xyz_tool_plastic_tip_no_lock_fs_20000_reciprocating_tap5
tap-tests,Machine FRF and stability/Tap tests/2026-05-07_001_tap_tests_stepper/tool_stepper/results/tables/frequency/x/2026-05-07_09-56-00_x315_y315_z60_x_xyz_tool_plastic_tip_no_lock_fs_20000_reciprocating_tap6.csv,derived,349791,234238cd4293ded08c6e045137f7b7285056d9f00f08a757c961431badd9cd29,2026-05-20T11:21:31Z,,2026-05-07_001_tap_tests_stepper,,,,,,,,,,,,,6,20000,2026-05-07_09-56-00_x315_y315_z60_x_xyz_tool_plastic_tip_no_lock_fs_20000_reciprocating_tap6
tap-tests,Machine FRF and stability/Tap tests/2026-05-07_001_tap_tests_stepper/tool_stepper/results/tables/frequency/x/2026-05-07_09-56-00_x315_y315_z60_x_xyz_tool_plastic_tip_no_lock_fs_20000_reciprocating_tap7.csv,derived,350123,ecf872bc87a8d588d1c78171fc99138afab8c166b2b07130892de265a6e9974a,2026-05-20T11:21:36Z,,2026-05-07_001_tap_tests_stepper,,,,,,,,,,,,,7,20000,2026-05-07_09-56-00_x315_y315_z60_x_xyz_tool_plastic_tip_no_lock_fs_20000_reciprocating_tap7
tap-tests,Machine FRF and stability/Tap tests/2026-05-07_001_tap_tests_stepper/tool_stepper/results/tables/frequency/x/2026-05-07_09-56-00_x315_y315_z60_x_xyz_tool_plastic_tip_no_lock_fs_20000_reciprocating_tap8.csv,derived,349888,a33fe2f2072d445807da36f8d5b6d2768ae098afca77d0c7b56d9aad16cdcdec,2026-05-20T11:21:40Z,,2026-05-07_001_tap_tests_stepper,,,,,,,,,,,,,8,20000,2026-05-07_09-56-00_x315_y315_z60_x_xyz_tool_plastic_tip_no_lock_fs_20000_reciprocating_tap8
tap-tests,Machine FRF and stability/Tap tests/2026-05-07_001_tap_tests_stepper/tool_stepper/results/tables/frequency/x/average.csv,derived,350659,c87bcb2370794f67a1ff5361c04f0686269488bd5dfa62e2b24010247573358b,2026-05-20T11:22:01Z,,2026-05-07_001_tap_tests_stepper,,,,,,,,,,,,,,,average
tap-tests,Machine FRF and stability/Tap tests/2026-05-07_001_tap_tests_stepper/tool_stepper/results/tables/raw/x/2026-05-07_09-56-00_x315_y315_z60_x_xyz_tool_plastic_tip_no_lock_fs_20000_reciprocating_tap1.csv,derived,348834,7a98e61ec6cf71448c0b1cc949ade167198049808622e84cd10ce0f0220df6a6,2026-05-20T11:21:19Z,,2026-05-07_001_tap_tests_stepper,,,,,,,,,,,,,1,20000,2026-05-07_09-56-00_x315_y315_z60_x_xyz_tool_plastic_tip_no_lock_fs_20000_reciprocating_tap1
tap-tests,Machine FRF and stability/Tap tests/2026-05-07_001_tap_tests_stepper/tool_stepper/results/tables/raw/x/2026-05-07_09-56-00_x315_y315_z60_x_xyz_tool_plastic_tip_no_lock_fs_20000_reciprocating_tap10.csv,derived,348950,73b0e8585d376f87681504778ad2113e91d4d454fd85e70aac145bde53e6390b,2026-05-20T11:21:44Z,,2026-05-07_001_tap_tests_stepper,,,,,,,,,,,,,10,20000,2026-05-07_09-56-00_x315_y315_z60_x_xyz_tool_plastic_tip_no_lock_fs_20000_reciprocating_tap10
tap-tests,Machine FRF and stability/Tap tests/2026-05-07_001_tap_tests_stepper/tool_stepper/results/tables/raw/x/2026-05-07_09-56-00_x315_y315_z60_x_xyz_tool_plastic_tip_no_lock_fs_20000_reciprocating_tap11.csv,derived,348784,f2fb862c625010f1c96b9c2654d738ac2f530c3b399ae7992bb325eab47982aa,2026-05-20T11:21:49Z,,2026-05-07_001_tap_tests_stepper,,,,,,,,,,,,,11,20000,2026-05-07_09-56-00_x315_y315_z60_x_xyz_tool_plastic_tip_no_lock_fs_20000_reciprocating_tap11
tap-tests,Machine FRF and stability/Tap tests/2026-05-07_001_tap_tests_stepper/tool_stepper/results/tables/raw/x/2026-05-07_09-56-00_x315_y315_z60_x_xyz_tool_plastic_tip_no_lock_fs_20000_reciprocating_tap14.csv,derived,349052,61c2aa37d0b2cbebd6db015708e24b212137bdddfd6c8fbb0466b0026a2f24c7,2026-05-20T11:21:53Z,,2026-05-07_001_tap_tests_stepper,,,,,,,,,,,,,14,20000,2026-05-07_09-56-00_x315_y315_z60_x_xyz_tool_plastic_tip_no_lock_fs_20000_reciprocating_tap14
tap-tests,Machine FRF and stability/Tap tests/2026-05-07_001_tap_tests_stepper/tool_stepper/results/tables/raw/x/2026-05-07_09-56-00_x315_y315_z60_x_xyz_tool_plastic_tip_no_lock_fs_20000_reciprocating_tap16.csv,derived,348866,52c87102eecfcdcd4e0fedda4f7521c1136263c4363b2a677d442724ef2f861f,2026-05-20T11:21:57Z,,2026-05-07_001_tap_tests_stepper,,,,,,,,,,,,,16,20000,2026-05-07_09-56-00_x315_y315_z60_x_xyz_tool_plastic_tip_no_lock_fs_20000_reciprocating_tap16
tap-tests,Machine FRF and stability/Tap tests/2026-05-07_001_tap_tests_stepper/tool_stepper/results/tables/raw/x/2026-05-07_09-56-00_x315_y315_z60_x_xyz_tool_plastic_tip_no_lock_fs_20000_reciprocating_tap3.csv,derived,348780,bd9656d40f1ffb91a58f66b58faf80a8a71e7d09fc16545eeec31d2e7b022f9a,2026-05-20T11:21:23Z,,2026-05-07_001_tap_tests_stepper,,,,,,,,,,,,,3,20000,2026-05-07_09-56-00_x315_y315_z60_x_xyz_tool_plastic_tip_no_lock_fs_20000_reciprocating_tap3
tap-tests,Machine FRF and stability/Tap tests/2026-05-07_001_tap_tests_stepper/tool_stepper/results/tables/raw/x/2026-05-07_09-56-00_x315_y315_z60_x_xyz_tool_plastic_tip_no_lock_fs_20000_reciprocating_tap5.csv,derived,349001,ebaa0871afd3fbb234faa98665c077c1902912844d3dab62eb49011ee030f8b2,2026-05-20T11:21:28Z,,2026-05-07_001_tap_tests_stepper,,,,,,,,,,,,,5,20000,2026-05-07_09-56-00_x315_y315_z60_x_xyz_tool_plastic_tip_no_lock_fs_20000_reciprocating_tap5
tap-tests,Machine FRF and stability/Tap tests/2026-05-07_001_tap_tests_stepper/tool_stepper/results/tables/raw/x/2026-05-07_09-56-00_x315_y315_z60_x_xyz_tool_plastic_tip_no_lock_fs_20000_reciprocating_tap6.csv,derived,348944,bbfb61b06d5d12259e51b679edd2f7ac69e4dc6d02b0e7b4eb10558b196089c8,2026-05-20T11:21:32Z,,2026-05-07_001_tap_tests_stepper,,,,,,,,,,,,,6,20000,2026-05-07_09-56-00_x315_y315_z60_x_xyz_tool_plastic_tip_no_lock_fs_20000_reciprocating_tap6
tap-tests,Machine FRF and stability/Tap tests/2026-05-07_001_tap_tests_stepper/tool_stepper/results/tables/raw/x/2026-05-07_09-56-00_x315_y315_z60_x_xyz_tool_plastic_tip_no_lock_fs_20000_reciprocating_tap7.csv,derived,348905,909cbc502e1b4119f4eb73322db3417d36c31c23c242e674eae4453a0f4e3617,2026-05-20T11:21:36Z,,2026-05-07_001_tap_tests_stepper,,,,,,,,,,,,,7,20000,2026-05-07_09-56-00_x315_y315_z60_x_xyz_tool_plastic_tip_no_lock_fs_20000_reciprocating_tap7
tap-tests,Machine FRF and stability/Tap tests/2026-05-07_001_tap_tests_stepper/tool_stepper/results/tables/raw/x/2026-05-07_09-56-00_x315_y315_z60_x_xyz_tool_plastic_tip_no_lock_fs_20000_reciprocating_tap8.csv,derived,348916,dd3059e3d0bb7ec765d0121c2537ce001f7a65f28487f88dbb0730cfe759890b,2026-05-20T11:21:40Z,,2026-05-07_001_tap_tests_stepper,,,,,,,,,,,,,8,20000,2026-05-07_09-56-00_x315_y315_z60_x_xyz_tool_plastic_tip_no_lock_fs_20000_reciprocating_tap8
tap-tests,Machine FRF and stability/Tap tests/2026-05-07_001_tap_tests_stepper/tool_stepper/results/tables/time/x/2026-05-07_09-56-00_x315_y315_z60_x_xyz_tool_plastic_tip_no_lock_fs_20000_reciprocating_tap1.csv,derived,712667,d5ce4b27af302c369a82e893d390bc6cd73a9bf0e714ee06f8bf7f66e0183dae,2026-05-20T11:21:19Z,,2026-05-07_001_tap_tests_stepper,,,,,,,,,,,,,1,20000,2026-05-07_09-56-00_x315_y315_z60_x_xyz_tool_plastic_tip_no_lock_fs_20000_reciprocating_tap1
tap-tests,Machine FRF and stability/Tap tests/2026-05-07_001_tap_tests_stepper/tool_stepper/results/tables/time/x/2026-05-07_09-56-00_x315_y315_z60_x_xyz_tool_plastic_tip_no_lock_fs_20000_reciprocating_tap10.csv,derived,711501,3f177f0de0347ad40185bb271460cfda7c552a507973c86c7ce9f1bcd54746a6,2026-05-20T11:21:44Z,,2026-05-07_001_tap_tests_stepper,,,,,,,,,,,,,10,20000,2026-05-07_09-56-00_x315_y315_z60_x_xyz_tool_plastic_tip_no_lock_fs_20000_reciprocating_tap10
tap-tests,Machine FRF and stability/Tap tests/2026-05-07_001_tap_tests_stepper/tool_stepper/results/tables/time/x/2026-05-07_09-56-00_x315_y315_z60_x_xyz_tool_plastic_tip_no_lock_fs_20000_reciprocating_tap11.csv,derived,712484,650af2f8a35909380604a5bac92f167918414d8f5d6eed9973615466f232cf45,2026-05-20T11:21:48Z,,2026-05-07_001_tap_tests_stepper,,,,,,,,,,,,,11,20000,2026-05-07_09-56-00_x315_y315_z60_x_xyz_tool_plastic_tip_no_lock_fs_20000_reciprocating_tap11
tap-tests,Machine FRF and stability/Tap tests/2026-05-07_001_tap_tests_stepper/tool_stepper/results/tables/time/x/2026-05-07_09-56-00_x315_y315_z60_x_xyz_tool_plastic_tip_no_lock_fs_20000_reciprocating_tap14.csv,derived,712199,d2d57d325e8aeaed69627de502fd66afd5815734e8ce28001435c91893117a77,2026-05-20T11:21:53Z,,2026-05-07_001_tap_tests_stepper,,,,,,,,,,,,,14,20000,2026-05-07_09-56-00_x315_y315_z60_x_xyz_tool_plastic_tip_no_lock_fs_20000_reciprocating_tap14
tap-tests,Machine FRF and stability/Tap tests/2026-05-07_001_tap_tests_stepper/tool_stepper/results/tables/time/x/2026-05-07_09-56-00_x315_y315_z60_x_xyz_tool_plastic_tip_no_lock_fs_20000_reciprocating_tap16.csv,derived,712290,66bfe838ba9bfa4c05897a6f258d3e6da9dbed467cce5882413ddeed0529a919,2026-05-20T11:21:56Z,,2026-05-07_001_tap_tests_stepper,,,,,,,,,,,,,16,20000,2026-05-07_09-56-00_x315_y315_z60_x_xyz_tool_plastic_tip_no_lock_fs_20000_reciprocating_tap16
tap-tests,Machine FRF and stability/Tap tests/2026-05-07_001_tap_tests_stepper/tool_stepper/results/tables/time/x/2026-05-07_09-56-00_x315_y315_z60_x_xyz_tool_plastic_tip_no_lock_fs_20000_reciprocating_tap3.csv,derived,711896,0a19b69d518258beed777a2ef4fcb8d8807de91bffd91a54cdbcf9c002237fc3,2026-05-20T11:21:23Z,,2026-05-07_001_tap_tests_stepper,,,,,,,,,,,,,3,20000,2026-05-07_09-56-00_x315_y315_z60_x_xyz_tool_plastic_tip_no_lock_fs_20000_reciprocating_tap3
tap-tests,Machine FRF and stability/Tap tests/2026-05-07_001_tap_tests_stepper/tool_stepper/results/tables/time/x/2026-05-07_09-56-00_x315_y315_z60_x_xyz_tool_plastic_tip_no_lock_fs_20000_reciprocating_tap5.csv,derived,712292,f8d43562b4b49c0403a5e92f250984acb16a1bfabbfdb41026e1fb744974e5c9,2026-05-20T11:21:27Z,,2026-05-07_001_tap_tests_stepper,,,,,,,,,,,,,5,20000,2026-05-07_09-56-00_x315_y315_z60_x_xyz_tool_plastic_tip_no_lock_fs_20000_reciprocating_tap5
tap-tests,Machine FRF and stability/Tap tests/2026-05-07_001_tap_tests_stepper/tool_stepper/results/tables/time/x/2026-05-07_09-56-00_x315_y315_z60_x_xyz_tool_plastic_tip_no_lock_fs_20000_reciprocating_tap6.csv,derived,710434,e4dca281bd88061a96ab3636c950dacc202dc4e9a0557f168284a19ad134a215,2026-05-20T11:21:31Z,,2026-05-07_001_tap_tests_stepper,,,,,,,,,,,,,6,20000,2026-05-07_09-56-00_x315_y315_z60_x_xyz_tool_plastic_tip_no_lock_fs_20000_reciprocating_tap6
tap-tests,Machine FRF and stability/Tap tests/2026-05-07_001_tap_tests_stepper/tool_stepper/results/tables/time/x/2026-05-07_09-56-00_x315_y315_z60_x_xyz_tool_plastic_tip_no_lock_fs_20000_reciprocating_tap7.csv,derived,712700,8bf9b6c0efb23d618d8ffa146e3e0f59da95e65a09e69fe3370ff09747a10250,2026-05-20T11:21:36Z,,2026-05-07_001_tap_tests_stepper,,,,,,,,,,,,,7,20000,2026-05-07_09-56-00_x315_y315_z60_x_xyz_tool_plastic_tip_no_lock_fs_20000_reciprocating_tap7
tap-tests,Machine FRF and stability/Tap tests/2026-05-07_001_tap_tests_stepper/tool_stepper/results/tables/time/x/2026-05-07_09-56-00_x315_y315_z60_x_xyz_tool_plastic_tip_no_lock_fs_20000_reciprocating_tap8.csv,derived,711077,d275a543dfec4af72ac60393c99410946c8f92fe6c08de1bb6996f276912fc22,2026-05-20T11:21:40Z,,2026-05-07_001_tap_tests_stepper,,,,,,,,,,,,,8,20000,2026-05-07_09-56-00_x315_y315_z60_x_xyz_tool_plastic_tip_no_lock_fs_20000_reciprocating_tap8
tap-tests,Machine FRF and stability/Tap tests/2026-05-07_001_tap_tests_stepper/tool_stepper/results/tables/time/x/average.csv,derived,764603,27208c727ab5c11409574c07f79ad5c19ab78961e924a38b36887cf4626732f8,2026-05-20T11:22:01Z,,2026-05-07_001_tap_tests_stepper,,,,,,,,,,,,,,,average
tap-tests,Machine FRF and stability/Tap tests/2026-05-07_002_tap_tests_servo_rotary/2026-05-07_13-15-00_X315_Y315_Z60_x_XYZ_spindle_alu_tip_no_lock_fs_20000_reciprocating.WDH,raw,9601172,5e98f52fe57d29e4f80f6a9eecc7eeeb372ec2b5951736fc563a83cfed33e2b8,2026-05-07T11:16:50Z,,2026-05-07_002_tap_tests_servo_rotary,2026-05-07T13:15:00,x,315,315,60,,,,,,,,,20000,XYZ_spindle_alu_tip_no_lock_reciprocating
tap-tests,Machine FRF and stability/Tap tests/2026-05-07_002_tap_tests_servo_rotary/2026-05-07_13-15-00_X315_Y315_Z60_x_XYZ_spindle_alu_tip_no_lock_fs_20000_reciprocating_tap1.csv,derived,560134,29cc3c1854c8768a1dd3a78b130fed649ef8bf2dc16b4e3b1182a754a74297c5,2026-05-13T11:40:27Z,,2026-05-07_002_tap_tests_servo_rotary,2026-05-07T13:15:00,x,315,315,60,,,,,,,,1,20000,XYZ_spindle_alu_tip_no_lock_reciprocating
tap-tests,Machine FRF and stability/Tap tests/2026-05-07_002_tap_tests_servo_rotary/2026-05-07_13-15-00_X315_Y315_Z60_x_XYZ_spindle_alu_tip_no_lock_fs_20000_reciprocating_tap10.csv,derived,560134,a69703a4d06c46a4736cf67eadaa6a132efb9cc354b0b08080cd8b344aa77567,2026-05-13T14:05:52Z,,2026-05-07_002_tap_tests_servo_rotary,2026-05-07T13:15:00,x,315,315,60,,,,,,,,10,20000,XYZ_spindle_alu_tip_no_lock_reciprocating
tap-tests,Machine FRF and stability/Tap tests/2026-05-07_002_tap_tests_servo_rotary/2026-05-07_13-15-00_X315_Y315_Z60_x_XYZ_spindle_alu_tip_no_lock_fs_20000_reciprocating_tap11.csv,derived,560134,756be00b83d07950b04bfddbb9f235f19b1a1ce6e710d4b0e0ba114085de883d,2026-05-13T14:06:57Z,,2026-05-07_002_tap_tests_servo_rotary,2026-05-07T13:15:00,x,315,315,60,,,,,,,,11,20000,XYZ_spindle_alu_tip_no_lock_reciprocating
tap-tests,Machine FRF and stability/Tap tests/2026-05-07_002_tap_tests_servo_rotary/2026-05-07_13-15-00_X315_Y315_Z60_x_XYZ_spindle_alu_tip_no_lock_fs_20000_reciprocating_tap3.csv,derived,560134,dfed8c252529ce4cb384c20f61921f5247985c5a7f91ac1c348cdf4c859ef0c2,2026-05-13T11:45:36Z,,2026-05-07_002_tap_tests_servo_rotary,2026-05-07T13:15:00,x,315,315,60,,,,,,,,3,20000,XYZ_spindle_alu_tip_no_lock_reciprocating
tap-tests,Machine FRF and stability/Tap tests/2026-05-07_002_tap_tests_servo_rotary/2026-05-07_13-15-00_X315_Y315_Z60_x_XYZ_spindle_alu_tip_no_lock_fs_20000_reciprocating_tap4.csv,derived,560134,1cf8009aa78e5ec927bf877cad6d516779f5f0dc26b970262b31bd3348e6c383,2026-05-13T11:46:33Z,,2026-05-07_002_tap_tests_servo_rotary,2026-05-07T13:15:00,x,315,315,60,,,,,,,,4,20000,XYZ_spindle_alu_tip_no_lock_reciprocating
tap-tests,Machine FRF and stability/Tap tests/2026-05-07_002_tap_tests_servo_rotary/2026-05-07_13-15-00_X315_Y315_Z60_x_XYZ_spindle_alu_tip_no_lock_fs_20000_reciprocating_tap5.csv,derived,560134,b6da1bf198ea33a001829c6b29dc55623ff80fd21364a329e80e999feddef5e5,2026-05-13T11:47:21Z,,2026-05-07_002_tap_tests_servo_rotary,2026-05-07T13:15:00,x,315,315,60,,,,,,,,5,20000,XYZ_spindle_alu_tip_no_lock_reciprocating
tap-tests,Machine FRF and stability/Tap tests/2026-05-07_002_tap_tests_servo_rotary/2026-05-07_13-15-00_X315_Y315_Z60_x_XYZ_spindle_alu_tip_no_lock_fs_20000_reciprocating_tap6.csv,derived,560246,b5132b3d29dcab276b46e04f2d1ebcfbb2dd8de6d6f8e2cfe257f9127adc06c9,2026-05-13T11:48:13Z,,2026-05-07_002_tap_tests_servo_rotary,2026-05-07T13:15:00,x,315,315,60,,,,,,,,6,20000,XYZ_spindle_alu_tip_no_lock_reciprocating
tap-tests,Machine FRF and stability/Tap tests/2026-05-07_002_tap_tests_servo_rotary/2026-05-07_13-15-00_X315_Y315_Z60_x_XYZ_spindle_alu_tip_no_lock_fs_20000_reciprocating_tap7.csv,derived,560134,2182e98e00dd4871dcadbdade12686b2c88e72d30c8cb649a2cd84a0c81617a1,2026-05-13T11:49:48Z,,2026-05-07_002_tap_tests_servo_rotary,2026-05-07T13:15:00,x,315,315,60,,,,,,,,7,20000,XYZ_spindle_alu_tip_no_lock_reciprocating
tap-tests,Machine FRF and stability/Tap tests/2026-05-07_002_tap_tests_servo_rotary/2026-05-07_13-15-00_X315_Y315_Z60_x_XYZ_spindle_alu_tip_no_lock_fs_20000_reciprocating_tap8.csv,derived,560134,216c6787d7263f9d62f5d6e98345bdb9936c4897db9c3dd721559b0bf6c1a29e,2026-05-13T11:53:03Z,,2026-05-07_002_tap_tests_servo_rotary,2026-05-07T13:15:00,x,315,315,60,,,,,,,,8,20000,XYZ_spindle_alu_tip_no_lock_reciprocating
tap-tests,Machine FRF and stability/Tap tests/2026-05-07_002_tap_tests_servo_rotary/2026-05-07_13-15-00_X315_Y315_Z60_x_XYZ_spindle_alu_tip_no_lock_fs_20000_reciprocating_tap9.csv,derived,560134,58bcf9c4aebd71822e31934bea7c136463d376f31a53af9ade3d17edfb77d5d4,2026-05-13T14:04:00Z,,2026-05-07_002_tap_tests_servo_rotary,2026-05-07T13:15:00,x,315,315,60,,,,,,,,9,20000,XYZ_spindle_alu_tip_no_lock_reciprocating
tap-tests,Machine FRF and stability/Tap tests/2026-05-07_002_tap_tests_servo_rotary/2026-05-07_13-17-00_X315_Y315_Z60_x_XYZ_spindle_alu_tip_no_lock_fs_20000.CSV,export,560134,ecd8ffbeb0ac3b2ec240837a16f3c488087d613f3db5265fecfc05eb9fc0ae04,2026-05-07T13:38:35Z,,2026-05-07_002_tap_tests_servo_rotary,2026-05-07T13:17:00,x,315,315,60,,,,,,,,,20000,XYZ_spindle_alu_tip_no_lock
tap-tests,Machine FRF and stability/Tap tests/2026-05-07_002_tap_tests_servo_rotary/2026-05-07_13-17-00_X315_Y315_Z60_x_XYZ_spindle_alu_tip_no_lock_fs_20000.WDH,raw,9601172,19ae2e4a84d7402335e8b9ebd1dfc7404cdfd41004383be2b0538d408b267560,2026-05-07T11:18:39Z,,2026-05-07_002_tap_tests_servo_rotary,2026-05-07T13:17:00,x,315,315,60,,,,,,,,,20000,XYZ_spindle_alu_tip_no_lock
tap-tests,Machine FRF and stability/Tap tests/2026-05-07_002_tap_tests_servo_rotary/2026-05-07_15-04-00_X315_Y315_Z60_x_XYZ_tool_plastic_tip_no_lock_fs_20000.CSV,export,560134,fc01616856b49bbc238568788e887b58890c321b17756c260e6f4dcbfaaa0b66,2026-05-07T13:39:35Z,,2026-05-07_002_tap_tests_servo_rotary,2026-05-07T15:04:00,x,315,315,60,,,,,,,,,20000,XYZ_tool_plastic_tip_no_lock
tap-tests,Machine FRF and stability/Tap tests/2026-05-07_002_tap_tests_servo_rotary/2026-05-07_15-04-00_X315_Y315_Z60_x_XYZ_tool_plastic_tip_no_lock_fs_20000.WDH,raw,9601172,aa011b3c4800ba3537ed31f829804ed4e0d66e26410342c8127736f02460bba7,2026-05-07T13:05:29Z,,2026-05-07_002_tap_tests_servo_rotary,2026-05-07T15:04:00,x,315,315,60,,,,,,,,,20000,XYZ_tool_plastic_tip_no_lock
tap-tests,Machine FRF and stability/Tap tests/2026-05-07_002_tap_tests_servo_rotary/2026-05-07_15-06-00_X315_Y315_Z60_x_XYZ_tool_plastic_tip_no_lock_fs_20000_reciprocating.WDH,raw,9601172,cd122d6b6ad29acfb1e680e6c7329d55b2bff34476d5033a21df00080806328f,2026-05-07T13:07:08Z,,2026-05-07_002_tap_tests_servo_rotary,2026-05-07T15:06:00,x,315,315,60,,,,,,,,,20000,XYZ_tool_plastic_tip_no_lock_reciprocating
tap-tests,Machine FRF and stability/Tap tests/2026-05-07_002_tap_tests_servo_rotary/2026-05-07_15-06-00_X315_Y315_Z60_x_XYZ_tool_plastic_tip_no_lock_fs_20000_reciprocating_tap10.CSV,export,560134,6303e21e175f260f93f12be61b6ad1e269ce0932cf7065ae6f24c6b9353a2f4e,2026-05-12T12:13:58Z,,2026-05-07_002_tap_tests_servo_rotary,2026-05-07T15:06:00,x,315,315,60,,,,,,,,10,20000,XYZ_tool_plastic_tip_no_lock_reciprocating
tap-tests,Machine FRF and stability/Tap tests/2026-05-07_002_tap_tests_servo_rotary/2026-05-07_15-06-00_X315_Y315_Z60_x_XYZ_tool_plastic_tip_no_lock_fs_20000_reciprocating_tap11.CSV,export,560134,71b354b07d099e225fbd7d8b2b9be01fa3946a9e82781f1b0750236196f6fa19,2026-05-12T12:14:47Z,,2026-05-07_002_tap_tests_servo_rotary,2026-05-07T15:06:00,x,315,315,60,,,,,,,,11,20000,XYZ_tool_plastic_tip_no_lock_reciprocating
tap-tests,Machine FRF and stability/Tap tests/2026-05-07_002_tap_tests_servo_rotary/2026-05-07_15-06-00_X315_Y315_Z60_x_XYZ_tool_plastic_tip_no_lock_fs_20000_reciprocating_tap12.CSV,export,560134,bd9778e6f289bc25c9512529e8dcd91e4ef056b49a0d6b8bdfd01dedc1521597,2026-05-12T13:46:28Z,,2026-05-07_002_tap_tests_servo_rotary,2026-05-07T15:06:00,x,315,315,60,,,,,,,,12,20000,XYZ_tool_plastic_tip_no_lock_reciprocating
tap-tests,Machine FRF and stability/Tap tests/2026-05-07_002_tap_tests_servo_rotary/2026-05-07_15-06-00_X315_Y315_Z60_x_XYZ_tool_plastic_tip_no_lock_fs_20000_reciprocating_tap13.CSV,export,560134,f182ec40e64a38178f00cc15b8a6537b2f3b772a3d1c7fc1cc8c850c7f972a65,2026-05-12T13:48:19Z,,2026-05-07_002_tap_tests_servo_rotary,2026-05-07T15:06:00,x,315,315,60,,,,,,,,13,20000,XYZ_tool_plastic_tip_no_lock_reciprocating
tap-tests,Machine FRF and stability/Tap tests/2026-05-07_002_tap_tests_servo_rotary/2026-05-07_15-06-00_X315_Y315_Z60_x_XYZ_tool_plastic_tip_no_lock_fs_20000_reciprocating_tap14.CSV,export,560134,d71afce4914f85821601ac5dc8261a075f72127189e8fffae0bc68da1b683f78,2026-05-12T13:49:26Z,,2026-05-07_002_tap_tests_servo_rotary,2026-05-07T15:06:00,x,315,315,60,,,,,,,,14,20000,XYZ_tool_plastic_tip_no_lock_reciprocating
tap-tests,Machine FRF and stability/Tap tests/2026-05-07_002_tap_tests_servo_rotary/2026-05-07_15-06-00_X315_Y315_Z60_x_XYZ_tool_plastic_tip_no_lock_fs_20000_reciprocating_tap2.CSV,export,560134,e9c451ee7832f0f7320183cc2eaa5654c10dca8be8c291d633a01ac78f041639,2026-05-12T12:06:28Z,,2026-05-07_002_tap_tests_servo_rotary,2026-05-07T15:06:00,x,315,315,60,,,,,,,,2,20000,XYZ_tool_plastic_tip_no_lock_reciprocating
tap-tests,Machine FRF and stability/Tap tests/2026-05-07_002_tap_tests_servo_rotary/2026-05-07_15-06-00_X315_Y315_Z60_x_XYZ_tool_plastic_tip_no_lock_fs_20000_reciprocating_tap3.CSV,export,560134,b68c00ab752763b76a06ce841c78554c42548cf4bc9dbf21a0d34e1946529883,2026-05-12T12:07:23Z,,2026-05-07_002_tap_tests_servo_rotary,2026-05-07T15:06:00,x,315,315,60,,,,,,,,3,20000,XYZ_tool_plastic_tip_no_lock_reciprocating
tap-tests,Machine FRF and stability/Tap tests/2026-05-07_002_tap_tests_servo_rotary/2026-05-07_15-06-00_X315_Y315_Z60_x_XYZ_tool_plastic_tip_no_lock_fs_20000_reciprocating_tap4.CSV,export,560134,655b29d48501cb47fe1a93211169ae102a4c0709f51892e2ef4e653099886fe4,2026-05-12T12:08:15Z,,2026-05-07_002_tap_tests_servo_rotary,2026-05-07T15:06:00,x,315,315,60,,,,,,,,4,20000,XYZ_tool_plastic_tip_no_lock_reciprocating
tap-tests,Machine FRF and stability/Tap tests/2026-05-07_002_tap_tests_servo_rotary/2026-05-07_15-06-00_X315_Y315_Z60_x_XYZ_tool_plastic_tip_no_lock_fs_20000_reciprocating_tap5.CSV,export,560134,fe42b7a6d0f895539c6c93303aa598160e95a4fdc6b7050f929cc727b0a69b02,2026-05-12T12:09:17Z,,2026-05-07_002_tap_tests_servo_rotary,2026-05-07T15:06:00,x,315,315,60,,,,,,,,5,20000,XYZ_tool_plastic_tip_no_lock_reciprocating
tap-tests,Machine FRF and stability/Tap tests/2026-05-07_002_tap_tests_servo_rotary/2026-05-07_15-06-00_X315_Y315_Z60_x_XYZ_tool_plastic_tip_no_lock_fs_20000_reciprocating_tap6.CSV,export,560134,f36998723f2d9e61c96381ff039f15862eaf622bd6e495ec1d9a16fca9f268b9,2026-05-12T12:10:18Z,,2026-05-07_002_tap_tests_servo_rotary,2026-05-07T15:06:00,x,315,315,60,,,,,,,,6,20000,XYZ_tool_plastic_tip_no_lock_reciprocating
tap-tests,Machine FRF and stability/Tap tests/2026-05-07_002_tap_tests_servo_rotary/2026-05-07_15-06-00_X315_Y315_Z60_x_XYZ_tool_plastic_tip_no_lock_fs_20000_reciprocating_tap7.CSV,export,560134,2a16a8f4207eecff2d925fac87c671806ec36d9ec0e37e96645c986ddc226a4b,2026-05-12T12:12:44Z,,2026-05-07_002_tap_tests_servo_rotary,2026-05-07T15:06:00,x,315,315,60,,,,,,,,7,20000,XYZ_tool_plastic_tip_no_lock_reciprocating
tap-tests,Machine FRF and stability/Tap tests/2026-05-07_002_tap_tests_servo_rotary/2026-05-07_15-07-00_X500_Y315_Z60_x_XYZ_tool_plastic_tip_no_lock_fs_20000.WDH,raw,9601172,fdeb82ce8b531e8716b9052feef9537efaa1bf3510699f34a2e2a5a0cbdec71e,2026-05-07T13:08:53Z,,2026-05-07_002_tap_tests_servo_rotary,2026-05-07T15:07:00,x,500,315,60,,,,,,,,,20000,XYZ_tool_plastic_tip_no_lock
tap-tests,Machine FRF and stability/Tap tests/2026-05-07_002_tap_tests_servo_rotary/2026-05-07_15-09-00_X500_Y315_Z60_x_XYZ_tool_plastic_tip_no_lock_fs_20000_reciprocating.WDH,raw,9601172,1a518dc27083d1f433e391cce6d02fbedc9888bb2957eb74c55cf4942505a018,2026-05-07T13:10:11Z,,2026-05-07_002_tap_tests_servo_rotary,2026-05-07T15:09:00,x,500,315,60,,,,,,,,,20000,XYZ_tool_plastic_tip_no_lock_reciprocating
tap-tests,Machine FRF and stability/Tap tests/2026-05-07_002_tap_tests_servo_rotary/2026-05-07_15-11-00_X500_Y100_Z60_x_XYZ_tool_plastic_tip_no_lock_fs_20000.WDH,raw,9601172,04c9ac351260d46cc8111e3746c9322540caf4218b66b0194585555701159ae7,2026-05-07T13:12:12Z,,2026-05-07_002_tap_tests_servo_rotary,2026-05-07T15:11:00,x,500,100,60,,,,,,,,,20000,XYZ_tool_plastic_tip_no_lock
tap-tests,Machine FRF and stability/Tap tests/2026-05-07_002_tap_tests_servo_rotary/2026-05-07_15-13-00_X500_Y100_Z60_x_XYZ_tool_plastic_tip_no_lock_fs_20000_reciprocating.WDH,raw,9601172,ccb854ad761f693b3a0ab6d6267c446bf171d0e2a5af881d058838add06aa4de,2026-05-07T13:13:23Z,,2026-05-07_002_tap_tests_servo_rotary,2026-05-07T15:13:00,x,500,100,60,,,,,,,,,20000,XYZ_tool_plastic_tip_no_lock_reciprocating
tap-tests,Machine FRF and stability/Tap tests/2026-05-07_002_tap_tests_servo_rotary/2026-05-07_15-15-00_X315_Y100_Z60_x_XYZ_tool_plastic_tip_no_lock_fs_20000.WDH,raw,9601172,b03a75a5683a0131d8a85f870eb37721b81f3e77dc6e77228bd56e16246c01e4,2026-05-07T13:15:59Z,,2026-05-07_002_tap_tests_servo_rotary,2026-05-07T15:15:00,x,315,100,60,,,,,,,,,20000,XYZ_tool_plastic_tip_no_lock
tap-tests,Machine FRF and stability/Tap tests/2026-05-07_002_tap_tests_servo_rotary/2026-05-07_15-17-00_X315_Y100_Z60_x_XYZ_tool_plastic_tip_no_lock_fs_20000_reciprocating.WDH,raw,9601172,d16ae334d07aa20ee37ffa6922b2f7d07a41c68215e088401a2f1cf099ceb60a,2026-05-07T13:17:34Z,,2026-05-07_002_tap_tests_servo_rotary,2026-05-07T15:17:00,x,315,100,60,,,,,,,,,20000,XYZ_tool_plastic_tip_no_lock_reciprocating
tap-tests,Machine FRF and stability/Tap tests/2026-05-07_002_tap_tests_servo_rotary/spindle_rotary/analysis.json,derived,22893,dc3e6618d8e558beab891dfaa40a8a2394558c118b6aa7a53b0042a354c94740,2026-05-20T09:42:26Z,,2026-05-07_002_tap_tests_servo_rotary,,,,,,,,,,,,,,,analysis
tap-tests,Machine FRF and stability/Tap tests/2026-05-07_002_tap_tests_servo_rotary/spindle_rotary/results/figures/fft/x/2026-05-07_13-15-00_x315_y315_z60_x_xyz_spindle_alu_tip_no_lock_fs_20000_reciprocating_tap1/fft_magnitude.png,derived,171260,21754282edcb422d5899247e75ca775524b1e991049ada0f2f13bec4743d127f,2026-05-20T09:41:43Z,,2026-05-07_002_tap_tests_servo_rotary,,,,,,,,,,,,,,,fft_magnitude
tap-tests,Machine FRF and stability/Tap tests/2026-05-07_002_tap_tests_servo_rotary/spindle_rotary/results/figures/fft/x/2026-05-07_13-15-00_x315_y315_z60_x_xyz_spindle_alu_tip_no_lock_fs_20000_reciprocating_tap10/fft_magnitude.png,derived,168706,8147b8d2050a79874bc0bf9951aa06c56858b0cd5a8d7cb3efa2a85764f38052,2026-05-20T09:42:21Z,,2026-05-07_002_tap_tests_servo_rotary,,,,,,,,,,,,,,,fft_magnitude
tap-tests,Machine FRF and stability/Tap tests/2026-05-07_002_tap_tests_servo_rotary/spindle_rotary/results/figures/fft/x/2026-05-07_13-15-00_x315_y315_z60_x_xyz_spindle_alu_tip_no_lock_fs_20000_reciprocating_tap11/fft_magnitude.png,derived,173042,32f9baaa96c64cc096683c281c8b85fc5614e071579031e0b4237346a4c179b1,2026-05-20T09:42:26Z,,2026-05-07_002_tap_tests_servo_rotary,,,,,,,,,,,,,,,fft_magnitude
tap-tests,Machine FRF and stability/Tap tests/2026-05-07_002_tap_tests_servo_rotary/spindle_rotary/results/figures/fft/x/2026-05-07_13-15-00_x315_y315_z60_x_xyz_spindle_alu_tip_no_lock_fs_20000_reciprocating_tap3/fft_magnitude.png,derived,165251,060e5ea276729d71dd361f62fe2148c1586ac85c04cf546f748828091f0e1667,2026-05-20T09:41:48Z,,2026-05-07_002_tap_tests_servo_rotary,,,,,,,,,,,,,,,fft_magnitude
tap-tests,Machine FRF and stability/Tap tests/2026-05-07_002_tap_tests_servo_rotary/spindle_rotary/results/figures/fft/x/2026-05-07_13-15-00_x315_y315_z60_x_xyz_spindle_alu_tip_no_lock_fs_20000_reciprocating_tap4/fft_magnitude.png,derived,162479,430e56970c3a43a7ae71301e827c84400fab152f77812742df5380624383d177,2026-05-20T09:41:52Z,,2026-05-07_002_tap_tests_servo_rotary,,,,,,,,,,,,,,,fft_magnitude
tap-tests,Machine FRF and stability/Tap tests/2026-05-07_002_tap_tests_servo_rotary/spindle_rotary/results/figures/fft/x/2026-05-07_13-15-00_x315_y315_z60_x_xyz_spindle_alu_tip_no_lock_fs_20000_reciprocating_tap5/fft_magnitude.png,derived,169509,925fd5b28eadb7de1f302d6d518e6f38fd7a46e39cf18f326eae8c309e7f02c8,2026-05-20T09:41:57Z,,2026-05-07_002_tap_tests_servo_rotary,,,,,,,,,,,,,,,fft_magnitude
tap-tests,Machine FRF and stability/Tap tests/2026-05-07_002_tap_tests_servo_rotary/spindle_rotary/results/figures/fft/x/2026-05-07_13-15-00_x315_y315_z60_x_xyz_spindle_alu_tip_no_lock_fs_20000_reciprocating_tap6/fft_magnitude.png,derived,165786,d0bdd2d4ec6118e6f475d196a231b7874a2cf1196402615afaa08d692d0191da,2026-05-20T09:42:02Z,,2026-05-07_002_tap_tests_servo_rotary,,,,,,,,,,,,,,,fft_magnitude
tap-tests,Machine FRF and stability/Tap tests/2026-05-07_002_tap_tests_servo_rotary/spindle_rotary/results/figures/fft/x/2026-05-07_13-15-00_x315_y315_z60_x_xyz_spindle_alu_tip_no_lock_fs_20000_reciprocating_tap7/fft_magnitude.png,derived,166847,a7a2c5af7ef99ad0b3679a9b773d1607eae8eff7260c5679dbe926bf025a7da4,2026-05-20T09:42:06Z,,2026-05-07_002_tap_tests_servo_rotary,,,,,,,,,,,,,,,fft_magnitude
tap-tests,Machine FRF and stability/Tap tests/2026-05-07_002_tap_tests_servo_rotary/spindle_rotary/results/figures/fft/x/2026-05-07_13-15-00_x315_y315_z60_x_xyz_spindle_alu_tip_no_lock_fs_20000_reciprocating_tap8/fft_magnitude.png,derived,161937,2343cd3cce3fe268009fbe1e016c8930dbbc5ad0df758bccb5bf33b443028298,2026-05-20T09:42:11Z,,2026-05-07_002_tap_tests_servo_rotary,,,,,,,,,,,,,,,fft_magnitude
tap-tests,Machine FRF and stability/Tap tests/2026-05-07_002_tap_tests_servo_rotary/spindle_rotary/results/figures/fft/x/2026-05-07_13-15-00_x315_y315_z60_x_xyz_spindle_alu_tip_no_lock_fs_20000_reciprocating_tap9/fft_magnitude.png,derived,181917,d6997e2e4172af1afae50fe222a4b29216e1c7a3be4f46758b70eb05e558adba,2026-05-20T09:42:16Z,,2026-05-07_002_tap_tests_servo_rotary,,,,,,,,,,,,,,,fft_magnitude
tap-tests,Machine FRF and stability/Tap tests/2026-05-07_002_tap_tests_servo_rotary/spindle_rotary/results/figures/frequency/x/2026-05-07_13-15-00_x315_y315_z60_x_xyz_spindle_alu_tip_no_lock_fs_20000_reciprocating_tap1/bode_acceleration_force.png,derived,104577,7f699d7c8ce17d8bd29424bcb06284eb23bfc06f65cc805512aa4a19a72d47f3,2026-05-20T09:41:42Z,,2026-05-07_002_tap_tests_servo_rotary,,,,,,,,,,,,,,,bode_acceleration_force
tap-tests,Machine FRF and stability/Tap tests/2026-05-07_002_tap_tests_servo_rotary/spindle_rotary/results/figures/frequency/x/2026-05-07_13-15-00_x315_y315_z60_x_xyz_spindle_alu_tip_no_lock_fs_20000_reciprocating_tap1/bode_displacement_force.png,derived,106690,488ecf40f08bb20c8e9d7ba5d3de6404994d8fbc3a6d5cd92df146bdb08205bf,2026-05-20T09:41:41Z,,2026-05-07_002_tap_tests_servo_rotary,,,,,,,,,,,,,,,bode_displacement_force
tap-tests,Machine FRF and stability/Tap tests/2026-05-07_002_tap_tests_servo_rotary/spindle_rotary/results/figures/frequency/x/2026-05-07_13-15-00_x315_y315_z60_x_xyz_spindle_alu_tip_no_lock_fs_20000_reciprocating_tap1/coherence.png,derived,52871,1e1b8416ba9a20106b903edd12c7405650c50e07245b6ca619bfad9b41ccfef7,2026-05-20T09:41:41Z,,2026-05-07_002_tap_tests_servo_rotary,,,,,,,,,,,,,,,coherence
tap-tests,Machine FRF and stability/Tap tests/2026-05-07_002_tap_tests_servo_rotary/spindle_rotary/results/figures/frequency/x/2026-05-07_13-15-00_x315_y315_z60_x_xyz_spindle_alu_tip_no_lock_fs_20000_reciprocating_tap1/force_psd.png,derived,70890,549f364029db72a473e6aa1eafd724269c5589c909dd1d71dfbfadab5f337857,2026-05-20T09:41:42Z,,2026-05-07_002_tap_tests_servo_rotary,,,,,,,,,,,,,,,force_psd
tap-tests,Machine FRF and stability/Tap tests/2026-05-07_002_tap_tests_servo_rotary/spindle_rotary/results/figures/frequency/x/2026-05-07_13-15-00_x315_y315_z60_x_xyz_spindle_alu_tip_no_lock_fs_20000_reciprocating_tap10/bode_acceleration_force.png,derived,114838,369953edea2ef7fde9fd7a7e92e76fd0b57efe0d00d1ab642fa06ac26df4557d,2026-05-20T09:42:20Z,,2026-05-07_002_tap_tests_servo_rotary,,,,,,,,,,,,,,,bode_acceleration_force
tap-tests,Machine FRF and stability/Tap tests/2026-05-07_002_tap_tests_servo_rotary/spindle_rotary/results/figures/frequency/x/2026-05-07_13-15-00_x315_y315_z60_x_xyz_spindle_alu_tip_no_lock_fs_20000_reciprocating_tap10/bode_displacement_force.png,derived,120181,c0298ae4be70d2c7fd3b9c18846629e7953f487e44a7cd6edf41954e08c4ea85,2026-05-20T09:42:19Z,,2026-05-07_002_tap_tests_servo_rotary,,,,,,,,,,,,,,,bode_displacement_force
tap-tests,Machine FRF and stability/Tap tests/2026-05-07_002_tap_tests_servo_rotary/spindle_rotary/results/figures/frequency/x/2026-05-07_13-15-00_x315_y315_z60_x_xyz_spindle_alu_tip_no_lock_fs_20000_reciprocating_tap10/coherence.png,derived,57700,aa9bbf3d2d26e899e98f3864801d13c2de1b6e4dd6c4fae14b1ec59783588c32,2026-05-20T09:42:18Z,,2026-05-07_002_tap_tests_servo_rotary,,,,,,,,,,,,,,,coherence
tap-tests,Machine FRF and stability/Tap tests/2026-05-07_002_tap_tests_servo_rotary/spindle_rotary/results/figures/frequency/x/2026-05-07_13-15-00_x315_y315_z60_x_xyz_spindle_alu_tip_no_lock_fs_20000_reciprocating_tap10/force_psd.png,derived,64840,cc54746442c9ee3424520daa38d73d18c47a584ce29d56903d0746d7cb0578c4,2026-05-20T09:42:20Z,,2026-05-07_002_tap_tests_servo_rotary,,,,,,,,,,,,,,,force_psd
tap-tests,Machine FRF and stability/Tap tests/2026-05-07_002_tap_tests_servo_rotary/spindle_rotary/results/figures/frequency/x/2026-05-07_13-15-00_x315_y315_z60_x_xyz_spindle_alu_tip_no_lock_fs_20000_reciprocating_tap11/bode_acceleration_force.png,derived,104418,4cb399ed31085f4e28c5f68b3b5832359cc303d225441c935f37954711963948,2026-05-20T09:42:24Z,,2026-05-07_002_tap_tests_servo_rotary,,,,,,,,,,,,,,,bode_acceleration_force
tap-tests,Machine FRF and stability/Tap tests/2026-05-07_002_tap_tests_servo_rotary/spindle_rotary/results/figures/frequency/x/2026-05-07_13-15-00_x315_y315_z60_x_xyz_spindle_alu_tip_no_lock_fs_20000_reciprocating_tap11/bode_displacement_force.png,derived,108651,4f2f671c77eba1846db67e748059d5ebe9a4170e562043977d189ac98eb49e52,2026-05-20T09:42:24Z,,2026-05-07_002_tap_tests_servo_rotary,,,,,,,,,,,,,,,bode_displacement_force
tap-tests,Machine FRF and stability/Tap tests/2026-05-07_002_tap_tests_servo_rotary/spindle_rotary/results/figures/frequency/x/2026-05-07_13-15-00_x315_y315_z60_x_xyz_spindle_alu_tip_no_lock_fs_20000_reciprocating_tap11/coherence.png,derived,55726,11ea033bfaa6d8fb2b6f0fd11218837944f8c058c01c2234b1e06f6f2b03ce3d,2026-05-20T09:42:23Z,,2026-05-07_002_tap_tests_servo_rotary,,,,,,,,,,,,,,,coherence
tap-tests,Machine FRF and stability/Tap tests/2026-05-07_002_tap_tests_servo_rotary/spindle_rotary/results/figures/frequency/x/2026-05-07_13-15-00_x315_y315_z60_x_xyz_spindle_alu_tip_no_lock_fs_20000_reciprocating_tap11/force_psd.png,derived,66358,a9a82cbaf1fee0f8b650e3c7a8553139cfaab265fb1571974f21893d4a3849bc,2026-05-20T09:42:25Z,,2026-05-07_002_tap_tests_servo_rotary,,,,,,,,,,,,,,,force_psd
tap-tests,Machine FRF and stability/Tap tests/2026-05-07_002_tap_tests_servo_rotary/spindle_rotary/results/figures/frequency/x/2026-05-07_13-15-00_x315_y315_z60_x_xyz_spindle_alu_tip_no_lock_fs_20000_reciprocating_tap3/bode_acceleration_force.png,derived,106398,652078c7997f034699bf0190c18bec2e06f71b33c56115676d4ce5db3dd0346a,2026-05-20T09:41:46Z,,2026-05-07_002_tap_tests_servo_rotary,,,,,,,,,,,,,,,bode_acceleration_force
tap-tests,Machine FRF and stability/Tap tests/2026-05-07_002_tap_tests_servo_rotary/spindle_rotary/results/figures/frequency/x/2026-05-07_13-15-00_x315_y315_z60_x_xyz_spindle_alu_tip_no_lock_fs_20000_reciprocating_tap3/bode_displacement_force.png,derived,109025,a1f43ea627866032eeb82d8b1af6c9f97671948a6db59ff0cc9f355f75404b5b,2026-05-20T09:41:46Z,,2026-05-07_002_tap_tests_servo_rotary,,,,,,,,,,,,,,,bode_displacement_force
tap-tests,Machine FRF and stability/Tap tests/2026-05-07_002_tap_tests_servo_rotary/spindle_rotary/results/figures/frequency/x/2026-05-07_13-15-00_x315_y315_z60_x_xyz_spindle_alu_tip_no_lock_fs_20000_reciprocating_tap3/coherence.png,derived,56073,154d5ef34817e16de1c915dea78e620ec8bca8c618a2ad5940a2eee385b863d0,2026-05-20T09:41:45Z,,2026-05-07_002_tap_tests_servo_rotary,,,,,,,,,,,,,,,coherence
tap-tests,Machine FRF and stability/Tap tests/2026-05-07_002_tap_tests_servo_rotary/spindle_rotary/results/figures/frequency/x/2026-05-07_13-15-00_x315_y315_z60_x_xyz_spindle_alu_tip_no_lock_fs_20000_reciprocating_tap3/force_psd.png,derived,68266,3d8e20bf9d1b7dab44f79947ab4f7d7d2c3bc23909ddfa86a9ce934e2c6369e1,2026-05-20T09:41:47Z,,2026-05-07_002_tap_tests_servo_rotary,,,,,,,,,,,,,,,force_psd
tap-tests,Machine FRF and stability/Tap tests/2026-05-07_002_tap_tests_servo_rotary/spindle_rotary/results/figures/frequency/x/2026-05-07_13-15-00_x315_y315_z60_x_xyz_spindle_alu_tip_no_lock_fs_20000_reciprocating_tap4/bode_acceleration_force.png,derived,102794,05900d24871851dc262be395c2246251138cf10e7d54b8872eb9c298edc0f87b,2026-05-20T09:41:51Z,,2026-05-07_002_tap_tests_servo_rotary,,,,,,,,,,,,,,,bode_acceleration_force
tap-tests,Machine FRF and stability/Tap tests/2026-05-07_002_tap_tests_servo_rotary/spindle_rotary/results/figures/frequency/x/2026-05-07_13-15-00_x315_y315_z60_x_xyz_spindle_alu_tip_no_lock_fs_20000_reciprocating_tap4/bode_displacement_force.png,derived,106321,59bab3d1638f481784aff721b0e5390210d1b398c934a8d691907418b146f266,2026-05-20T09:41:50Z,,2026-05-07_002_tap_tests_servo_rotary,,,,,,,,,,,,,,,bode_displacement_force
tap-tests,Machine FRF and stability/Tap tests/2026-05-07_002_tap_tests_servo_rotary/spindle_rotary/results/figures/frequency/x/2026-05-07_13-15-00_x315_y315_z60_x_xyz_spindle_alu_tip_no_lock_fs_20000_reciprocating_tap4/coherence.png,derived,46808,d3af76096d3e83d66ca45f846858996111cdd061bec73dbab47c480c0f7565c4,2026-05-20T09:41:50Z,,2026-05-07_002_tap_tests_servo_rotary,,,,,,,,,,,,,,,coherence
tap-tests,Machine FRF and stability/Tap tests/2026-05-07_002_tap_tests_servo_rotary/spindle_rotary/results/figures/frequency/x/2026-05-07_13-15-00_x315_y315_z60_x_xyz_spindle_alu_tip_no_lock_fs_20000_reciprocating_tap4/force_psd.png,derived,68197,f1482a3eef6bcf3c8addc9e0d1f5ecdf233690eb5eeade41580a39e841675500,2026-05-20T09:41:51Z,,2026-05-07_002_tap_tests_servo_rotary,,,,,,,,,,,,,,,force_psd
tap-tests,Machine FRF and stability/Tap tests/2026-05-07_002_tap_tests_servo_rotary/spindle_rotary/results/figures/frequency/x/2026-05-07_13-15-00_x315_y315_z60_x_xyz_spindle_alu_tip_no_lock_fs_20000_reciprocating_tap5/bode_acceleration_force.png,derived,105712,81ee4581abc50d0ba00b663ffc06633358bc554b5e66d8a95371093088a6f7e6,2026-05-20T09:41:56Z,,2026-05-07_002_tap_tests_servo_rotary,,,,,,,,,,,,,,,bode_acceleration_force
tap-tests,Machine FRF and stability/Tap tests/2026-05-07_002_tap_tests_servo_rotary/spindle_rotary/results/figures/frequency/x/2026-05-07_13-15-00_x315_y315_z60_x_xyz_spindle_alu_tip_no_lock_fs_20000_reciprocating_tap5/bode_displacement_force.png,derived,110031,93e18a9b1d48e8b1f02ecac539345fc1000cc55680205c11ae92418e0e3ec8b1,2026-05-20T09:41:55Z,,2026-05-07_002_tap_tests_servo_rotary,,,,,,,,,,,,,,,bode_displacement_force
tap-tests,Machine FRF and stability/Tap tests/2026-05-07_002_tap_tests_servo_rotary/spindle_rotary/results/figures/frequency/x/2026-05-07_13-15-00_x315_y315_z60_x_xyz_spindle_alu_tip_no_lock_fs_20000_reciprocating_tap5/coherence.png,derived,55174,d74ab259cf8ec94d5e3307004086607480cf65688824a1b65e20083248892ac3,2026-05-20T09:41:54Z,,2026-05-07_002_tap_tests_servo_rotary,,,,,,,,,,,,,,,coherence
tap-tests,Machine FRF and stability/Tap tests/2026-05-07_002_tap_tests_servo_rotary/spindle_rotary/results/figures/frequency/x/2026-05-07_13-15-00_x315_y315_z60_x_xyz_spindle_alu_tip_no_lock_fs_20000_reciprocating_tap5/force_psd.png,derived,65406,6bbc80b5dd65dad03ddfe6170c71ec0cf1e409e6ace9c8dc897f1625d8fc5db9,2026-05-20T09:41:56Z,,2026-05-07_002_tap_tests_servo_rotary,,,,,,,,,,,,,,,force_psd
tap-tests,Machine FRF and stability/Tap tests/2026-05-07_002_tap_tests_servo_rotary/spindle_rotary/results/figures/frequency/x/2026-05-07_13-15-00_x315_y315_z60_x_xyz_spindle_alu_tip_no_lock_fs_20000_reciprocating_tap6/bode_acceleration_force.png,derived,112514,b943311d28103ebcaf565454e37a4c7e8df7d7c455a8ef1fdc304c37fdde3093,2026-05-20T09:42:00Z,,2026-05-07_002_tap_tests_servo_rotary,,,,,,,,,,,,,,,bode_acceleration_force
tap-tests,Machine FRF and stability/Tap tests/2026-05-07_002_tap_tests_servo_rotary/spindle_rotary/results/figures/frequency/x/2026-05-07_13-15-00_x315_y315_z60_x_xyz_spindle_alu_tip_no_lock_fs_20000_reciprocating_tap6/bode_displacement_force.png,derived,115546,75d0f2bf16cf1345bd9a593679ac6f4208817d44a1bb784a9289ccbaecd9ad16,2026-05-20T09:42:00Z,,2026-05-07_002_tap_tests_servo_rotary,,,,,,,,,,,,,,,bode_displacement_force
tap-tests,Machine FRF and stability/Tap tests/2026-05-07_002_tap_tests_servo_rotary/spindle_rotary/results/figures/frequency/x/2026-05-07_13-15-00_x315_y315_z60_x_xyz_spindle_alu_tip_no_lock_fs_20000_reciprocating_tap6/coherence.png,derived,58585,a08639c7872e0f5ee7e68f4016efc3295055b6aad54c54694dc8da018917b99e,2026-05-20T09:41:59Z,,2026-05-07_002_tap_tests_servo_rotary,,,,,,,,,,,,,,,coherence
tap-tests,Machine FRF and stability/Tap tests/2026-05-07_002_tap_tests_servo_rotary/spindle_rotary/results/figures/frequency/x/2026-05-07_13-15-00_x315_y315_z60_x_xyz_spindle_alu_tip_no_lock_fs_20000_reciprocating_tap6/force_psd.png,derived,63888,b8347e0d127e9c61027ec32e8045aec8c0a5fca5a80095aee467380a79222c95,2026-05-20T09:42:01Z,,2026-05-07_002_tap_tests_servo_rotary,,,,,,,,,,,,,,,force_psd
tap-tests,Machine FRF and stability/Tap tests/2026-05-07_002_tap_tests_servo_rotary/spindle_rotary/results/figures/frequency/x/2026-05-07_13-15-00_x315_y315_z60_x_xyz_spindle_alu_tip_no_lock_fs_20000_reciprocating_tap7/bode_acceleration_force.png,derived,110657,9bc03992d0416f6c8ba5a0058db7f3bb0a1f50bcf625c1e356667dfba714c8df,2026-05-20T09:42:05Z,,2026-05-07_002_tap_tests_servo_rotary,,,,,,,,,,,,,,,bode_acceleration_force
tap-tests,Machine FRF and stability/Tap tests/2026-05-07_002_tap_tests_servo_rotary/spindle_rotary/results/figures/frequency/x/2026-05-07_13-15-00_x315_y315_z60_x_xyz_spindle_alu_tip_no_lock_fs_20000_reciprocating_tap7/bode_displacement_force.png,derived,114058,fff8393855ba29cc36ee57528352cb12a577b3bb3714cb5e126272a593478555,2026-05-20T09:42:05Z,,2026-05-07_002_tap_tests_servo_rotary,,,,,,,,,,,,,,,bode_displacement_force
tap-tests,Machine FRF and stability/Tap tests/2026-05-07_002_tap_tests_servo_rotary/spindle_rotary/results/figures/frequency/x/2026-05-07_13-15-00_x315_y315_z60_x_xyz_spindle_alu_tip_no_lock_fs_20000_reciprocating_tap7/coherence.png,derived,56937,a277256051a75a47eee0b6d676875332ce33bb84d461a921053e938ed37041b1,2026-05-20T09:42:04Z,,2026-05-07_002_tap_tests_servo_rotary,,,,,,,,,,,,,,,coherence
tap-tests,Machine FRF and stability/Tap tests/2026-05-07_002_tap_tests_servo_rotary/spindle_rotary/results/figures/frequency/x/2026-05-07_13-15-00_x315_y315_z60_x_xyz_spindle_alu_tip_no_lock_fs_20000_reciprocating_tap7/force_psd.png,derived,69552,e407fe68fe49240ea5d29e2e4c9a1f21db4b7352569f0250ad12f91a5fb22ad8,2026-05-20T09:42:05Z,,2026-05-07_002_tap_tests_servo_rotary,,,,,,,,,,,,,,,force_psd
tap-tests,Machine FRF and stability/Tap tests/2026-05-07_002_tap_tests_servo_rotary/spindle_rotary/results/figures/frequency/x/2026-05-07_13-15-00_x315_y315_z60_x_xyz_spindle_alu_tip_no_lock_fs_20000_reciprocating_tap8/bode_acceleration_force.png,derived,101172,bd99f93b7a4e580f122e1afed2401a3b8706a0b2ba246ed83082828951b6940c,2026-05-20T09:42:10Z,,2026-05-07_002_tap_tests_servo_rotary,,,,,,,,,,,,,,,bode_acceleration_force
tap-tests,Machine FRF and stability/Tap tests/2026-05-07_002_tap_tests_servo_rotary/spindle_rotary/results/figures/frequency/x/2026-05-07_13-15-00_x315_y315_z60_x_xyz_spindle_alu_tip_no_lock_fs_20000_reciprocating_tap8/bode_displacement_force.png,derived,110131,1d5fb2ee40dc3f28233d0564153707bae1b911134fd14546aac5f8d762755ebf,2026-05-20T09:42:10Z,,2026-05-07_002_tap_tests_servo_rotary,,,,,,,,,,,,,,,bode_displacement_force
tap-tests,Machine FRF and stability/Tap tests/2026-05-07_002_tap_tests_servo_rotary/spindle_rotary/results/figures/frequency/x/2026-05-07_13-15-00_x315_y315_z60_x_xyz_spindle_alu_tip_no_lock_fs_20000_reciprocating_tap8/coherence.png,derived,48615,7f9eb8f84f04e898654232609676c086464fa08b54ce1554055c3442ca0fdb74,2026-05-20T09:42:09Z,,2026-05-07_002_tap_tests_servo_rotary,,,,,,,,,,,,,,,coherence
tap-tests,Machine FRF and stability/Tap tests/2026-05-07_002_tap_tests_servo_rotary/spindle_rotary/results/figures/frequency/x/2026-05-07_13-15-00_x315_y315_z60_x_xyz_spindle_alu_tip_no_lock_fs_20000_reciprocating_tap8/force_psd.png,derived,66923,3596680f4edaa9cb50f0bf94f4918dc849bbddec9f04bab23b867e1e6ed82543,2026-05-20T09:42:10Z,,2026-05-07_002_tap_tests_servo_rotary,,,,,,,,,,,,,,,force_psd
tap-tests,Machine FRF and stability/Tap tests/2026-05-07_002_tap_tests_servo_rotary/spindle_rotary/results/figures/frequency/x/2026-05-07_13-15-00_x315_y315_z60_x_xyz_spindle_alu_tip_no_lock_fs_20000_reciprocating_tap9/bode_acceleration_force.png,derived,108784,5f7a18a1e60e08b44633bdb3fc6c196d5ee2b98059b635c645ae972bb63cdd14,2026-05-20T09:42:15Z,,2026-05-07_002_tap_tests_servo_rotary,,,,,,,,,,,,,,,bode_acceleration_force
tap-tests,Machine FRF and stability/Tap tests/2026-05-07_002_tap_tests_servo_rotary/spindle_rotary/results/figures/frequency/x/2026-05-07_13-15-00_x315_y315_z60_x_xyz_spindle_alu_tip_no_lock_fs_20000_reciprocating_tap9/bode_displacement_force.png,derived,114928,3ad484bb9a674e1ce474eb171ebd6e33a6fa0950ae4fc400e601ed1704ca4c09,2026-05-20T09:42:14Z,,2026-05-07_002_tap_tests_servo_rotary,,,,,,,,,,,,,,,bode_displacement_force
tap-tests,Machine FRF and stability/Tap tests/2026-05-07_002_tap_tests_servo_rotary/spindle_rotary/results/figures/frequency/x/2026-05-07_13-15-00_x315_y315_z60_x_xyz_spindle_alu_tip_no_lock_fs_20000_reciprocating_tap9/coherence.png,derived,50608,db4df74db26c3bd5c35dee2d15f8cf9773f108a5e1ef9c736b35ea98d0578f1e,2026-05-20T09:42:14Z,,2026-05-07_002_tap_tests_servo_rotary,,,,,,,,,,,,,,,coherence
tap-tests,Machine FRF and stability/Tap tests/2026-05-07_002_tap_tests_servo_rotary/spindle_rotary/results/figures/frequency/x/2026-05-07_13-15-00_x315_y315_z60_x_xyz_spindle_alu_tip_no_lock_fs_20000_reciprocating_tap9/force_psd.png,derived,66116,65313312253c00fa9163768be616e9a6588a09e893dd06e5e56f872d362482ec,2026-05-20T09:42:15Z,,2026-05-07_002_tap_tests_servo_rotary,,,,,,,,,,,,,,,force_psd
tap-tests,Machine FRF and stability/Tap tests/2026-05-07_002_tap_tests_servo_rotary/spindle_rotary/results/figures/raw/x/2026-05-07_13-15-00_x315_y315_z60_x_xyz_spindle_alu_tip_no_lock_fs_20000_reciprocating_tap1/mosaic.png,derived,191919,b4405cff5d1a9840222dc7305eb11b71cf020707b58e072519d41758b0b37ea8,2026-05-20T09:41:43Z,,2026-05-07_002_tap_tests_servo_rotary,,,,,,,,,,,,,,,mosaic
tap-tests,Machine FRF and stability/Tap tests/2026-05-07_002_tap_tests_servo_rotary/spindle_rotary/results/figures/raw/x/2026-05-07_13-15-00_x315_y315_z60_x_xyz_spindle_alu_tip_no_lock_fs_20000_reciprocating_tap10/mosaic.png,derived,200075,6bb5551b7a24315974fd986084b9c90491d665e600e7542d10df48d25df9ec44,2026-05-20T09:42:21Z,,2026-05-07_002_tap_tests_servo_rotary,,,,,,,,,,,,,,,mosaic
tap-tests,Machine FRF and stability/Tap tests/2026-05-07_002_tap_tests_servo_rotary/spindle_rotary/results/figures/raw/x/2026-05-07_13-15-00_x315_y315_z60_x_xyz_spindle_alu_tip_no_lock_fs_20000_reciprocating_tap11/mosaic.png,derived,193243,ed3380f3545b80ae514438fe29617f21c2651476c78d3fb78bc76bb0530ac394,2026-05-20T09:42:25Z,,2026-05-07_002_tap_tests_servo_rotary,,,,,,,,,,,,,,,mosaic
tap-tests,Machine FRF and stability/Tap tests/2026-05-07_002_tap_tests_servo_rotary/spindle_rotary/results/figures/raw/x/2026-05-07_13-15-00_x315_y315_z60_x_xyz_spindle_alu_tip_no_lock_fs_20000_reciprocating_tap3/mosaic.png,derived,192706,9c34bf9c3bdd317e2dcede1af5c5627f0db4daf94b773cb93ba994dd2f2158dc,2026-05-20T09:41:47Z,,2026-05-07_002_tap_tests_servo_rotary,,,,,,,,,,,,,,,mosaic
tap-tests,Machine FRF and stability/Tap tests/2026-05-07_002_tap_tests_servo_rotary/spindle_rotary/results/figures/raw/x/2026-05-07_13-15-00_x315_y315_z60_x_xyz_spindle_alu_tip_no_lock_fs_20000_reciprocating_tap4/mosaic.png,derived,190234,fc33a89573c66093659f37bd445989e5d5fe99c2d214757e4952f1e0620bb3c0,2026-05-20T09:41:52Z,,2026-05-07_002_tap_tests_servo_rotary,,,,,,,,,,,,,,,mosaic
tap-tests,Machine FRF and stability/Tap tests/2026-05-07_002_tap_tests_servo_rotary/spindle_rotary/results/figures/raw/x/2026-05-07_13-15-00_x315_y315_z60_x_xyz_spindle_alu_tip_no_lock_fs_20000_reciprocating_tap5/mosaic.png,derived,196530,09545fd0393d529369d525e4c4c2db2b20ec8dfb8001aa58f6107322cf26f487,2026-05-20T09:41:57Z,,2026-05-07_002_tap_tests_servo_rotary,,,,,,,,,,,,,,,mosaic
tap-tests,Machine FRF and stability/Tap tests/2026-05-07_002_tap_tests_servo_rotary/spindle_rotary/results/figures/raw/x/2026-05-07_13-15-00_x315_y315_z60_x_xyz_spindle_alu_tip_no_lock_fs_20000_reciprocating_tap6/mosaic.png,derived,184574,cb54a7e189a9f9e569630170d975b1abe21bb77ab1f1922b2aa0cdba06f3e7e0,2026-05-20T09:42:01Z,,2026-05-07_002_tap_tests_servo_rotary,,,,,,,,,,,,,,,mosaic
tap-tests,Machine FRF and stability/Tap tests/2026-05-07_002_tap_tests_servo_rotary/spindle_rotary/results/figures/raw/x/2026-05-07_13-15-00_x315_y315_z60_x_xyz_spindle_alu_tip_no_lock_fs_20000_reciprocating_tap7/mosaic.png,derived,188375,b5bd2d708a5d5265876fe66956682fc46049c6ed3efcf2862d09e1d713e186c9,2026-05-20T09:42:06Z,,2026-05-07_002_tap_tests_servo_rotary,,,,,,,,,,,,,,,mosaic
tap-tests,Machine FRF and stability/Tap tests/2026-05-07_002_tap_tests_servo_rotary/spindle_rotary/results/figures/raw/x/2026-05-07_13-15-00_x315_y315_z60_x_xyz_spindle_alu_tip_no_lock_fs_20000_reciprocating_tap8/mosaic.png,derived,186411,abd627b3c4e14fca4d1f214a88c61eb9298c282c60749fede0273a442df2c2e8,2026-05-20T09:42:11Z,,2026-05-07_002_tap_tests_servo_rotary,,,,,,,,,,,,,,,mosaic
tap-tests,Machine FRF and stability/Tap tests/2026-05-07_002_tap_tests_servo_rotary/spindle_rotary/results/figures/raw/x/2026-05-07_13-15-00_x315_y315_z60_x_xyz_spindle_alu_tip_no_lock_fs_20000_reciprocating_tap9/mosaic.png,derived,190641,ea0dfdae7c14d8435d33306783ecd07d30f63b9634cfc5648fcf37dae4b53379,2026-05-20T09:42:16Z,,2026-05-07_002_tap_tests_servo_rotary,,,,,,,,,,,,,,,mosaic
tap-tests,Machine FRF and stability/Tap tests/2026-05-07_002_tap_tests_servo_rotary/spindle_rotary/results/figures/time/x/2026-05-07_13-15-00_x315_y315_z60_x_xyz_spindle_alu_tip_no_lock_fs_20000_reciprocating_tap1/force.png,derived,32153,d912a3813cabcb5c13d6b5faf4ade9583cc4a67c0e0437986f7de3c741679e91,2026-05-20T09:41:39Z,,2026-05-07_002_tap_tests_servo_rotary,,,,,,,,,,,,,,,force
tap-tests,Machine FRF and stability/Tap tests/2026-05-07_002_tap_tests_servo_rotary/spindle_rotary/results/figures/time/x/2026-05-07_13-15-00_x315_y315_z60_x_xyz_spindle_alu_tip_no_lock_fs_20000_reciprocating_tap1/force_detrended.png,derived,35730,24e06ed34d2fa1b421a7e8463f41577c3e5affc7edb7d1c91ac27f2174a403e3,2026-05-20T09:41:39Z,,2026-05-07_002_tap_tests_servo_rotary,,,,,,,,,,,,,,,force_detrended
tap-tests,Machine FRF and stability/Tap tests/2026-05-07_002_tap_tests_servo_rotary/spindle_rotary/results/figures/time/x/2026-05-07_13-15-00_x315_y315_z60_x_xyz_spindle_alu_tip_no_lock_fs_20000_reciprocating_tap1/force_window.png,derived,44616,bdeed85740271de437312bef758e4f236495289be049c7739a0010c2c0e08744,2026-05-20T09:41:40Z,,2026-05-07_002_tap_tests_servo_rotary,,,,,,,,,,,,,,,force_window
tap-tests,Machine FRF and stability/Tap tests/2026-05-07_002_tap_tests_servo_rotary/spindle_rotary/results/figures/time/x/2026-05-07_13-15-00_x315_y315_z60_x_xyz_spindle_alu_tip_no_lock_fs_20000_reciprocating_tap1/force_windowed.png,derived,30157,244a5d38ec19606a87735b3b4fca4b96aab35f38d568787597c97200fc5e452a,2026-05-20T09:41:40Z,,2026-05-07_002_tap_tests_servo_rotary,,,,,,,,,,,,,,,force_windowed
tap-tests,Machine FRF and stability/Tap tests/2026-05-07_002_tap_tests_servo_rotary/spindle_rotary/results/figures/time/x/2026-05-07_13-15-00_x315_y315_z60_x_xyz_spindle_alu_tip_no_lock_fs_20000_reciprocating_tap1/response.png,derived,40463,9f5eadb9141a572c13908a7900824c625ddd259c205a43b76cd2248b2437cb5e,2026-05-20T09:41:39Z,,2026-05-07_002_tap_tests_servo_rotary,,,,,,,,,,,,,,,response
tap-tests,Machine FRF and stability/Tap tests/2026-05-07_002_tap_tests_servo_rotary/spindle_rotary/results/figures/time/x/2026-05-07_13-15-00_x315_y315_z60_x_xyz_spindle_alu_tip_no_lock_fs_20000_reciprocating_tap1/response_detrended.png,derived,41546,8a27e92a1e2b3352192bb816de981b848a39cfe244b442e5710670f2f897d68d,2026-05-20T09:41:40Z,,2026-05-07_002_tap_tests_servo_rotary,,,,,,,,,,,,,,,response_detrended
tap-tests,Machine FRF and stability/Tap tests/2026-05-07_002_tap_tests_servo_rotary/spindle_rotary/results/figures/time/x/2026-05-07_13-15-00_x315_y315_z60_x_xyz_spindle_alu_tip_no_lock_fs_20000_reciprocating_tap1/response_wiener.png,derived,36443,cf00d85373d3880191517ed0ba806cce75368adf5b5d836c831a0f94fd2efb0c,2026-05-20T09:41:40Z,,2026-05-07_002_tap_tests_servo_rotary,,,,,,,,,,,,,,,response_wiener
tap-tests,Machine FRF and stability/Tap tests/2026-05-07_002_tap_tests_servo_rotary/spindle_rotary/results/figures/time/x/2026-05-07_13-15-00_x315_y315_z60_x_xyz_spindle_alu_tip_no_lock_fs_20000_reciprocating_tap1/response_window.png,derived,58780,e484b97a6b598e56e65669507f50545f804420514e0f3e3cdf02fb7f4aad0073,2026-05-20T09:41:40Z,,2026-05-07_002_tap_tests_servo_rotary,,,,,,,,,,,,,,,response_window
tap-tests,Machine FRF and stability/Tap tests/2026-05-07_002_tap_tests_servo_rotary/spindle_rotary/results/figures/time/x/2026-05-07_13-15-00_x315_y315_z60_x_xyz_spindle_alu_tip_no_lock_fs_20000_reciprocating_tap1/response_windowed.png,derived,35534,7be1538f2900437ae60a6f00791f35d81178ad744e530e6722e1796e5fd1b991,2026-05-20T09:41:40Z,,2026-05-07_002_tap_tests_servo_rotary,,,,,,,,,,,,,,,response_windowed
tap-tests,Machine FRF and stability/Tap tests/2026-05-07_002_tap_tests_servo_rotary/spindle_rotary/results/figures/time/x/2026-05-07_13-15-00_x315_y315_z60_x_xyz_spindle_alu_tip_no_lock_fs_20000_reciprocating_tap10/force.png,derived,36223,8c2a15cc9785f852266bb3f10a5f7ccb4e6a77a7f9ac11c396baeb48c80b2423,2026-05-20T09:42:17Z,,2026-05-07_002_tap_tests_servo_rotary,,,,,,,,,,,,,,,force
tap-tests,Machine FRF and stability/Tap tests/2026-05-07_002_tap_tests_servo_rotary/spindle_rotary/results/figures/time/x/2026-05-07_13-15-00_x315_y315_z60_x_xyz_spindle_alu_tip_no_lock_fs_20000_reciprocating_tap10/force_detrended.png,derived,39436,8cd707bcacf144d480261dc4a3059c2049cbf1c6ecfcc93352b44679edba77f4,2026-05-20T09:42:17Z,,2026-05-07_002_tap_tests_servo_rotary,,,,,,,,,,,,,,,force_detrended
tap-tests,Machine FRF and stability/Tap tests/2026-05-07_002_tap_tests_servo_rotary/spindle_rotary/results/figures/time/x/2026-05-07_13-15-00_x315_y315_z60_x_xyz_spindle_alu_tip_no_lock_fs_20000_reciprocating_tap10/force_window.png,derived,44652,afe3129c9d93240c742dbbe358c372d98b8d27f6961ed8912f35cd9475c63223,2026-05-20T09:42:17Z,,2026-05-07_002_tap_tests_servo_rotary,,,,,,,,,,,,,,,force_window
tap-tests,Machine FRF and stability/Tap tests/2026-05-07_002_tap_tests_servo_rotary/spindle_rotary/results/figures/time/x/2026-05-07_13-15-00_x315_y315_z60_x_xyz_spindle_alu_tip_no_lock_fs_20000_reciprocating_tap10/force_windowed.png,derived,34238,6bba345c188367c8fc7a0c6b3bc781ffd714ab2a21e754d0eb542ef0e56ebf0d,2026-05-20T09:42:17Z,,2026-05-07_002_tap_tests_servo_rotary,,,,,,,,,,,,,,,force_windowed
tap-tests,Machine FRF and stability/Tap tests/2026-05-07_002_tap_tests_servo_rotary/spindle_rotary/results/figures/time/x/2026-05-07_13-15-00_x315_y315_z60_x_xyz_spindle_alu_tip_no_lock_fs_20000_reciprocating_tap10/response.png,derived,38730,07325509d07f23229aa26f5021192dd506a80d681e14f3ed80a14e567f819a15,2026-05-20T09:42:17Z,,2026-05-07_002_tap_tests_servo_rotary,,,,,,,,,,,,,,,response
tap-tests,Machine FRF and stability/Tap tests/2026-05-07_002_tap_tests_servo_rotary/spindle_rotary/results/figures/time/x/2026-05-07_13-15-00_x315_y315_z60_x_xyz_spindle_alu_tip_no_lock_fs_20000_reciprocating_tap10/response_detrended.png,derived,42409,d3169555260e40b3a0603b09fedffcc6a14af1762a5313727f6e4405dd139c43,2026-05-20T09:42:18Z,,2026-05-07_002_tap_tests_servo_rotary,,,,,,,,,,,,,,,response_detrended
tap-tests,Machine FRF and stability/Tap tests/2026-05-07_002_tap_tests_servo_rotary/spindle_rotary/results/figures/time/x/2026-05-07_13-15-00_x315_y315_z60_x_xyz_spindle_alu_tip_no_lock_fs_20000_reciprocating_tap10/response_wiener.png,derived,37668,b08fbd9e00e071f97798e4ac0e1713ba7697071de80e3afa3a43a0fc341753be,2026-05-20T09:42:18Z,,2026-05-07_002_tap_tests_servo_rotary,,,,,,,,,,,,,,,response_wiener
tap-tests,Machine FRF and stability/Tap tests/2026-05-07_002_tap_tests_servo_rotary/spindle_rotary/results/figures/time/x/2026-05-07_13-15-00_x315_y315_z60_x_xyz_spindle_alu_tip_no_lock_fs_20000_reciprocating_tap10/response_window.png,derived,64765,03e39542a7ce8bf98e9a3f55bc4befe73448feaaca6147060b88e1ff11340894,2026-05-20T09:42:18Z,,2026-05-07_002_tap_tests_servo_rotary,,,,,,,,,,,,,,,response_window
tap-tests,Machine FRF and stability/Tap tests/2026-05-07_002_tap_tests_servo_rotary/spindle_rotary/results/figures/time/x/2026-05-07_13-15-00_x315_y315_z60_x_xyz_spindle_alu_tip_no_lock_fs_20000_reciprocating_tap10/response_windowed.png,derived,36680,c30fbc4dd64be4ab5c616c1d8879fabfcc3af679d7531167031ae44d6763d337,2026-05-20T09:42:18Z,,2026-05-07_002_tap_tests_servo_rotary,,,,,,,,,,,,,,,response_windowed
tap-tests,Machine FRF and stability/Tap tests/2026-05-07_002_tap_tests_servo_rotary/spindle_rotary/results/figures/time/x/2026-05-07_13-15-00_x315_y315_z60_x_xyz_spindle_alu_tip_no_lock_fs_20000_reciprocating_tap11/force.png,derived,35711,e87f6da203ff8e9a57f515df6437b40b54dfce4bc9b69aafc74b3aff7c3a0e10,2026-05-20T09:42:22Z,,2026-05-07_002_tap_tests_servo_rotary,,,,,,,,,,,,,,,force
tap-tests,Machine FRF and stability/Tap tests/2026-05-07_002_tap_tests_servo_rotary/spindle_rotary/results/figures/time/x/2026-05-07_13-15-00_x315_y315_z60_x_xyz_spindle_alu_tip_no_lock_fs_20000_reciprocating_tap11/force_detrended.png,derived,39388,a64abe5f9b2b8696094fe5286ee2167250a9b47f2682709f37a4f3d22cae07dd,2026-05-20T09:42:22Z,,2026-05-07_002_tap_tests_servo_rotary,,,,,,,,,,,,,,,force_detrended
tap-tests,Machine FRF and stability/Tap tests/2026-05-07_002_tap_tests_servo_rotary/spindle_rotary/results/figures/time/x/2026-05-07_13-15-00_x315_y315_z60_x_xyz_spindle_alu_tip_no_lock_fs_20000_reciprocating_tap11/force_window.png,derived,44608,25098b079b9a3e7715df1cfbd5a93a5fcbb3e2864828d56eb3079b241240cf78,2026-05-20T09:42:22Z,,2026-05-07_002_tap_tests_servo_rotary,,,,,,,,,,,,,,,force_window
tap-tests,Machine FRF and stability/Tap tests/2026-05-07_002_tap_tests_servo_rotary/spindle_rotary/results/figures/time/x/2026-05-07_13-15-00_x315_y315_z60_x_xyz_spindle_alu_tip_no_lock_fs_20000_reciprocating_tap11/force_windowed.png,derived,34171,94c7d6206c9efdebfd01f76c6c1fda4192d8412f9f9e6882ad9ce9979919e17e,2026-05-20T09:42:22Z,,2026-05-07_002_tap_tests_servo_rotary,,,,,,,,,,,,,,,force_windowed
tap-tests,Machine FRF and stability/Tap tests/2026-05-07_002_tap_tests_servo_rotary/spindle_rotary/results/figures/time/x/2026-05-07_13-15-00_x315_y315_z60_x_xyz_spindle_alu_tip_no_lock_fs_20000_reciprocating_tap11/response.png,derived,46506,bd016882a402159f126f094352514818da0ebbb4b48d293045a76d93dd5ea81c,2026-05-20T09:42:22Z,,2026-05-07_002_tap_tests_servo_rotary,,,,,,,,,,,,,,,response
tap-tests,Machine FRF and stability/Tap tests/2026-05-07_002_tap_tests_servo_rotary/spindle_rotary/results/figures/time/x/2026-05-07_13-15-00_x315_y315_z60_x_xyz_spindle_alu_tip_no_lock_fs_20000_reciprocating_tap11/response_detrended.png,derived,48747,3f8fba32c68bfbf7ea403d6260befef83b17798568dd1cfd0ec11a138c91d7e9,2026-05-20T09:42:22Z,,2026-05-07_002_tap_tests_servo_rotary,,,,,,,,,,,,,,,response_detrended
tap-tests,Machine FRF and stability/Tap tests/2026-05-07_002_tap_tests_servo_rotary/spindle_rotary/results/figures/time/x/2026-05-07_13-15-00_x315_y315_z60_x_xyz_spindle_alu_tip_no_lock_fs_20000_reciprocating_tap11/response_wiener.png,derived,43483,cba282758c8e0bcf0ec0f337818cb7f744522e7a93faf0bc34b599459671ee0e,2026-05-20T09:42:22Z,,2026-05-07_002_tap_tests_servo_rotary,,,,,,,,,,,,,,,response_wiener
tap-tests,Machine FRF and stability/Tap tests/2026-05-07_002_tap_tests_servo_rotary/spindle_rotary/results/figures/time/x/2026-05-07_13-15-00_x315_y315_z60_x_xyz_spindle_alu_tip_no_lock_fs_20000_reciprocating_tap11/response_window.png,derived,63278,922a5c87f6fed539d20d3fdbaae3ff57a88fa89f70891ec9d6935d2c6cf2f822,2026-05-20T09:42:23Z,,2026-05-07_002_tap_tests_servo_rotary,,,,,,,,,,,,,,,response_window
tap-tests,Machine FRF and stability/Tap tests/2026-05-07_002_tap_tests_servo_rotary/spindle_rotary/results/figures/time/x/2026-05-07_13-15-00_x315_y315_z60_x_xyz_spindle_alu_tip_no_lock_fs_20000_reciprocating_tap11/response_windowed.png,derived,42552,7281d263745e34179abdd223a680353eafe56b175e162a4ba4deb8d0a38c74b6,2026-05-20T09:42:23Z,,2026-05-07_002_tap_tests_servo_rotary,,,,,,,,,,,,,,,response_windowed
tap-tests,Machine FRF and stability/Tap tests/2026-05-07_002_tap_tests_servo_rotary/spindle_rotary/results/figures/time/x/2026-05-07_13-15-00_x315_y315_z60_x_xyz_spindle_alu_tip_no_lock_fs_20000_reciprocating_tap3/force.png,derived,35850,664de000879f8d0686e14a8360c28ce1c4d24435172858242ad298b3effb55a7,2026-05-20T09:41:44Z,,2026-05-07_002_tap_tests_servo_rotary,,,,,,,,,,,,,,,force
tap-tests,Machine FRF and stability/Tap tests/2026-05-07_002_tap_tests_servo_rotary/spindle_rotary/results/figures/time/x/2026-05-07_13-15-00_x315_y315_z60_x_xyz_spindle_alu_tip_no_lock_fs_20000_reciprocating_tap3/force_detrended.png,derived,39242,cea1f84fdfc03d529084d9d02e33d3d15797bee537ebbf75b003ca18f7f375e4,2026-05-20T09:41:44Z,,2026-05-07_002_tap_tests_servo_rotary,,,,,,,,,,,,,,,force_detrended
tap-tests,Machine FRF and stability/Tap tests/2026-05-07_002_tap_tests_servo_rotary/spindle_rotary/results/figures/time/x/2026-05-07_13-15-00_x315_y315_z60_x_xyz_spindle_alu_tip_no_lock_fs_20000_reciprocating_tap3/force_window.png,derived,44607,03bd3801542818ca122a366593605f3af9127970b9d9b510685941b2680e7116,2026-05-20T09:41:44Z,,2026-05-07_002_tap_tests_servo_rotary,,,,,,,,,,,,,,,force_window
tap-tests,Machine FRF and stability/Tap tests/2026-05-07_002_tap_tests_servo_rotary/spindle_rotary/results/figures/time/x/2026-05-07_13-15-00_x315_y315_z60_x_xyz_spindle_alu_tip_no_lock_fs_20000_reciprocating_tap3/force_windowed.png,derived,34438,00ca2f5f3362069ff5f982278540824280982724625f44a3fdb9b54a106ab2bf,2026-05-20T09:41:44Z,,2026-05-07_002_tap_tests_servo_rotary,,,,,,,,,,,,,,,force_windowed
tap-tests,Machine FRF and stability/Tap tests/2026-05-07_002_tap_tests_servo_rotary/spindle_rotary/results/figures/time/x/2026-05-07_13-15-00_x315_y315_z60_x_xyz_spindle_alu_tip_no_lock_fs_20000_reciprocating_tap3/response.png,derived,48171,3b4a881e0919a59044f16317c225e57f0d378cc572421167e1f140ee021c0efd,2026-05-20T09:41:44Z,,2026-05-07_002_tap_tests_servo_rotary,,,,,,,,,,,,,,,response
tap-tests,Machine FRF and stability/Tap tests/2026-05-07_002_tap_tests_servo_rotary/spindle_rotary/results/figures/time/x/2026-05-07_13-15-00_x315_y315_z60_x_xyz_spindle_alu_tip_no_lock_fs_20000_reciprocating_tap3/response_detrended.png,derived,49543,1ae10146b23ca4eab3ca80eb886cedce874f71e45a58944870ef5ab6dc58c535,2026-05-20T09:41:44Z,,2026-05-07_002_tap_tests_servo_rotary,,,,,,,,,,,,,,,response_detrended
tap-tests,Machine FRF and stability/Tap tests/2026-05-07_002_tap_tests_servo_rotary/spindle_rotary/results/figures/time/x/2026-05-07_13-15-00_x315_y315_z60_x_xyz_spindle_alu_tip_no_lock_fs_20000_reciprocating_tap3/response_wiener.png,derived,44829,9b9a0c381f6fd22e15aa68a654caf078de483141ed7ea13f8a2d579627057f97,2026-05-20T09:41:45Z,,2026-05-07_002_tap_tests_servo_rotary,,,,,,,,,,,,,,,response_wiener
tap-tests,Machine FRF and stability/Tap tests/2026-05-07_002_tap_tests_servo_rotary/spindle_rotary/results/figures/time/x/2026-05-07_13-15-00_x315_y315_z60_x_xyz_spindle_alu_tip_no_lock_fs_20000_reciprocating_tap3/response_window.png,derived,57144,78a6d0e358ad1afbfc8abc65f5999ab0cf5e696e0610c64cb60540aad6c80d37,2026-05-20T09:41:45Z,,2026-05-07_002_tap_tests_servo_rotary,,,,,,,,,,,,,,,response_window
tap-tests,Machine FRF and stability/Tap tests/2026-05-07_002_tap_tests_servo_rotary/spindle_rotary/results/figures/time/x/2026-05-07_13-15-00_x315_y315_z60_x_xyz_spindle_alu_tip_no_lock_fs_20000_reciprocating_tap3/response_windowed.png,derived,43917,426ec5ca8959b44e9cb6dbf5f488dcedc40fd8e4b5219fc2e6da8bc72b6a7f44,2026-05-20T09:41:45Z,,2026-05-07_002_tap_tests_servo_rotary,,,,,,,,,,,,,,,response_windowed
tap-tests,Machine FRF and stability/Tap tests/2026-05-07_002_tap_tests_servo_rotary/spindle_rotary/results/figures/time/x/2026-05-07_13-15-00_x315_y315_z60_x_xyz_spindle_alu_tip_no_lock_fs_20000_reciprocating_tap4/force.png,derived,36267,4fb313e1e5375b172d017bd199659287d1cde92d5162babb64e975a6f1201147,2026-05-20T09:41:48Z,,2026-05-07_002_tap_tests_servo_rotary,,,,,,,,,,,,,,,force
tap-tests,Machine FRF and stability/Tap tests/2026-05-07_002_tap_tests_servo_rotary/spindle_rotary/results/figures/time/x/2026-05-07_13-15-00_x315_y315_z60_x_xyz_spindle_alu_tip_no_lock_fs_20000_reciprocating_tap4/force_detrended.png,derived,39669,c74f5a2d27239544454e59ff0d9219eb3152f8895f3fc07423970307d0004b13,2026-05-20T09:41:49Z,,2026-05-07_002_tap_tests_servo_rotary,,,,,,,,,,,,,,,force_detrended
tap-tests,Machine FRF and stability/Tap tests/2026-05-07_002_tap_tests_servo_rotary/spindle_rotary/results/figures/time/x/2026-05-07_13-15-00_x315_y315_z60_x_xyz_spindle_alu_tip_no_lock_fs_20000_reciprocating_tap4/force_window.png,derived,44616,678d1a857b56d8ec7324dbceb79565d4a1641af43d507723017e2bc2a1f294b9,2026-05-20T09:41:49Z,,2026-05-07_002_tap_tests_servo_rotary,,,,,,,,,,,,,,,force_window
tap-tests,Machine FRF and stability/Tap tests/2026-05-07_002_tap_tests_servo_rotary/spindle_rotary/results/figures/time/x/2026-05-07_13-15-00_x315_y315_z60_x_xyz_spindle_alu_tip_no_lock_fs_20000_reciprocating_tap4/force_windowed.png,derived,34774,d0f1491c9f0b04d6a6b3ea9c516d5317fe7c02e545b5f805f274995fc1074e81,2026-05-20T09:41:49Z,,2026-05-07_002_tap_tests_servo_rotary,,,,,,,,,,,,,,,force_windowed
tap-tests,Machine FRF and stability/Tap tests/2026-05-07_002_tap_tests_servo_rotary/spindle_rotary/results/figures/time/x/2026-05-07_13-15-00_x315_y315_z60_x_xyz_spindle_alu_tip_no_lock_fs_20000_reciprocating_tap4/response.png,derived,47568,e6fab8edabaf0f7873a83cdaf25e15081a5e466f8d741baf940e643e4f20b713,2026-05-20T09:41:49Z,,2026-05-07_002_tap_tests_servo_rotary,,,,,,,,,,,,,,,response
tap-tests,Machine FRF and stability/Tap tests/2026-05-07_002_tap_tests_servo_rotary/spindle_rotary/results/figures/time/x/2026-05-07_13-15-00_x315_y315_z60_x_xyz_spindle_alu_tip_no_lock_fs_20000_reciprocating_tap4/response_detrended.png,derived,49606,0e4ebe5cce4c50aed1fcaabd28703ce82b9c097ae4a190eeaf8fa55b8d794940,2026-05-20T09:41:49Z,,2026-05-07_002_tap_tests_servo_rotary,,,,,,,,,,,,,,,response_detrended
tap-tests,Machine FRF and stability/Tap tests/2026-05-07_002_tap_tests_servo_rotary/spindle_rotary/results/figures/time/x/2026-05-07_13-15-00_x315_y315_z60_x_xyz_spindle_alu_tip_no_lock_fs_20000_reciprocating_tap4/response_wiener.png,derived,44856,717e379977b8af2ddfba54d09e8bdfd86675c23fcfbed34ae9c559b9690176f8,2026-05-20T09:41:49Z,,2026-05-07_002_tap_tests_servo_rotary,,,,,,,,,,,,,,,response_wiener
tap-tests,Machine FRF and stability/Tap tests/2026-05-07_002_tap_tests_servo_rotary/spindle_rotary/results/figures/time/x/2026-05-07_13-15-00_x315_y315_z60_x_xyz_spindle_alu_tip_no_lock_fs_20000_reciprocating_tap4/response_window.png,derived,63133,cca088f69338cdd7c89a7f9e8be30bdf88f5b2c16c65b12c3bf8a67be972784d,2026-05-20T09:41:49Z,,2026-05-07_002_tap_tests_servo_rotary,,,,,,,,,,,,,,,response_window
tap-tests,Machine FRF and stability/Tap tests/2026-05-07_002_tap_tests_servo_rotary/spindle_rotary/results/figures/time/x/2026-05-07_13-15-00_x315_y315_z60_x_xyz_spindle_alu_tip_no_lock_fs_20000_reciprocating_tap4/response_windowed.png,derived,43756,ac721719cf9b6feb017f0664cd5b519e59a82b4210b2eb5273e4d9352a71fcda,2026-05-20T09:41:50Z,,2026-05-07_002_tap_tests_servo_rotary,,,,,,,,,,,,,,,response_windowed
tap-tests,Machine FRF and stability/Tap tests/2026-05-07_002_tap_tests_servo_rotary/spindle_rotary/results/figures/time/x/2026-05-07_13-15-00_x315_y315_z60_x_xyz_spindle_alu_tip_no_lock_fs_20000_reciprocating_tap5/force.png,derived,35905,ff27111a8f01c893dd3854d059349988ee7461e11f15d198b47ea9ddd5098d03,2026-05-20T09:41:53Z,,2026-05-07_002_tap_tests_servo_rotary,,,,,,,,,,,,,,,force
tap-tests,Machine FRF and stability/Tap tests/2026-05-07_002_tap_tests_servo_rotary/spindle_rotary/results/figures/time/x/2026-05-07_13-15-00_x315_y315_z60_x_xyz_spindle_alu_tip_no_lock_fs_20000_reciprocating_tap5/force_detrended.png,derived,39452,b1e9e04622f5681aa1ea2ac9a05653bfdc437a8fc100afeba32054d8ff62f9a1,2026-05-20T09:41:53Z,,2026-05-07_002_tap_tests_servo_rotary,,,,,,,,,,,,,,,force_detrended
tap-tests,Machine FRF and stability/Tap tests/2026-05-07_002_tap_tests_servo_rotary/spindle_rotary/results/figures/time/x/2026-05-07_13-15-00_x315_y315_z60_x_xyz_spindle_alu_tip_no_lock_fs_20000_reciprocating_tap5/force_window.png,derived,44565,153b997bca87c029c5658e34a0fd4261774ab6da41220dc86fe0a59bfb99a468,2026-05-20T09:41:54Z,,2026-05-07_002_tap_tests_servo_rotary,,,,,,,,,,,,,,,force_window
tap-tests,Machine FRF and stability/Tap tests/2026-05-07_002_tap_tests_servo_rotary/spindle_rotary/results/figures/time/x/2026-05-07_13-15-00_x315_y315_z60_x_xyz_spindle_alu_tip_no_lock_fs_20000_reciprocating_tap5/force_windowed.png,derived,34263,58d6e0f1812edb61f99dd45ff4044d7a7884b11233c6a391562289bd6bb39c5b,2026-05-20T09:41:54Z,,2026-05-07_002_tap_tests_servo_rotary,,,,,,,,,,,,,,,force_windowed
tap-tests,Machine FRF and stability/Tap tests/2026-05-07_002_tap_tests_servo_rotary/spindle_rotary/results/figures/time/x/2026-05-07_13-15-00_x315_y315_z60_x_xyz_spindle_alu_tip_no_lock_fs_20000_reciprocating_tap5/response.png,derived,41125,0f7a33ac2c19b4eaa27ca00d89c042e1111d6ce345265dc093b6aeca8c56848e,2026-05-20T09:41:53Z,,2026-05-07_002_tap_tests_servo_rotary,,,,,,,,,,,,,,,response
tap-tests,Machine FRF and stability/Tap tests/2026-05-07_002_tap_tests_servo_rotary/spindle_rotary/results/figures/time/x/2026-05-07_13-15-00_x315_y315_z60_x_xyz_spindle_alu_tip_no_lock_fs_20000_reciprocating_tap5/response_detrended.png,derived,41636,05b7c4510b7eaa42c8c8c96e9c3b45c5ed1a8f928561cb677167917902690312,2026-05-20T09:41:54Z,,2026-05-07_002_tap_tests_servo_rotary,,,,,,,,,,,,,,,response_detrended
tap-tests,Machine FRF and stability/Tap tests/2026-05-07_002_tap_tests_servo_rotary/spindle_rotary/results/figures/time/x/2026-05-07_13-15-00_x315_y315_z60_x_xyz_spindle_alu_tip_no_lock_fs_20000_reciprocating_tap5/response_wiener.png,derived,37600,5060aabf24fa978b2404d03ead7669512ace8ef8dceeb2444dcc58eb968db94b,2026-05-20T09:41:54Z,,2026-05-07_002_tap_tests_servo_rotary,,,,,,,,,,,,,,,response_wiener
tap-tests,Machine FRF and stability/Tap tests/2026-05-07_002_tap_tests_servo_rotary/spindle_rotary/results/figures/time/x/2026-05-07_13-15-00_x315_y315_z60_x_xyz_spindle_alu_tip_no_lock_fs_20000_reciprocating_tap5/response_window.png,derived,58895,5ef78d5d9f3bfb93d1437b7195bee0399e50820495e766c5cf599d57b4d920b1,2026-05-20T09:41:54Z,,2026-05-07_002_tap_tests_servo_rotary,,,,,,,,,,,,,,,response_window
tap-tests,Machine FRF and stability/Tap tests/2026-05-07_002_tap_tests_servo_rotary/spindle_rotary/results/figures/time/x/2026-05-07_13-15-00_x315_y315_z60_x_xyz_spindle_alu_tip_no_lock_fs_20000_reciprocating_tap5/response_windowed.png,derived,36503,32bce35f6b0a545030a283cf66adc6282c56a3971c5ec775f856d6de2ff39851,2026-05-20T09:41:54Z,,2026-05-07_002_tap_tests_servo_rotary,,,,,,,,,,,,,,,response_windowed
tap-tests,Machine FRF and stability/Tap tests/2026-05-07_002_tap_tests_servo_rotary/spindle_rotary/results/figures/time/x/2026-05-07_13-15-00_x315_y315_z60_x_xyz_spindle_alu_tip_no_lock_fs_20000_reciprocating_tap6/force.png,derived,36551,c917850b09307b06d468035dcb606fef98c6e7f66108cd7f8a4fac47e2682831,2026-05-20T09:41:58Z,,2026-05-07_002_tap_tests_servo_rotary,,,,,,,,,,,,,,,force
tap-tests,Machine FRF and stability/Tap tests/2026-05-07_002_tap_tests_servo_rotary/spindle_rotary/results/figures/time/x/2026-05-07_13-15-00_x315_y315_z60_x_xyz_spindle_alu_tip_no_lock_fs_20000_reciprocating_tap6/force_detrended.png,derived,38387,bda1964b6f6eadb2b5ca6845587d1cacc9dd7c671027c24a6a6a741be503959d,2026-05-20T09:41:58Z,,2026-05-07_002_tap_tests_servo_rotary,,,,,,,,,,,,,,,force_detrended
tap-tests,Machine FRF and stability/Tap tests/2026-05-07_002_tap_tests_servo_rotary/spindle_rotary/results/figures/time/x/2026-05-07_13-15-00_x315_y315_z60_x_xyz_spindle_alu_tip_no_lock_fs_20000_reciprocating_tap6/force_window.png,derived,42860,8db822692e0eee20247f2b2816c079c23ea7d8d6f0a9406de8c0de3a593e31b4,2026-05-20T09:41:58Z,,2026-05-07_002_tap_tests_servo_rotary,,,,,,,,,,,,,,,force_window
tap-tests,Machine FRF and stability/Tap tests/2026-05-07_002_tap_tests_servo_rotary/spindle_rotary/results/figures/time/x/2026-05-07_13-15-00_x315_y315_z60_x_xyz_spindle_alu_tip_no_lock_fs_20000_reciprocating_tap6/force_windowed.png,derived,32949,a5f19e8177030ed8ef4ce7436d3070b705e19584d491f1b2f46ad9bf7e1e23a5,2026-05-20T09:41:58Z,,2026-05-07_002_tap_tests_servo_rotary,,,,,,,,,,,,,,,force_windowed
tap-tests,Machine FRF and stability/Tap tests/2026-05-07_002_tap_tests_servo_rotary/spindle_rotary/results/figures/time/x/2026-05-07_13-15-00_x315_y315_z60_x_xyz_spindle_alu_tip_no_lock_fs_20000_reciprocating_tap6/response.png,derived,40302,09bb686b13f45b31ff7b13c241274d97e41c73ef454eaa39e886f2d3777f5854,2026-05-20T09:41:58Z,,2026-05-07_002_tap_tests_servo_rotary,,,,,,,,,,,,,,,response
tap-tests,Machine FRF and stability/Tap tests/2026-05-07_002_tap_tests_servo_rotary/spindle_rotary/results/figures/time/x/2026-05-07_13-15-00_x315_y315_z60_x_xyz_spindle_alu_tip_no_lock_fs_20000_reciprocating_tap6/response_detrended.png,derived,41063,2371057d0fad6595d732c34978bf1dc2d4ed34e979a1d081cc5c9f797a8eeff2,2026-05-20T09:41:58Z,,2026-05-07_002_tap_tests_servo_rotary,,,,,,,,,,,,,,,response_detrended
tap-tests,Machine FRF and stability/Tap tests/2026-05-07_002_tap_tests_servo_rotary/spindle_rotary/results/figures/time/x/2026-05-07_13-15-00_x315_y315_z60_x_xyz_spindle_alu_tip_no_lock_fs_20000_reciprocating_tap6/response_wiener.png,derived,37100,7443a2fd5c798b2c4cb4a72baac4a89c08a9a59aa85a4c204bdad40aca6bc7fd,2026-05-20T09:41:59Z,,2026-05-07_002_tap_tests_servo_rotary,,,,,,,,,,,,,,,response_wiener
tap-tests,Machine FRF and stability/Tap tests/2026-05-07_002_tap_tests_servo_rotary/spindle_rotary/results/figures/time/x/2026-05-07_13-15-00_x315_y315_z60_x_xyz_spindle_alu_tip_no_lock_fs_20000_reciprocating_tap6/response_window.png,derived,58906,962beaf250a7b637b6d8650669a4ad8c0dedd3a330a7583a064b2797042089c1,2026-05-20T09:41:59Z,,2026-05-07_002_tap_tests_servo_rotary,,,,,,,,,,,,,,,response_window
tap-tests,Machine FRF and stability/Tap tests/2026-05-07_002_tap_tests_servo_rotary/spindle_rotary/results/figures/time/x/2026-05-07_13-15-00_x315_y315_z60_x_xyz_spindle_alu_tip_no_lock_fs_20000_reciprocating_tap6/response_windowed.png,derived,36112,6941f012aa9a8bf5da2c9cace4f8352ea3203abfad18b627d6287948f6087580,2026-05-20T09:41:59Z,,2026-05-07_002_tap_tests_servo_rotary,,,,,,,,,,,,,,,response_windowed
tap-tests,Machine FRF and stability/Tap tests/2026-05-07_002_tap_tests_servo_rotary/spindle_rotary/results/figures/time/x/2026-05-07_13-15-00_x315_y315_z60_x_xyz_spindle_alu_tip_no_lock_fs_20000_reciprocating_tap7/force.png,derived,36943,97665ecf6a3becc12d8423de71b8101a06abedb5eaa3189babbc8904848028fe,2026-05-20T09:42:02Z,,2026-05-07_002_tap_tests_servo_rotary,,,,,,,,,,,,,,,force
tap-tests,Machine FRF and stability/Tap tests/2026-05-07_002_tap_tests_servo_rotary/spindle_rotary/results/figures/time/x/2026-05-07_13-15-00_x315_y315_z60_x_xyz_spindle_alu_tip_no_lock_fs_20000_reciprocating_tap7/force_detrended.png,derived,40564,711ef4a4815e8e9fdf9022b181c96fdadb0366b10e11626422ce7c85ff33895f,2026-05-20T09:42:03Z,,2026-05-07_002_tap_tests_servo_rotary,,,,,,,,,,,,,,,force_detrended
tap-tests,Machine FRF and stability/Tap tests/2026-05-07_002_tap_tests_servo_rotary/spindle_rotary/results/figures/time/x/2026-05-07_13-15-00_x315_y315_z60_x_xyz_spindle_alu_tip_no_lock_fs_20000_reciprocating_tap7/force_window.png,derived,44729,31eabb06ced09be14578103a02150a278e8198cf09c21a411dabe5ec7a16dccc,2026-05-20T09:42:03Z,,2026-05-07_002_tap_tests_servo_rotary,,,,,,,,,,,,,,,force_window
tap-tests,Machine FRF and stability/Tap tests/2026-05-07_002_tap_tests_servo_rotary/spindle_rotary/results/figures/time/x/2026-05-07_13-15-00_x315_y315_z60_x_xyz_spindle_alu_tip_no_lock_fs_20000_reciprocating_tap7/force_windowed.png,derived,34964,cae48ae343caf7d8baaa5af1488808e4eb9ad0f41a3868e33e0e818df0fa5cbc,2026-05-20T09:42:03Z,,2026-05-07_002_tap_tests_servo_rotary,,,,,,,,,,,,,,,force_windowed
tap-tests,Machine FRF and stability/Tap tests/2026-05-07_002_tap_tests_servo_rotary/spindle_rotary/results/figures/time/x/2026-05-07_13-15-00_x315_y315_z60_x_xyz_spindle_alu_tip_no_lock_fs_20000_reciprocating_tap7/response.png,derived,48319,25f3538d1f4662727e0971ba37cff51a02d36947cb9ffee12d5a0f3619ed7a88,2026-05-20T09:42:02Z,,2026-05-07_002_tap_tests_servo_rotary,,,,,,,,,,,,,,,response
tap-tests,Machine FRF and stability/Tap tests/2026-05-07_002_tap_tests_servo_rotary/spindle_rotary/results/figures/time/x/2026-05-07_13-15-00_x315_y315_z60_x_xyz_spindle_alu_tip_no_lock_fs_20000_reciprocating_tap7/response_detrended.png,derived,49360,5e6730b3561971a92897c23db9155bbceaed868b099c1e7826bd3822583be5f6,2026-05-20T09:42:03Z,,2026-05-07_002_tap_tests_servo_rotary,,,,,,,,,,,,,,,response_detrended
tap-tests,Machine FRF and stability/Tap tests/2026-05-07_002_tap_tests_servo_rotary/spindle_rotary/results/figures/time/x/2026-05-07_13-15-00_x315_y315_z60_x_xyz_spindle_alu_tip_no_lock_fs_20000_reciprocating_tap7/response_wiener.png,derived,44382,64bee7703470a2eb461ab5b6b0ff15efedc121a4f15a0face794c6244b96f009,2026-05-20T09:42:03Z,,2026-05-07_002_tap_tests_servo_rotary,,,,,,,,,,,,,,,response_wiener
tap-tests,Machine FRF and stability/Tap tests/2026-05-07_002_tap_tests_servo_rotary/spindle_rotary/results/figures/time/x/2026-05-07_13-15-00_x315_y315_z60_x_xyz_spindle_alu_tip_no_lock_fs_20000_reciprocating_tap7/response_window.png,derived,63271,81c926aaa838cd93c25578fe164d63a9674dafc2d70efe9b690f3ece54a52d03,2026-05-20T09:42:03Z,,2026-05-07_002_tap_tests_servo_rotary,,,,,,,,,,,,,,,response_window
tap-tests,Machine FRF and stability/Tap tests/2026-05-07_002_tap_tests_servo_rotary/spindle_rotary/results/figures/time/x/2026-05-07_13-15-00_x315_y315_z60_x_xyz_spindle_alu_tip_no_lock_fs_20000_reciprocating_tap7/response_windowed.png,derived,43594,00101cdcf7666210d870359a40b948e3c5a0db44527754a4165a79816295bd60,2026-05-20T09:42:03Z,,2026-05-07_002_tap_tests_servo_rotary,,,,,,,,,,,,,,,response_windowed
tap-tests,Machine FRF and stability/Tap tests/2026-05-07_002_tap_tests_servo_rotary/spindle_rotary/results/figures/time/x/2026-05-07_13-15-00_x315_y315_z60_x_xyz_spindle_alu_tip_no_lock_fs_20000_reciprocating_tap8/force.png,derived,37197,bff25f8e9d4ab857c22918ce548cf03855395d5912c4c6a1a191f9deec7bd598,2026-05-20T09:42:07Z,,2026-05-07_002_tap_tests_servo_rotary,,,,,,,,,,,,,,,force
tap-tests,Machine FRF and stability/Tap tests/2026-05-07_002_tap_tests_servo_rotary/spindle_rotary/results/figures/time/x/2026-05-07_13-15-00_x315_y315_z60_x_xyz_spindle_alu_tip_no_lock_fs_20000_reciprocating_tap8/force_detrended.png,derived,40375,0156151010d086f6e0fbaf563dac3c4074b9b636b0dde823c8dde39be7cdf092,2026-05-20T09:42:07Z,,2026-05-07_002_tap_tests_servo_rotary,,,,,,,,,,,,,,,force_detrended
tap-tests,Machine FRF and stability/Tap tests/2026-05-07_002_tap_tests_servo_rotary/spindle_rotary/results/figures/time/x/2026-05-07_13-15-00_x315_y315_z60_x_xyz_spindle_alu_tip_no_lock_fs_20000_reciprocating_tap8/force_window.png,derived,44710,7b2cbda6d89d6ae3b733e347572353270b1ea7c4d8b7db8e53bc16629585f93e,2026-05-20T09:42:08Z,,2026-05-07_002_tap_tests_servo_rotary,,,,,,,,,,,,,,,force_window
tap-tests,Machine FRF and stability/Tap tests/2026-05-07_002_tap_tests_servo_rotary/spindle_rotary/results/figures/time/x/2026-05-07_13-15-00_x315_y315_z60_x_xyz_spindle_alu_tip_no_lock_fs_20000_reciprocating_tap8/force_windowed.png,derived,35066,12e5f80ec2e502f3de214c5be89b215ae054f23c230bd44ac9c02ea55c221e4b,2026-05-20T09:42:08Z,,2026-05-07_002_tap_tests_servo_rotary,,,,,,,,,,,,,,,force_windowed
tap-tests,Machine FRF and stability/Tap tests/2026-05-07_002_tap_tests_servo_rotary/spindle_rotary/results/figures/time/x/2026-05-07_13-15-00_x315_y315_z60_x_xyz_spindle_alu_tip_no_lock_fs_20000_reciprocating_tap8/response.png,derived,48037,1184b2c0bf179878ca9abeb2f98e98969ba476512ceb6dfe51c15309e4c26cca,2026-05-20T09:42:07Z,,2026-05-07_002_tap_tests_servo_rotary,,,,,,,,,,,,,,,response
tap-tests,Machine FRF and stability/Tap tests/2026-05-07_002_tap_tests_servo_rotary/spindle_rotary/results/figures/time/x/2026-05-07_13-15-00_x315_y315_z60_x_xyz_spindle_alu_tip_no_lock_fs_20000_reciprocating_tap8/response_detrended.png,derived,49354,0faffee0a3df42770ddb21fab38c7ad33310a03d9a722f79438f44f7dc30b111,2026-05-20T09:42:08Z,,2026-05-07_002_tap_tests_servo_rotary,,,,,,,,,,,,,,,response_detrended
tap-tests,Machine FRF and stability/Tap tests/2026-05-07_002_tap_tests_servo_rotary/spindle_rotary/results/figures/time/x/2026-05-07_13-15-00_x315_y315_z60_x_xyz_spindle_alu_tip_no_lock_fs_20000_reciprocating_tap8/response_wiener.png,derived,44764,84a202ff66546e67429dc2f1142a1d31ddea51fc291621e266c78a45d0fa5e3f,2026-05-20T09:42:08Z,,2026-05-07_002_tap_tests_servo_rotary,,,,,,,,,,,,,,,response_wiener
tap-tests,Machine FRF and stability/Tap tests/2026-05-07_002_tap_tests_servo_rotary/spindle_rotary/results/figures/time/x/2026-05-07_13-15-00_x315_y315_z60_x_xyz_spindle_alu_tip_no_lock_fs_20000_reciprocating_tap8/response_window.png,derived,58980,a9cb8c3557a1e451b885b14a31d52a0dcf7e1167f59c4845eeb6ac5cc03907fb,2026-05-20T09:42:08Z,,2026-05-07_002_tap_tests_servo_rotary,,,,,,,,,,,,,,,response_window
tap-tests,Machine FRF and stability/Tap tests/2026-05-07_002_tap_tests_servo_rotary/spindle_rotary/results/figures/time/x/2026-05-07_13-15-00_x315_y315_z60_x_xyz_spindle_alu_tip_no_lock_fs_20000_reciprocating_tap8/response_windowed.png,derived,43976,ca12d1dbf448b55a178e1858a2c12a877636d49a22fe404ed3fcabf2f370ee28,2026-05-20T09:42:08Z,,2026-05-07_002_tap_tests_servo_rotary,,,,,,,,,,,,,,,response_windowed
tap-tests,Machine FRF and stability/Tap tests/2026-05-07_002_tap_tests_servo_rotary/spindle_rotary/results/figures/time/x/2026-05-07_13-15-00_x315_y315_z60_x_xyz_spindle_alu_tip_no_lock_fs_20000_reciprocating_tap9/force.png,derived,36657,89638d1ec2a31ed06e4406f0095ec1d5bb55ddd6bf0c9f1680b8bc86509be86f,2026-05-20T09:42:12Z,,2026-05-07_002_tap_tests_servo_rotary,,,,,,,,,,,,,,,force
tap-tests,Machine FRF and stability/Tap tests/2026-05-07_002_tap_tests_servo_rotary/spindle_rotary/results/figures/time/x/2026-05-07_13-15-00_x315_y315_z60_x_xyz_spindle_alu_tip_no_lock_fs_20000_reciprocating_tap9/force_detrended.png,derived,40523,8dab408615ac3ae7fb9e7e945c3557addb9f43743cd7c1b25d8eeb05bd499a2f,2026-05-20T09:42:12Z,,2026-05-07_002_tap_tests_servo_rotary,,,,,,,,,,,,,,,force_detrended
tap-tests,Machine FRF and stability/Tap tests/2026-05-07_002_tap_tests_servo_rotary/spindle_rotary/results/figures/time/x/2026-05-07_13-15-00_x315_y315_z60_x_xyz_spindle_alu_tip_no_lock_fs_20000_reciprocating_tap9/force_window.png,derived,44715,bc23652e13ded7bd67ef1f7ddf56ccff19362e24f464a63e958c87a3a7b62e54,2026-05-20T09:42:12Z,,2026-05-07_002_tap_tests_servo_rotary,,,,,,,,,,,,,,,force_window
tap-tests,Machine FRF and stability/Tap tests/2026-05-07_002_tap_tests_servo_rotary/spindle_rotary/results/figures/time/x/2026-05-07_13-15-00_x315_y315_z60_x_xyz_spindle_alu_tip_no_lock_fs_20000_reciprocating_tap9/force_windowed.png,derived,34785,f39e2cf4ebe62ae2a8f72fcd24de7708433a34902630b8f59264a3ff1658bbf4,2026-05-20T09:42:13Z,,2026-05-07_002_tap_tests_servo_rotary,,,,,,,,,,,,,,,force_windowed
tap-tests,Machine FRF and stability/Tap tests/2026-05-07_002_tap_tests_servo_rotary/spindle_rotary/results/figures/time/x/2026-05-07_13-15-00_x315_y315_z60_x_xyz_spindle_alu_tip_no_lock_fs_20000_reciprocating_tap9/response.png,derived,46497,ce9a939acc4f571a248689a2ca92e8cc6c5673ba624f14d114a5a9806596a76d,2026-05-20T09:42:12Z,,2026-05-07_002_tap_tests_servo_rotary,,,,,,,,,,,,,,,response
tap-tests,Machine FRF and stability/Tap tests/2026-05-07_002_tap_tests_servo_rotary/spindle_rotary/results/figures/time/x/2026-05-07_13-15-00_x315_y315_z60_x_xyz_spindle_alu_tip_no_lock_fs_20000_reciprocating_tap9/response_detrended.png,derived,47694,0faa59211bd21632e4cec227910709fb3519f950e9ea14ef9af981a5d6132c3e,2026-05-20T09:42:13Z,,2026-05-07_002_tap_tests_servo_rotary,,,,,,,,,,,,,,,response_detrended
tap-tests,Machine FRF and stability/Tap tests/2026-05-07_002_tap_tests_servo_rotary/spindle_rotary/results/figures/time/x/2026-05-07_13-15-00_x315_y315_z60_x_xyz_spindle_alu_tip_no_lock_fs_20000_reciprocating_tap9/response_wiener.png,derived,42770,22837f4e2ce4ab7abb03537411c3f00174db22ada986256e463e6b9bec3d64b6,2026-05-20T09:42:13Z,,2026-05-07_002_tap_tests_servo_rotary,,,,,,,,,,,,,,,response_wiener
tap-tests,Machine FRF and stability/Tap tests/2026-05-07_002_tap_tests_servo_rotary/spindle_rotary/results/figures/time/x/2026-05-07_13-15-00_x315_y315_z60_x_xyz_spindle_alu_tip_no_lock_fs_20000_reciprocating_tap9/response_window.png,derived,63517,f76e7930dec2e3e96d661bd04f5d86b1a3db03fae00ca7d49d068af5ef7e6bb5,2026-05-20T09:42:13Z,,2026-05-07_002_tap_tests_servo_rotary,,,,,,,,,,,,,,,response_window
tap-tests,Machine FRF and stability/Tap tests/2026-05-07_002_tap_tests_servo_rotary/spindle_rotary/results/figures/time/x/2026-05-07_13-15-00_x315_y315_z60_x_xyz_spindle_alu_tip_no_lock_fs_20000_reciprocating_tap9/response_windowed.png,derived,41191,d06fcbd8de86ccfb68fad0753b54bd0989b6e4b5c76af639af744864ac8622fa,2026-05-20T09:42:13Z,,2026-05-07_002_tap_tests_servo_rotary,,,,,,,,,,,,,,,response_windowed
tap-tests,Machine FRF and stability/Tap tests/2026-05-07_002_tap_tests_servo_rotary/spindle_rotary/results/logs/export_log.json,derived,20166,3c565f66a4b1807f828a0b3e2a9bf5e95ed78b123141f08aea8b5bf93446127a,2026-05-20T09:42:26Z,,2026-05-07_002_tap_tests_servo_rotary,,,,,,,,,,,,,,,export_log
tap-tests,Machine FRF and stability/Tap tests/2026-05-07_002_tap_tests_servo_rotary/spindle_rotary/results/tables/fft/x/2026-05-07_13-15-00_x315_y315_z60_x_xyz_spindle_alu_tip_no_lock_fs_20000_reciprocating_tap1.csv,derived,858554,5f92286ccbb815001aff94ef9d658dc32fef408741f55b4eab1259bd9bdda6d3,2026-05-20T09:41:39Z,,2026-05-07_002_tap_tests_servo_rotary,,,,,,,,,,,,,1,20000,2026-05-07_13-15-00_x315_y315_z60_x_xyz_spindle_alu_tip_no_lock_fs_20000_reciprocating_tap1
tap-tests,Machine FRF and stability/Tap tests/2026-05-07_002_tap_tests_servo_rotary/spindle_rotary/results/tables/fft/x/2026-05-07_13-15-00_x315_y315_z60_x_xyz_spindle_alu_tip_no_lock_fs_20000_reciprocating_tap10.csv,derived,863117,ef33936f318940dcf9b292e5549a6588b21cf9694b0ef0c0906eaa6dfaad13eb,2026-05-20T09:42:17Z,,2026-05-07_002_tap_tests_servo_rotary,,,,,,,,,,,,,10,20000,2026-05-07_13-15-00_x315_y315_z60_x_xyz_spindle_alu_tip_no_lock_fs_20000_reciprocating_tap10
tap-tests,Machine FRF and stability/Tap tests/2026-05-07_002_tap_tests_servo_rotary/spindle_rotary/results/tables/fft/x/2026-05-07_13-15-00_x315_y315_z60_x_xyz_spindle_alu_tip_no_lock_fs_20000_reciprocating_tap11.csv,derived,858487,bed7fe901dd65692ae83f72e2cd615251f5f3d954bb7bbe1d28e452d618358ae,2026-05-20T09:42:21Z,,2026-05-07_002_tap_tests_servo_rotary,,,,,,,,,,,,,11,20000,2026-05-07_13-15-00_x315_y315_z60_x_xyz_spindle_alu_tip_no_lock_fs_20000_reciprocating_tap11
tap-tests,Machine FRF and stability/Tap tests/2026-05-07_002_tap_tests_servo_rotary/spindle_rotary/results/tables/fft/x/2026-05-07_13-15-00_x315_y315_z60_x_xyz_spindle_alu_tip_no_lock_fs_20000_reciprocating_tap3.csv,derived,858834,3f072b57a848007bbabc56280229eb33035c3d13974ff929e972b911286d31fc,2026-05-20T09:41:44Z,,2026-05-07_002_tap_tests_servo_rotary,,,,,,,,,,,,,3,20000,2026-05-07_13-15-00_x315_y315_z60_x_xyz_spindle_alu_tip_no_lock_fs_20000_reciprocating_tap3
tap-tests,Machine FRF and stability/Tap tests/2026-05-07_002_tap_tests_servo_rotary/spindle_rotary/results/tables/fft/x/2026-05-07_13-15-00_x315_y315_z60_x_xyz_spindle_alu_tip_no_lock_fs_20000_reciprocating_tap4.csv,derived,857123,3beb54816635b225af8ef826b39363061c38ea5ac5b3c9871d9a6ac0b250dcd9,2026-05-20T09:41:48Z,,2026-05-07_002_tap_tests_servo_rotary,,,,,,,,,,,,,4,20000,2026-05-07_13-15-00_x315_y315_z60_x_xyz_spindle_alu_tip_no_lock_fs_20000_reciprocating_tap4
tap-tests,Machine FRF and stability/Tap tests/2026-05-07_002_tap_tests_servo_rotary/spindle_rotary/results/tables/fft/x/2026-05-07_13-15-00_x315_y315_z60_x_xyz_spindle_alu_tip_no_lock_fs_20000_reciprocating_tap5.csv,derived,861676,7f69f2955ed7ee9999dc337f2490eb4c7e26975a48dbac2b3d7d8a1e8caac3e3,2026-05-20T09:41:53Z,,2026-05-07_002_tap_tests_servo_rotary,,,,,,,,,,,,,5,20000,2026-05-07_13-15-00_x315_y315_z60_x_xyz_spindle_alu_tip_no_lock_fs_20000_reciprocating_tap5
tap-tests,Machine FRF and stability/Tap tests/2026-05-07_002_tap_tests_servo_rotary/spindle_rotary/results/tables/fft/x/2026-05-07_13-15-00_x315_y315_z60_x_xyz_spindle_alu_tip_no_lock_fs_20000_reciprocating_tap6.csv,derived,891694,ff051253be6a4c9d6d2164af4fc31bb6efe571d63e5eeb6ac185ba6dce55b2b8,2026-05-20T09:41:58Z,,2026-05-07_002_tap_tests_servo_rotary,,,,,,,,,,,,,6,20000,2026-05-07_13-15-00_x315_y315_z60_x_xyz_spindle_alu_tip_no_lock_fs_20000_reciprocating_tap6
tap-tests,Machine FRF and stability/Tap tests/2026-05-07_002_tap_tests_servo_rotary/spindle_rotary/results/tables/fft/x/2026-05-07_13-15-00_x315_y315_z60_x_xyz_spindle_alu_tip_no_lock_fs_20000_reciprocating_tap7.csv,derived,859507,da954c8bc123bcbef9fc2c955a28580cb46fe23351daf701e41342f43b3f20a7,2026-05-20T09:42:02Z,,2026-05-07_002_tap_tests_servo_rotary,,,,,,,,,,,,,7,20000,2026-05-07_13-15-00_x315_y315_z60_x_xyz_spindle_alu_tip_no_lock_fs_20000_reciprocating_tap7
tap-tests,Machine FRF and stability/Tap tests/2026-05-07_002_tap_tests_servo_rotary/spindle_rotary/results/tables/fft/x/2026-05-07_13-15-00_x315_y315_z60_x_xyz_spindle_alu_tip_no_lock_fs_20000_reciprocating_tap8.csv,derived,858571,0c96cfc61276fb1a27fec937bed8ddf0e899132e5bc52e094df6561dd006a8b5,2026-05-20T09:42:07Z,,2026-05-07_002_tap_tests_servo_rotary,,,,,,,,,,,,,8,20000,2026-05-07_13-15-00_x315_y315_z60_x_xyz_spindle_alu_tip_no_lock_fs_20000_reciprocating_tap8
tap-tests,Machine FRF and stability/Tap tests/2026-05-07_002_tap_tests_servo_rotary/spindle_rotary/results/tables/fft/x/2026-05-07_13-15-00_x315_y315_z60_x_xyz_spindle_alu_tip_no_lock_fs_20000_reciprocating_tap9.csv,derived,860726,3fd6a19a35fb17e2854caa33ff5ce307cb9604057e71159c66b975ab81b548b9,2026-05-20T09:42:12Z,,2026-05-07_002_tap_tests_servo_rotary,,,,,,,,,,,,,9,20000,2026-05-07_13-15-00_x315_y315_z60_x_xyz_spindle_alu_tip_no_lock_fs_20000_reciprocating_tap9
tap-tests,Machine FRF and stability/Tap tests/2026-05-07_002_tap_tests_servo_rotary/spindle_rotary/results/tables/frequency/x/2026-05-07_13-15-00_x315_y315_z60_x_xyz_spindle_alu_tip_no_lock_fs_20000_reciprocating_tap1.csv,derived,346858,ad78c4b438df8793b57070f1905a780c513774e6e70e3aa2a98bc2e430e6649c,2026-05-20T09:41:39Z,,2026-05-07_002_tap_tests_servo_rotary,,,,,,,,,,,,,1,20000,2026-05-07_13-15-00_x315_y315_z60_x_xyz_spindle_alu_tip_no_lock_fs_20000_reciprocating_tap1
tap-tests,Machine FRF and stability/Tap tests/2026-05-07_002_tap_tests_servo_rotary/spindle_rotary/results/tables/frequency/x/2026-05-07_13-15-00_x315_y315_z60_x_xyz_spindle_alu_tip_no_lock_fs_20000_reciprocating_tap10.csv,derived,346761,40ef389ab2eb81ab9d1c26c1bc536bd5762cbc1c3e313c0c14807fb13821323e,2026-05-20T09:42:17Z,,2026-05-07_002_tap_tests_servo_rotary,,,,,,,,,,,,,10,20000,2026-05-07_13-15-00_x315_y315_z60_x_xyz_spindle_alu_tip_no_lock_fs_20000_reciprocating_tap10
tap-tests,Machine FRF and stability/Tap tests/2026-05-07_002_tap_tests_servo_rotary/spindle_rotary/results/tables/frequency/x/2026-05-07_13-15-00_x315_y315_z60_x_xyz_spindle_alu_tip_no_lock_fs_20000_reciprocating_tap11.csv,derived,346692,a7acddec3c7d0a835dafb8686974004943eb484e4462aee68370261a05be6fdd,2026-05-20T09:42:21Z,,2026-05-07_002_tap_tests_servo_rotary,,,,,,,,,,,,,11,20000,2026-05-07_13-15-00_x315_y315_z60_x_xyz_spindle_alu_tip_no_lock_fs_20000_reciprocating_tap11
tap-tests,Machine FRF and stability/Tap tests/2026-05-07_002_tap_tests_servo_rotary/spindle_rotary/results/tables/frequency/x/2026-05-07_13-15-00_x315_y315_z60_x_xyz_spindle_alu_tip_no_lock_fs_20000_reciprocating_tap3.csv,derived,346689,6061467fdb9c2f343764a8e1186f3b16c6bf677126fa72135148aeddf23ec876,2026-05-20T09:41:43Z,,2026-05-07_002_tap_tests_servo_rotary,,,,,,,,,,,,,3,20000,2026-05-07_13-15-00_x315_y315_z60_x_xyz_spindle_alu_tip_no_lock_fs_20000_reciprocating_tap3
tap-tests,Machine FRF and stability/Tap tests/2026-05-07_002_tap_tests_servo_rotary/spindle_rotary/results/tables/frequency/x/2026-05-07_13-15-00_x315_y315_z60_x_xyz_spindle_alu_tip_no_lock_fs_20000_reciprocating_tap4.csv,derived,346545,108d6b615f564e20de04dd4627b42c2235c5042c93fed2ed867df3eaf91e95f7,2026-05-20T09:41:48Z,,2026-05-07_002_tap_tests_servo_rotary,,,,,,,,,,,,,4,20000,2026-05-07_13-15-00_x315_y315_z60_x_xyz_spindle_alu_tip_no_lock_fs_20000_reciprocating_tap4
tap-tests,Machine FRF and stability/Tap tests/2026-05-07_002_tap_tests_servo_rotary/spindle_rotary/results/tables/frequency/x/2026-05-07_13-15-00_x315_y315_z60_x_xyz_spindle_alu_tip_no_lock_fs_20000_reciprocating_tap5.csv,derived,346745,16d1935821fcbde60eb8dfa668ed069b362d9c647c10a82fe75401265d98ec80,2026-05-20T09:41:53Z,,2026-05-07_002_tap_tests_servo_rotary,,,,,,,,,,,,,5,20000,2026-05-07_13-15-00_x315_y315_z60_x_xyz_spindle_alu_tip_no_lock_fs_20000_reciprocating_tap5
tap-tests,Machine FRF and stability/Tap tests/2026-05-07_002_tap_tests_servo_rotary/spindle_rotary/results/tables/frequency/x/2026-05-07_13-15-00_x315_y315_z60_x_xyz_spindle_alu_tip_no_lock_fs_20000_reciprocating_tap6.csv,derived,346676,255e5bd13dc93efc6b67b0f2af180b9b43d4f6c9e277ab0faa6d8d408d3a440e,2026-05-20T09:41:57Z,,2026-05-07_002_tap_tests_servo_rotary,,,,,,,,,,,,,6,20000,2026-05-07_13-15-00_x315_y315_z60_x_xyz_spindle_alu_tip_no_lock_fs_20000_reciprocating_tap6
tap-tests,Machine FRF and stability/Tap tests/2026-05-07_002_tap_tests_servo_rotary/spindle_rotary/results/tables/frequency/x/2026-05-07_13-15-00_x315_y315_z60_x_xyz_spindle_alu_tip_no_lock_fs_20000_reciprocating_tap7.csv,derived,347219,839e0b792182d69282113b32d4377443af73789155ea2d3aea74439f2166cc14,2026-05-20T09:42:02Z,,2026-05-07_002_tap_tests_servo_rotary,,,,,,,,,,,,,7,20000,2026-05-07_13-15-00_x315_y315_z60_x_xyz_spindle_alu_tip_no_lock_fs_20000_reciprocating_tap7
tap-tests,Machine FRF and stability/Tap tests/2026-05-07_002_tap_tests_servo_rotary/spindle_rotary/results/tables/frequency/x/2026-05-07_13-15-00_x315_y315_z60_x_xyz_spindle_alu_tip_no_lock_fs_20000_reciprocating_tap8.csv,derived,345890,580b9d163503f744571f8a7d7e4621fae017f7c1ddf8e50af9bc1055f26dd17d,2026-05-20T09:42:07Z,,2026-05-07_002_tap_tests_servo_rotary,,,,,,,,,,,,,8,20000,2026-05-07_13-15-00_x315_y315_z60_x_xyz_spindle_alu_tip_no_lock_fs_20000_reciprocating_tap8
tap-tests,Machine FRF and stability/Tap tests/2026-05-07_002_tap_tests_servo_rotary/spindle_rotary/results/tables/frequency/x/2026-05-07_13-15-00_x315_y315_z60_x_xyz_spindle_alu_tip_no_lock_fs_20000_reciprocating_tap9.csv,derived,346860,bbb61de2ff085287eb7143dd730aec1feb4e2924b4980498bee6b8e58dde1f4e,2026-05-20T09:42:12Z,,2026-05-07_002_tap_tests_servo_rotary,,,,,,,,,,,,,9,20000,2026-05-07_13-15-00_x315_y315_z60_x_xyz_spindle_alu_tip_no_lock_fs_20000_reciprocating_tap9
tap-tests,Machine FRF and stability/Tap tests/2026-05-07_002_tap_tests_servo_rotary/spindle_rotary/results/tables/raw/x/2026-05-07_13-15-00_x315_y315_z60_x_xyz_spindle_alu_tip_no_lock_fs_20000_reciprocating_tap1.csv,derived,349164,467285eff0d79ca23cc81b8d57296379ac443ae0f3f8bfc1fd75b3903af8d2a2,2026-05-20T09:41:39Z,,2026-05-07_002_tap_tests_servo_rotary,,,,,,,,,,,,,1,20000,2026-05-07_13-15-00_x315_y315_z60_x_xyz_spindle_alu_tip_no_lock_fs_20000_reciprocating_tap1
tap-tests,Machine FRF and stability/Tap tests/2026-05-07_002_tap_tests_servo_rotary/spindle_rotary/results/tables/raw/x/2026-05-07_13-15-00_x315_y315_z60_x_xyz_spindle_alu_tip_no_lock_fs_20000_reciprocating_tap10.csv,derived,348438,33c405a2e9b1c3abfa8a399020c8bcd9180e2d808ae89f3d2d17d048da05ca18,2026-05-20T09:42:17Z,,2026-05-07_002_tap_tests_servo_rotary,,,,,,,,,,,,,10,20000,2026-05-07_13-15-00_x315_y315_z60_x_xyz_spindle_alu_tip_no_lock_fs_20000_reciprocating_tap10
tap-tests,Machine FRF and stability/Tap tests/2026-05-07_002_tap_tests_servo_rotary/spindle_rotary/results/tables/raw/x/2026-05-07_13-15-00_x315_y315_z60_x_xyz_spindle_alu_tip_no_lock_fs_20000_reciprocating_tap11.csv,derived,348581,1fe2308daa1a12a4b3e33abd8038a92162dccffd7a9f8b89625bc80cc236a2a5,2026-05-20T09:42:21Z,,2026-05-07_002_tap_tests_servo_rotary,,,,,,,,,,,,,11,20000,2026-05-07_13-15-00_x315_y315_z60_x_xyz_spindle_alu_tip_no_lock_fs_20000_reciprocating_tap11
tap-tests,Machine FRF and stability/Tap tests/2026-05-07_002_tap_tests_servo_rotary/spindle_rotary/results/tables/raw/x/2026-05-07_13-15-00_x315_y315_z60_x_xyz_spindle_alu_tip_no_lock_fs_20000_reciprocating_tap3.csv,derived,348287,56d622be05b38a9f88ccc3835999804be862abcc8f79525c0d373b6b6ddd6233,2026-05-20T09:41:43Z,,2026-05-07_002_tap_tests_servo_rotary,,,,,,,,,,,,,3,20000,2026-05-07_13-15-00_x315_y315_z60_x_xyz_spindle_alu_tip_no_lock_fs_20000_reciprocating_tap3
tap-tests,Machine FRF and stability/Tap tests/2026-05-07_002_tap_tests_servo_rotary/spindle_rotary/results/tables/raw/x/2026-05-07_13-15-00_x315_y315_z60_x_xyz_spindle_alu_tip_no_lock_fs_20000_reciprocating_tap4.csv,derived,348537,08cba7eef9d4f0079afba0a2ff0e0fdefe18861997819d856e7b50578b5ae697,2026-05-20T09:41:48Z,,2026-05-07_002_tap_tests_servo_rotary,,,,,,,,,,,,,4,20000,2026-05-07_13-15-00_x315_y315_z60_x_xyz_spindle_alu_tip_no_lock_fs_20000_reciprocating_tap4
tap-tests,Machine FRF and stability/Tap tests/2026-05-07_002_tap_tests_servo_rotary/spindle_rotary/results/tables/raw/x/2026-05-07_13-15-00_x315_y315_z60_x_xyz_spindle_alu_tip_no_lock_fs_20000_reciprocating_tap5.csv,derived,348510,63f59be92e9ad89ed696f10b141304dceaab90c22c1bcf350dc7e815cf74b9b8,2026-05-20T09:41:53Z,,2026-05-07_002_tap_tests_servo_rotary,,,,,,,,,,,,,5,20000,2026-05-07_13-15-00_x315_y315_z60_x_xyz_spindle_alu_tip_no_lock_fs_20000_reciprocating_tap5
tap-tests,Machine FRF and stability/Tap tests/2026-05-07_002_tap_tests_servo_rotary/spindle_rotary/results/tables/raw/x/2026-05-07_13-15-00_x315_y315_z60_x_xyz_spindle_alu_tip_no_lock_fs_20000_reciprocating_tap6.csv,derived,348680,17a70b161f695c56007a3237f860b1deed1694d45b62c476b084a4dbd924df10,2026-05-20T09:41:57Z,,2026-05-07_002_tap_tests_servo_rotary,,,,,,,,,,,,,6,20000,2026-05-07_13-15-00_x315_y315_z60_x_xyz_spindle_alu_tip_no_lock_fs_20000_reciprocating_tap6
tap-tests,Machine FRF and stability/Tap tests/2026-05-07_002_tap_tests_servo_rotary/spindle_rotary/results/tables/raw/x/2026-05-07_13-15-00_x315_y315_z60_x_xyz_spindle_alu_tip_no_lock_fs_20000_reciprocating_tap7.csv,derived,349021,909f1bbc5eda1e0d835613577eacd871fee8a8cc3205309b012ed86a673a2211,2026-05-20T09:42:02Z,,2026-05-07_002_tap_tests_servo_rotary,,,,,,,,,,,,,7,20000,2026-05-07_13-15-00_x315_y315_z60_x_xyz_spindle_alu_tip_no_lock_fs_20000_reciprocating_tap7
tap-tests,Machine FRF and stability/Tap tests/2026-05-07_002_tap_tests_servo_rotary/spindle_rotary/results/tables/raw/x/2026-05-07_13-15-00_x315_y315_z60_x_xyz_spindle_alu_tip_no_lock_fs_20000_reciprocating_tap8.csv,derived,348808,4fbe092bc91dbdd96424bf2cfa5d92fda7c219a651814a3b5643fccadd193444,2026-05-20T09:42:07Z,,2026-05-07_002_tap_tests_servo_rotary,,,,,,,,,,,,,8,20000,2026-05-07_13-15-00_x315_y315_z60_x_xyz_spindle_alu_tip_no_lock_fs_20000_reciprocating_tap8
tap-tests,Machine FRF and stability/Tap tests/2026-05-07_002_tap_tests_servo_rotary/spindle_rotary/results/tables/raw/x/2026-05-07_13-15-00_x315_y315_z60_x_xyz_spindle_alu_tip_no_lock_fs_20000_reciprocating_tap9.csv,derived,348524,ad2fa54b5eb42318f7a31c17937b425def361bf42e5871a9228b25871f948bad,2026-05-20T09:42:12Z,,2026-05-07_002_tap_tests_servo_rotary,,,,,,,,,,,,,9,20000,2026-05-07_13-15-00_x315_y315_z60_x_xyz_spindle_alu_tip_no_lock_fs_20000_reciprocating_tap9
tap-tests,Machine FRF and stability/Tap tests/2026-05-07_002_tap_tests_servo_rotary/spindle_rotary/results/tables/time/x/2026-05-07_13-15-00_x315_y315_z60_x_xyz_spindle_alu_tip_no_lock_fs_20000_reciprocating_tap1.csv,derived,731949,efc3ec40721167a3fffa7f5743e51961453a45f356e86f121f2ec5482332c013,2026-05-20T09:41:39Z,,2026-05-07_002_tap_tests_servo_rotary,,,,,,,,,,,,,1,20000,2026-05-07_13-15-00_x315_y315_z60_x_xyz_spindle_alu_tip_no_lock_fs_20000_reciprocating_tap1
tap-tests,Machine FRF and stability/Tap tests/2026-05-07_002_tap_tests_servo_rotary/spindle_rotary/results/tables/time/x/2026-05-07_13-15-00_x315_y315_z60_x_xyz_spindle_alu_tip_no_lock_fs_20000_reciprocating_tap10.csv,derived,732803,35d81a2590f4b59c6324bcd929f7459b490867e03d6f23bfd1dbdde90e3e7a93,2026-05-20T09:42:16Z,,2026-05-07_002_tap_tests_servo_rotary,,,,,,,,,,,,,10,20000,2026-05-07_13-15-00_x315_y315_z60_x_xyz_spindle_alu_tip_no_lock_fs_20000_reciprocating_tap10
tap-tests,Machine FRF and stability/Tap tests/2026-05-07_002_tap_tests_servo_rotary/spindle_rotary/results/tables/time/x/2026-05-07_13-15-00_x315_y315_z60_x_xyz_spindle_alu_tip_no_lock_fs_20000_reciprocating_tap11.csv,derived,730697,95a14399bd7178411bf29eba69c7368ffc56dc04fe5554ea16cd4b58caebc25a,2026-05-20T09:42:21Z,,2026-05-07_002_tap_tests_servo_rotary,,,,,,,,,,,,,11,20000,2026-05-07_13-15-00_x315_y315_z60_x_xyz_spindle_alu_tip_no_lock_fs_20000_reciprocating_tap11
tap-tests,Machine FRF and stability/Tap tests/2026-05-07_002_tap_tests_servo_rotary/spindle_rotary/results/tables/time/x/2026-05-07_13-15-00_x315_y315_z60_x_xyz_spindle_alu_tip_no_lock_fs_20000_reciprocating_tap3.csv,derived,731174,2c05dec2228c9ff95852c7d3367e28409891fe9dbd0264057fdf4dffab35691e,2026-05-20T09:41:43Z,,2026-05-07_002_tap_tests_servo_rotary,,,,,,,,,,,,,3,20000,2026-05-07_13-15-00_x315_y315_z60_x_xyz_spindle_alu_tip_no_lock_fs_20000_reciprocating_tap3
tap-tests,Machine FRF and stability/Tap tests/2026-05-07_002_tap_tests_servo_rotary/spindle_rotary/results/tables/time/x/2026-05-07_13-15-00_x315_y315_z60_x_xyz_spindle_alu_tip_no_lock_fs_20000_reciprocating_tap4.csv,derived,732433,cdb60f289bb1e9ce4887f4dbdec03e659c81a19af4fc8298295dc083e495449a,2026-05-20T09:41:48Z,,2026-05-07_002_tap_tests_servo_rotary,,,,,,,,,,,,,4,20000,2026-05-07_13-15-00_x315_y315_z60_x_xyz_spindle_alu_tip_no_lock_fs_20000_reciprocating_tap4
tap-tests,Machine FRF and stability/Tap tests/2026-05-07_002_tap_tests_servo_rotary/spindle_rotary/results/tables/time/x/2026-05-07_13-15-00_x315_y315_z60_x_xyz_spindle_alu_tip_no_lock_fs_20000_reciprocating_tap5.csv,derived,732928,58a89a9859835e1aa9789ec845acd636698843f3686bb35808f6782faa790895,2026-05-20T09:41:52Z,,2026-05-07_002_tap_tests_servo_rotary,,,,,,,,,,,,,5,20000,2026-05-07_13-15-00_x315_y315_z60_x_xyz_spindle_alu_tip_no_lock_fs_20000_reciprocating_tap5
tap-tests,Machine FRF and stability/Tap tests/2026-05-07_002_tap_tests_servo_rotary/spindle_rotary/results/tables/time/x/2026-05-07_13-15-00_x315_y315_z60_x_xyz_spindle_alu_tip_no_lock_fs_20000_reciprocating_tap6.csv,derived,732973,3807585e041d621431b3a6efee7759a12941480c3966ab6dfbdf6050ae0e1d16,2026-05-20T09:41:57Z,,2026-05-07_002_tap_tests_servo_rotary,,,,,,,,,,,,,6,20000,2026-05-07_13-15-00_x315_y315_z60_x_xyz_spindle_alu_tip_no_lock_fs_20000_reciprocating_tap6
tap-tests,Machine FRF and stability/Tap tests/2026-05-07_002_tap_tests_servo_rotary/spindle_rotary/results/tables/time/x/2026-05-07_13-15-00_x315_y315_z60_x_xyz_spindle_alu_tip_no_lock_fs_20000_reciprocating_tap7.csv,derived,732186,f109e9ea393d7aadbc5daa1cff8600a46a5d8664aaf2f8e07339d100a659966c,2026-05-20T09:42:02Z,,2026-05-07_002_tap_tests_servo_rotary,,,,,,,,,,,,,7,20000,2026-05-07_13-15-00_x315_y315_z60_x_xyz_spindle_alu_tip_no_lock_fs_20000_reciprocating_tap7
tap-tests,Machine FRF and stability/Tap tests/2026-05-07_002_tap_tests_servo_rotary/spindle_rotary/results/tables/time/x/2026-05-07_13-15-00_x315_y315_z60_x_xyz_spindle_alu_tip_no_lock_fs_20000_reciprocating_tap8.csv,derived,733789,575883c0471173c08773091b0d7a3388fb6c66fec78bed78cc4be9472b8db0c4,2026-05-20T09:42:06Z,,2026-05-07_002_tap_tests_servo_rotary,,,,,,,,,,,,,8,20000,2026-05-07_13-15-00_x315_y315_z60_x_xyz_spindle_alu_tip_no_lock_fs_20000_reciprocating_tap8
tap-tests,Machine FRF and stability/Tap tests/2026-05-07_002_tap_tests_servo_rotary/spindle_rotary/results/tables/time/x/2026-05-07_13-15-00_x315_y315_z60_x_xyz_spindle_alu_tip_no_lock_fs_20000_reciprocating_tap9.csv,derived,731685,6d63289d16bb78a51c4ff8072bb49c8f7d5b21fcb728f2f1370e35ede9363175,2026-05-20T09:42:11Z,,2026-05-07_002_tap_tests_servo_rotary,,,,,,,,,,,,,9,20000,2026-05-07_13-15-00_x315_y315_z60_x_xyz_spindle_alu_tip_no_lock_fs_20000_reciprocating_tap9
tap-tests,Machine FRF and stability/Tap tests/2026-05-07_002_tap_tests_servo_rotary/tool_rotary/analysis.json,derived,25395,4ce3283686790fc6b48e6ce7b4a16fe273061af1b30b4057542385a56bb5109f,2026-05-20T11:25:28Z,,2026-05-07_002_tap_tests_servo_rotary,,,,,,,,,,,,,,,analysis
tap-tests,Machine FRF and stability/Tap tests/2026-05-07_002_tap_tests_servo_rotary/tool_rotary/results/figures/fft/x/2026-05-07_15-06-00_x315_y315_z60_x_xyz_tool_plastic_tip_no_lock_fs_20000_reciprocating_tap10/fft_magnitude.png,derived,248530,bcee421c660594f74fc6f065e1fc9fd7ac9093f630c60a9ddfa16e87dc5a83b1,2026-05-20T11:24:42Z,,2026-05-07_002_tap_tests_servo_rotary,,,,,,,,,,,,,,,fft_magnitude
tap-tests,Machine FRF and stability/Tap tests/2026-05-07_002_tap_tests_servo_rotary/tool_rotary/results/figures/fft/x/2026-05-07_15-06-00_x315_y315_z60_x_xyz_tool_plastic_tip_no_lock_fs_20000_reciprocating_tap11/fft_magnitude.png,derived,245168,cd9edf8662bfcd3309736e97144d71c66d7fa4559089fbccebe5c35b20ebd72c,2026-05-20T11:24:46Z,,2026-05-07_002_tap_tests_servo_rotary,,,,,,,,,,,,,,,fft_magnitude
tap-tests,Machine FRF and stability/Tap tests/2026-05-07_002_tap_tests_servo_rotary/tool_rotary/results/figures/fft/x/2026-05-07_15-06-00_x315_y315_z60_x_xyz_tool_plastic_tip_no_lock_fs_20000_reciprocating_tap12/fft_magnitude.png,derived,244974,9be91be0ca7fd20bd0e171d4e8e509840c3759e13a1b21ce04c891aee770d97f,2026-05-20T11:24:52Z,,2026-05-07_002_tap_tests_servo_rotary,,,,,,,,,,,,,,,fft_magnitude
tap-tests,Machine FRF and stability/Tap tests/2026-05-07_002_tap_tests_servo_rotary/tool_rotary/results/figures/fft/x/2026-05-07_15-06-00_x315_y315_z60_x_xyz_tool_plastic_tip_no_lock_fs_20000_reciprocating_tap13/fft_magnitude.png,derived,245919,66021e4337e6c2448f81d7d112d0659a519c5f39c5bfdcfff13165a7e5870a51,2026-05-20T11:25:02Z,,2026-05-07_002_tap_tests_servo_rotary,,,,,,,,,,,,,,,fft_magnitude
tap-tests,Machine FRF and stability/Tap tests/2026-05-07_002_tap_tests_servo_rotary/tool_rotary/results/figures/fft/x/2026-05-07_15-06-00_x315_y315_z60_x_xyz_tool_plastic_tip_no_lock_fs_20000_reciprocating_tap14/fft_magnitude.png,derived,246940,a03d14e66358b09804a5cb6b679a07fc957118f5415bd06504e39d99e1d93ad1,2026-05-20T11:25:13Z,,2026-05-07_002_tap_tests_servo_rotary,,,,,,,,,,,,,,,fft_magnitude
tap-tests,Machine FRF and stability/Tap tests/2026-05-07_002_tap_tests_servo_rotary/tool_rotary/results/figures/fft/x/2026-05-07_15-06-00_x315_y315_z60_x_xyz_tool_plastic_tip_no_lock_fs_20000_reciprocating_tap2/fft_magnitude.png,derived,238305,9e7ad592757882acc32e9f07bc8b58f1a833e9a6f2fd8c7241af097e129bfb47,2026-05-20T11:24:16Z,,2026-05-07_002_tap_tests_servo_rotary,,,,,,,,,,,,,,,fft_magnitude
tap-tests,Machine FRF and stability/Tap tests/2026-05-07_002_tap_tests_servo_rotary/tool_rotary/results/figures/fft/x/2026-05-07_15-06-00_x315_y315_z60_x_xyz_tool_plastic_tip_no_lock_fs_20000_reciprocating_tap3/fft_magnitude.png,derived,250047,99d0fa175e707c5964864143fb8844d870c0a10728ef549fe44f84f0fe824c5a,2026-05-20T11:24:20Z,,2026-05-07_002_tap_tests_servo_rotary,,,,,,,,,,,,,,,fft_magnitude
tap-tests,Machine FRF and stability/Tap tests/2026-05-07_002_tap_tests_servo_rotary/tool_rotary/results/figures/fft/x/2026-05-07_15-06-00_x315_y315_z60_x_xyz_tool_plastic_tip_no_lock_fs_20000_reciprocating_tap4/fft_magnitude.png,derived,245057,fc8cbe1fa062b17627f908391b10b74051e14d3878b8ae407900f7e2abd01f4a,2026-05-20T11:24:24Z,,2026-05-07_002_tap_tests_servo_rotary,,,,,,,,,,,,,,,fft_magnitude
tap-tests,Machine FRF and stability/Tap tests/2026-05-07_002_tap_tests_servo_rotary/tool_rotary/results/figures/fft/x/2026-05-07_15-06-00_x315_y315_z60_x_xyz_tool_plastic_tip_no_lock_fs_20000_reciprocating_tap5/fft_magnitude.png,derived,245863,daba020b4aa34f76d1424520c7001e71972533285db2e273986aa08221a93fa6,2026-05-20T11:24:29Z,,2026-05-07_002_tap_tests_servo_rotary,,,,,,,,,,,,,,,fft_magnitude
tap-tests,Machine FRF and stability/Tap tests/2026-05-07_002_tap_tests_servo_rotary/tool_rotary/results/figures/fft/x/2026-05-07_15-06-00_x315_y315_z60_x_xyz_tool_plastic_tip_no_lock_fs_20000_reciprocating_tap6/fft_magnitude.png,derived,249245,83d33fee6e5216e607fcaccc91b3b66cf3ee2d381d4c166dcb4e2aceea7bcf23,2026-05-20T11:24:33Z,,2026-05-07_002_tap_tests_servo_rotary,,,,,,,,,,,,,,,fft_magnitude
tap-tests,Machine FRF and stability/Tap tests/2026-05-07_002_tap_tests_servo_rotary/tool_rotary/results/figures/fft/x/2026-05-07_15-06-00_x315_y315_z60_x_xyz_tool_plastic_tip_no_lock_fs_20000_reciprocating_tap7/fft_magnitude.png,derived,245603,04db86d87eabba0f25f5b602c7be483caf908f85f529cc8f8f675c2f221f5786,2026-05-20T11:24:37Z,,2026-05-07_002_tap_tests_servo_rotary,,,,,,,,,,,,,,,fft_magnitude
tap-tests,Machine FRF and stability/Tap tests/2026-05-07_002_tap_tests_servo_rotary/tool_rotary/results/figures/fft/x/average/fft_magnitude.png,derived,243498,759de82acdddd99a5a2726e837976863d9068c632ee564334febe75f43b63638,2026-05-20T11:25:22Z,,2026-05-07_002_tap_tests_servo_rotary,,,,,,,,,,,,,,,fft_magnitude
tap-tests,Machine FRF and stability/Tap tests/2026-05-07_002_tap_tests_servo_rotary/tool_rotary/results/figures/frequency/x/2026-05-07_15-06-00_x315_y315_z60_x_xyz_tool_plastic_tip_no_lock_fs_20000_reciprocating_tap10/bode_acceleration_force.png,derived,125781,b4a1de54e0986568cfd93eb81013ec2774593a6a6a41e31dde9597af08783255,2026-05-20T11:24:40Z,,2026-05-07_002_tap_tests_servo_rotary,,,,,,,,,,,,,,,bode_acceleration_force
tap-tests,Machine FRF and stability/Tap tests/2026-05-07_002_tap_tests_servo_rotary/tool_rotary/results/figures/frequency/x/2026-05-07_15-06-00_x315_y315_z60_x_xyz_tool_plastic_tip_no_lock_fs_20000_reciprocating_tap10/bode_displacement_force.png,derived,126237,6f8e9e1437dc7cf419d0feecd5cf3ea224df52afb4bf49a6868da6a1a1c74f07,2026-05-20T11:24:40Z,,2026-05-07_002_tap_tests_servo_rotary,,,,,,,,,,,,,,,bode_displacement_force
tap-tests,Machine FRF and stability/Tap tests/2026-05-07_002_tap_tests_servo_rotary/tool_rotary/results/figures/frequency/x/2026-05-07_15-06-00_x315_y315_z60_x_xyz_tool_plastic_tip_no_lock_fs_20000_reciprocating_tap10/coherence.png,derived,79759,9172e9939587320ef68625d1cb87c1db95d12b7e856d49f9344505cbe2b3cb47,2026-05-20T11:24:39Z,,2026-05-07_002_tap_tests_servo_rotary,,,,,,,,,,,,,,,coherence
tap-tests,Machine FRF and stability/Tap tests/2026-05-07_002_tap_tests_servo_rotary/tool_rotary/results/figures/frequency/x/2026-05-07_15-06-00_x315_y315_z60_x_xyz_tool_plastic_tip_no_lock_fs_20000_reciprocating_tap10/force_psd.png,derived,81770,e87e2f472e44c1732421d512dcc473c6592f0893d9f4a2671293afbc22b9a4fc,2026-05-20T11:24:41Z,,2026-05-07_002_tap_tests_servo_rotary,,,,,,,,,,,,,,,force_psd
tap-tests,Machine FRF and stability/Tap tests/2026-05-07_002_tap_tests_servo_rotary/tool_rotary/results/figures/frequency/x/2026-05-07_15-06-00_x315_y315_z60_x_xyz_tool_plastic_tip_no_lock_fs_20000_reciprocating_tap11/bode_acceleration_force.png,derived,125306,f924112e4d959370e53af578b7006222afe49310bd0547b3e591a0b488843a01,2026-05-20T11:24:45Z,,2026-05-07_002_tap_tests_servo_rotary,,,,,,,,,,,,,,,bode_acceleration_force
tap-tests,Machine FRF and stability/Tap tests/2026-05-07_002_tap_tests_servo_rotary/tool_rotary/results/figures/frequency/x/2026-05-07_15-06-00_x315_y315_z60_x_xyz_tool_plastic_tip_no_lock_fs_20000_reciprocating_tap11/bode_displacement_force.png,derived,124651,4547ba956c71dbd37f74ecfd438d21437d0468c5e64a4619e72d4c7204beac3c,2026-05-20T11:24:44Z,,2026-05-07_002_tap_tests_servo_rotary,,,,,,,,,,,,,,,bode_displacement_force
tap-tests,Machine FRF and stability/Tap tests/2026-05-07_002_tap_tests_servo_rotary/tool_rotary/results/figures/frequency/x/2026-05-07_15-06-00_x315_y315_z60_x_xyz_tool_plastic_tip_no_lock_fs_20000_reciprocating_tap11/coherence.png,derived,80828,38f24c79bc0234a94727f3072cebbab1da2ff96730442dc711c72faae9f11d8c,2026-05-20T11:24:44Z,,2026-05-07_002_tap_tests_servo_rotary,,,,,,,,,,,,,,,coherence
tap-tests,Machine FRF and stability/Tap tests/2026-05-07_002_tap_tests_servo_rotary/tool_rotary/results/figures/frequency/x/2026-05-07_15-06-00_x315_y315_z60_x_xyz_tool_plastic_tip_no_lock_fs_20000_reciprocating_tap11/force_psd.png,derived,79395,e8a93d5864c09309ea72c86ce654fb59dca88770b56754644ef1ab5bd538d367,2026-05-20T11:24:45Z,,2026-05-07_002_tap_tests_servo_rotary,,,,,,,,,,,,,,,force_psd
tap-tests,Machine FRF and stability/Tap tests/2026-05-07_002_tap_tests_servo_rotary/tool_rotary/results/figures/frequency/x/2026-05-07_15-06-00_x315_y315_z60_x_xyz_tool_plastic_tip_no_lock_fs_20000_reciprocating_tap12/bode_acceleration_force.png,derived,120996,c5ebe58395960b633e01c2298335efb0280157eb408faaedd40618159ea3b60a,2026-05-20T11:24:49Z,,2026-05-07_002_tap_tests_servo_rotary,,,,,,,,,,,,,,,bode_acceleration_force
tap-tests,Machine FRF and stability/Tap tests/2026-05-07_002_tap_tests_servo_rotary/tool_rotary/results/figures/frequency/x/2026-05-07_15-06-00_x315_y315_z60_x_xyz_tool_plastic_tip_no_lock_fs_20000_reciprocating_tap12/bode_displacement_force.png,derived,119273,b3a6b56cbfe0a0bcd17f33280edcab4a80444a40c47495b87603da674c010352,2026-05-20T11:24:48Z,,2026-05-07_002_tap_tests_servo_rotary,,,,,,,,,,,,,,,bode_displacement_force
tap-tests,Machine FRF and stability/Tap tests/2026-05-07_002_tap_tests_servo_rotary/tool_rotary/results/figures/frequency/x/2026-05-07_15-06-00_x315_y315_z60_x_xyz_tool_plastic_tip_no_lock_fs_20000_reciprocating_tap12/coherence.png,derived,78560,a731039d718227f5c9b0648093a0a8627a7f6f0bf312b9599e7c95e886549680,2026-05-20T11:24:48Z,,2026-05-07_002_tap_tests_servo_rotary,,,,,,,,,,,,,,,coherence
tap-tests,Machine FRF and stability/Tap tests/2026-05-07_002_tap_tests_servo_rotary/tool_rotary/results/figures/frequency/x/2026-05-07_15-06-00_x315_y315_z60_x_xyz_tool_plastic_tip_no_lock_fs_20000_reciprocating_tap12/force_psd.png,derived,82062,ef3f3b3eb555e64ea5f10bca443778ca35a161fa620a05c21134344ac51bd6a0,2026-05-20T11:24:49Z,,2026-05-07_002_tap_tests_servo_rotary,,,,,,,,,,,,,,,force_psd
tap-tests,Machine FRF and stability/Tap tests/2026-05-07_002_tap_tests_servo_rotary/tool_rotary/results/figures/frequency/x/2026-05-07_15-06-00_x315_y315_z60_x_xyz_tool_plastic_tip_no_lock_fs_20000_reciprocating_tap13/bode_acceleration_force.png,derived,124393,b66857a93878a2fc053834b04845696d87fbae427239d8736ce5888b87f3e4d5,2026-05-20T11:24:59Z,,2026-05-07_002_tap_tests_servo_rotary,,,,,,,,,,,,,,,bode_acceleration_force
tap-tests,Machine FRF and stability/Tap tests/2026-05-07_002_tap_tests_servo_rotary/tool_rotary/results/figures/frequency/x/2026-05-07_15-06-00_x315_y315_z60_x_xyz_tool_plastic_tip_no_lock_fs_20000_reciprocating_tap13/bode_displacement_force.png,derived,121690,f92c18740b5d88137361e3235de0ab0e9d320eb67bac3a9593b2d9d7a3aaf69e,2026-05-20T11:24:57Z,,2026-05-07_002_tap_tests_servo_rotary,,,,,,,,,,,,,,,bode_displacement_force
tap-tests,Machine FRF and stability/Tap tests/2026-05-07_002_tap_tests_servo_rotary/tool_rotary/results/figures/frequency/x/2026-05-07_15-06-00_x315_y315_z60_x_xyz_tool_plastic_tip_no_lock_fs_20000_reciprocating_tap13/coherence.png,derived,80860,179e5cc093ca16821b3bb78f63d8b32c4ea6671d290426d2cf5d915c791a158f,2026-05-20T11:24:56Z,,2026-05-07_002_tap_tests_servo_rotary,,,,,,,,,,,,,,,coherence
tap-tests,Machine FRF and stability/Tap tests/2026-05-07_002_tap_tests_servo_rotary/tool_rotary/results/figures/frequency/x/2026-05-07_15-06-00_x315_y315_z60_x_xyz_tool_plastic_tip_no_lock_fs_20000_reciprocating_tap13/force_psd.png,derived,82055,8deb4e2fc14693cb7fcc804880732940faca9f68ae2dfcc6a118ec62168096e4,2026-05-20T11:24:59Z,,2026-05-07_002_tap_tests_servo_rotary,,,,,,,,,,,,,,,force_psd
tap-tests,Machine FRF and stability/Tap tests/2026-05-07_002_tap_tests_servo_rotary/tool_rotary/results/figures/frequency/x/2026-05-07_15-06-00_x315_y315_z60_x_xyz_tool_plastic_tip_no_lock_fs_20000_reciprocating_tap14/bode_acceleration_force.png,derived,131103,7715da319a3ba76af4679982d1777a4b71ef79c5f189dc070207e200a8069974,2026-05-20T11:25:10Z,,2026-05-07_002_tap_tests_servo_rotary,,,,,,,,,,,,,,,bode_acceleration_force
tap-tests,Machine FRF and stability/Tap tests/2026-05-07_002_tap_tests_servo_rotary/tool_rotary/results/figures/frequency/x/2026-05-07_15-06-00_x315_y315_z60_x_xyz_tool_plastic_tip_no_lock_fs_20000_reciprocating_tap14/bode_displacement_force.png,derived,127384,adfefe28e7669e845cc4602fdee14b9761d2fb6b30e4a6cba82470a0831c6706,2026-05-20T11:25:09Z,,2026-05-07_002_tap_tests_servo_rotary,,,,,,,,,,,,,,,bode_displacement_force
tap-tests,Machine FRF and stability/Tap tests/2026-05-07_002_tap_tests_servo_rotary/tool_rotary/results/figures/frequency/x/2026-05-07_15-06-00_x315_y315_z60_x_xyz_tool_plastic_tip_no_lock_fs_20000_reciprocating_tap14/coherence.png,derived,81115,4e11066d40029216a6658be529cd26b398a23748e4c46171ff3781bc6a914eda,2026-05-20T11:25:07Z,,2026-05-07_002_tap_tests_servo_rotary,,,,,,,,,,,,,,,coherence
tap-tests,Machine FRF and stability/Tap tests/2026-05-07_002_tap_tests_servo_rotary/tool_rotary/results/figures/frequency/x/2026-05-07_15-06-00_x315_y315_z60_x_xyz_tool_plastic_tip_no_lock_fs_20000_reciprocating_tap14/force_psd.png,derived,77886,c92c245671432cf79315e0e747f6ddd0bd3d6ab1fec3d13332a999840e84342b,2026-05-20T11:25:11Z,,2026-05-07_002_tap_tests_servo_rotary,,,,,,,,,,,,,,,force_psd
tap-tests,Machine FRF and stability/Tap tests/2026-05-07_002_tap_tests_servo_rotary/tool_rotary/results/figures/frequency/x/2026-05-07_15-06-00_x315_y315_z60_x_xyz_tool_plastic_tip_no_lock_fs_20000_reciprocating_tap2/bode_acceleration_force.png,derived,122298,be2aa362d1931747883394821b47a3a3a9b064a0a554abd78f17573716d170c5,2026-05-20T11:24:15Z,,2026-05-07_002_tap_tests_servo_rotary,,,,,,,,,,,,,,,bode_acceleration_force
tap-tests,Machine FRF and stability/Tap tests/2026-05-07_002_tap_tests_servo_rotary/tool_rotary/results/figures/frequency/x/2026-05-07_15-06-00_x315_y315_z60_x_xyz_tool_plastic_tip_no_lock_fs_20000_reciprocating_tap2/bode_displacement_force.png,derived,122902,f9f3c24b9a57fd9317c7d13125ce49fd95e7d82b39bb6a8375e2e2ad656ac31d,2026-05-20T11:24:14Z,,2026-05-07_002_tap_tests_servo_rotary,,,,,,,,,,,,,,,bode_displacement_force
tap-tests,Machine FRF and stability/Tap tests/2026-05-07_002_tap_tests_servo_rotary/tool_rotary/results/figures/frequency/x/2026-05-07_15-06-00_x315_y315_z60_x_xyz_tool_plastic_tip_no_lock_fs_20000_reciprocating_tap2/coherence.png,derived,79320,8b2fbdebfb3010af33552bbe562ca2876a7f670ef32536f84b403e8f1ae19259,2026-05-20T11:24:13Z,,2026-05-07_002_tap_tests_servo_rotary,,,,,,,,,,,,,,,coherence
tap-tests,Machine FRF and stability/Tap tests/2026-05-07_002_tap_tests_servo_rotary/tool_rotary/results/figures/frequency/x/2026-05-07_15-06-00_x315_y315_z60_x_xyz_tool_plastic_tip_no_lock_fs_20000_reciprocating_tap2/force_psd.png,derived,86101,e8e160f0f12fd2d2fa2bcb46bedde072c008012c8784566af0719e138cd98616,2026-05-20T11:24:15Z,,2026-05-07_002_tap_tests_servo_rotary,,,,,,,,,,,,,,,force_psd
tap-tests,Machine FRF and stability/Tap tests/2026-05-07_002_tap_tests_servo_rotary/tool_rotary/results/figures/frequency/x/2026-05-07_15-06-00_x315_y315_z60_x_xyz_tool_plastic_tip_no_lock_fs_20000_reciprocating_tap3/bode_acceleration_force.png,derived,128018,e8d9eaaea886480d3278c981f08b52961effa6707c4b15545055b7eb0e6fbea8,2026-05-20T11:24:19Z,,2026-05-07_002_tap_tests_servo_rotary,,,,,,,,,,,,,,,bode_acceleration_force
tap-tests,Machine FRF and stability/Tap tests/2026-05-07_002_tap_tests_servo_rotary/tool_rotary/results/figures/frequency/x/2026-05-07_15-06-00_x315_y315_z60_x_xyz_tool_plastic_tip_no_lock_fs_20000_reciprocating_tap3/bode_displacement_force.png,derived,126786,f6ee8e9a0b705cad88c29dd8c4998ad40756260c11e113d093effeb00c400c6e,2026-05-20T11:24:18Z,,2026-05-07_002_tap_tests_servo_rotary,,,,,,,,,,,,,,,bode_displacement_force
tap-tests,Machine FRF and stability/Tap tests/2026-05-07_002_tap_tests_servo_rotary/tool_rotary/results/figures/frequency/x/2026-05-07_15-06-00_x315_y315_z60_x_xyz_tool_plastic_tip_no_lock_fs_20000_reciprocating_tap3/coherence.png,derived,81387,91f421b32c405793e392c9be5d0f93c8dc12fa96283a4eb420e7888a1eb4dbb9,2026-05-20T11:24:18Z,,2026-05-07_002_tap_tests_servo_rotary,,,,,,,,,,,,,,,coherence
tap-tests,Machine FRF and stability/Tap tests/2026-05-07_002_tap_tests_servo_rotary/tool_rotary/results/figures/frequency/x/2026-05-07_15-06-00_x315_y315_z60_x_xyz_tool_plastic_tip_no_lock_fs_20000_reciprocating_tap3/force_psd.png,derived,82446,91c6ef687122e802282ae574ad5d19f044813874c17c9e4772afba5f9e4a2345,2026-05-20T11:24:19Z,,2026-05-07_002_tap_tests_servo_rotary,,,,,,,,,,,,,,,force_psd
tap-tests,Machine FRF and stability/Tap tests/2026-05-07_002_tap_tests_servo_rotary/tool_rotary/results/figures/frequency/x/2026-05-07_15-06-00_x315_y315_z60_x_xyz_tool_plastic_tip_no_lock_fs_20000_reciprocating_tap4/bode_acceleration_force.png,derived,123271,55f58fd08940fd34f400a25def42eb0bb178130b58a07c130adeb3047e9a22bc,2026-05-20T11:24:23Z,,2026-05-07_002_tap_tests_servo_rotary,,,,,,,,,,,,,,,bode_acceleration_force
tap-tests,Machine FRF and stability/Tap tests/2026-05-07_002_tap_tests_servo_rotary/tool_rotary/results/figures/frequency/x/2026-05-07_15-06-00_x315_y315_z60_x_xyz_tool_plastic_tip_no_lock_fs_20000_reciprocating_tap4/bode_displacement_force.png,derived,122744,139ed19709f80dbc1ea8dd947f58666297910786094be46b12fe49a4eb212603,2026-05-20T11:24:23Z,,2026-05-07_002_tap_tests_servo_rotary,,,,,,,,,,,,,,,bode_displacement_force
tap-tests,Machine FRF and stability/Tap tests/2026-05-07_002_tap_tests_servo_rotary/tool_rotary/results/figures/frequency/x/2026-05-07_15-06-00_x315_y315_z60_x_xyz_tool_plastic_tip_no_lock_fs_20000_reciprocating_tap4/coherence.png,derived,86216,55a310e70f1ddc9a95061e8f406cf67d1f8781b4c66e7934ad80fe6517dc9b85,2026-05-20T11:24:22Z,,2026-05-07_002_tap_tests_servo_rotary,,,,,,,,,,,,,,,coherence
tap-tests,Machine FRF and stability/Tap tests/2026-05-07_002_tap_tests_servo_rotary/tool_rotary/results/figures/frequency/x/2026-05-07_15-06-00_x315_y315_z60_x_xyz_tool_plastic_tip_no_lock_fs_20000_reciprocating_tap4/force_psd.png,derived,83516,97981a7939cca17ab96f6ce9099f432fee384fbc13fe794ca7013bca005335ff,2026-05-20T11:24:24Z,,2026-05-07_002_tap_tests_servo_rotary,,,,,,,,,,,,,,,force_psd
tap-tests,Machine FRF and stability/Tap tests/2026-05-07_002_tap_tests_servo_rotary/tool_rotary/results/figures/frequency/x/2026-05-07_15-06-00_x315_y315_z60_x_xyz_tool_plastic_tip_no_lock_fs_20000_reciprocating_tap5/bode_acceleration_force.png,derived,122450,264b1551d7a86ffc4498b32f13160589b8ebdf6a800e1b51bbc1b8200a93b9c5,2026-05-20T11:24:28Z,,2026-05-07_002_tap_tests_servo_rotary,,,,,,,,,,,,,,,bode_acceleration_force
tap-tests,Machine FRF and stability/Tap tests/2026-05-07_002_tap_tests_servo_rotary/tool_rotary/results/figures/frequency/x/2026-05-07_15-06-00_x315_y315_z60_x_xyz_tool_plastic_tip_no_lock_fs_20000_reciprocating_tap5/bode_displacement_force.png,derived,121143,fbba6ac06f044b161a06fa60a9b016233960ba41dc1871d6ddd9c6023812e639,2026-05-20T11:24:27Z,,2026-05-07_002_tap_tests_servo_rotary,,,,,,,,,,,,,,,bode_displacement_force
tap-tests,Machine FRF and stability/Tap tests/2026-05-07_002_tap_tests_servo_rotary/tool_rotary/results/figures/frequency/x/2026-05-07_15-06-00_x315_y315_z60_x_xyz_tool_plastic_tip_no_lock_fs_20000_reciprocating_tap5/coherence.png,derived,81868,9a2b8658bc53b17de2abc1db6932972e6b900c4ca1e1d037ae828e5ad478ba8e,2026-05-20T11:24:26Z,,2026-05-07_002_tap_tests_servo_rotary,,,,,,,,,,,,,,,coherence
tap-tests,Machine FRF and stability/Tap tests/2026-05-07_002_tap_tests_servo_rotary/tool_rotary/results/figures/frequency/x/2026-05-07_15-06-00_x315_y315_z60_x_xyz_tool_plastic_tip_no_lock_fs_20000_reciprocating_tap5/force_psd.png,derived,82569,e87a69967e670a2de3475eaabaae29087cc822aa1541926053c3eee00660927f,2026-05-20T11:24:28Z,,2026-05-07_002_tap_tests_servo_rotary,,,,,,,,,,,,,,,force_psd
tap-tests,Machine FRF and stability/Tap tests/2026-05-07_002_tap_tests_servo_rotary/tool_rotary/results/figures/frequency/x/2026-05-07_15-06-00_x315_y315_z60_x_xyz_tool_plastic_tip_no_lock_fs_20000_reciprocating_tap6/bode_acceleration_force.png,derived,122652,f81ebfec522b10ee068370bee4188279a0a924261d02b92decf855a7f4a4df62,2026-05-20T11:24:32Z,,2026-05-07_002_tap_tests_servo_rotary,,,,,,,,,,,,,,,bode_acceleration_force
tap-tests,Machine FRF and stability/Tap tests/2026-05-07_002_tap_tests_servo_rotary/tool_rotary/results/figures/frequency/x/2026-05-07_15-06-00_x315_y315_z60_x_xyz_tool_plastic_tip_no_lock_fs_20000_reciprocating_tap6/bode_displacement_force.png,derived,122698,f6b177e83403d370eac028b96e020c9535d71c09bf6f0f5f66fd375d384eafdf,2026-05-20T11:24:31Z,,2026-05-07_002_tap_tests_servo_rotary,,,,,,,,,,,,,,,bode_displacement_force
tap-tests,Machine FRF and stability/Tap tests/2026-05-07_002_tap_tests_servo_rotary/tool_rotary/results/figures/frequency/x/2026-05-07_15-06-00_x315_y315_z60_x_xyz_tool_plastic_tip_no_lock_fs_20000_reciprocating_tap6/coherence.png,derived,83107,7bd415435ffe88068e10e2cfad2b34b68367894b43368d5c17cc188328c23834,2026-05-20T11:24:31Z,,2026-05-07_002_tap_tests_servo_rotary,,,,,,,,,,,,,,,coherence
tap-tests,Machine FRF and stability/Tap tests/2026-05-07_002_tap_tests_servo_rotary/tool_rotary/results/figures/frequency/x/2026-05-07_15-06-00_x315_y315_z60_x_xyz_tool_plastic_tip_no_lock_fs_20000_reciprocating_tap6/force_psd.png,derived,83014,6338de8fecea41eccccc3e913e39eb9ae9a15896459486345226e494d5240cbb,2026-05-20T11:24:32Z,,2026-05-07_002_tap_tests_servo_rotary,,,,,,,,,,,,,,,force_psd
tap-tests,Machine FRF and stability/Tap tests/2026-05-07_002_tap_tests_servo_rotary/tool_rotary/results/figures/frequency/x/2026-05-07_15-06-00_x315_y315_z60_x_xyz_tool_plastic_tip_no_lock_fs_20000_reciprocating_tap7/bode_acceleration_force.png,derived,127709,aff5a74022c4304d11e5bc6e7aca12461199a7e0e373a12f2d7180add4043f46,2026-05-20T11:24:36Z,,2026-05-07_002_tap_tests_servo_rotary,,,,,,,,,,,,,,,bode_acceleration_force
tap-tests,Machine FRF and stability/Tap tests/2026-05-07_002_tap_tests_servo_rotary/tool_rotary/results/figures/frequency/x/2026-05-07_15-06-00_x315_y315_z60_x_xyz_tool_plastic_tip_no_lock_fs_20000_reciprocating_tap7/bode_displacement_force.png,derived,126177,df8f826f043298ab3fe120070f187fc98638a93a6ca4eb76bd6e90da83fd2b2d,2026-05-20T11:24:36Z,,2026-05-07_002_tap_tests_servo_rotary,,,,,,,,,,,,,,,bode_displacement_force
tap-tests,Machine FRF and stability/Tap tests/2026-05-07_002_tap_tests_servo_rotary/tool_rotary/results/figures/frequency/x/2026-05-07_15-06-00_x315_y315_z60_x_xyz_tool_plastic_tip_no_lock_fs_20000_reciprocating_tap7/coherence.png,derived,75268,6ad625ef9a291b236aaf9efb7d87cdb7dd8aea2a65e23e774373d3bd93bbbd8c,2026-05-20T11:24:35Z,,2026-05-07_002_tap_tests_servo_rotary,,,,,,,,,,,,,,,coherence
tap-tests,Machine FRF and stability/Tap tests/2026-05-07_002_tap_tests_servo_rotary/tool_rotary/results/figures/frequency/x/2026-05-07_15-06-00_x315_y315_z60_x_xyz_tool_plastic_tip_no_lock_fs_20000_reciprocating_tap7/force_psd.png,derived,79066,bdfce907c664fac7567512a69aad021bf3c6a02a83ac5f36409a8ab6e577039e,2026-05-20T11:24:36Z,,2026-05-07_002_tap_tests_servo_rotary,,,,,,,,,,,,,,,force_psd
tap-tests,Machine FRF and stability/Tap tests/2026-05-07_002_tap_tests_servo_rotary/tool_rotary/results/figures/frequency/x/average/bode_acceleration_force.png,derived,130139,9a39282f500bc76921e7ab84196fe131610ee767cfde20142cb90def1e79e274,2026-05-20T11:25:20Z,,2026-05-07_002_tap_tests_servo_rotary,,,,,,,,,,,,,,,bode_acceleration_force
tap-tests,Machine FRF and stability/Tap tests/2026-05-07_002_tap_tests_servo_rotary/tool_rotary/results/figures/frequency/x/average/bode_displacement_force.png,derived,113549,37b031425088a8c6909321f93d48959e7835560468cae8f5c894e56f46f878af,2026-05-20T11:25:18Z,,2026-05-07_002_tap_tests_servo_rotary,,,,,,,,,,,,,,,bode_displacement_force
tap-tests,Machine FRF and stability/Tap tests/2026-05-07_002_tap_tests_servo_rotary/tool_rotary/results/figures/frequency/x/average/coherence.png,derived,72536,51b9f9746729d893cc81800a1bb83f9ddc3eb684cb3c88c3c9097957379b72cf,2026-05-20T11:25:18Z,,2026-05-07_002_tap_tests_servo_rotary,,,,,,,,,,,,,,,coherence
tap-tests,Machine FRF and stability/Tap tests/2026-05-07_002_tap_tests_servo_rotary/tool_rotary/results/figures/frequency/x/average/force_psd.png,derived,75213,1a54024cf0a43cd40c5b12447d698d6ed09f411321258ec821acf3f9417e7d45,2026-05-20T11:25:21Z,,2026-05-07_002_tap_tests_servo_rotary,,,,,,,,,,,,,,,force_psd
tap-tests,Machine FRF and stability/Tap tests/2026-05-07_002_tap_tests_servo_rotary/tool_rotary/results/figures/raw/x/2026-05-07_15-06-00_x315_y315_z60_x_xyz_tool_plastic_tip_no_lock_fs_20000_reciprocating_tap10/mosaic.png,derived,245818,5d0d77beb941cf18087728178c019218c686ea6dc9abec5234833936655ff45c,2026-05-20T11:24:41Z,,2026-05-07_002_tap_tests_servo_rotary,,,,,,,,,,,,,,,mosaic
tap-tests,Machine FRF and stability/Tap tests/2026-05-07_002_tap_tests_servo_rotary/tool_rotary/results/figures/raw/x/2026-05-07_15-06-00_x315_y315_z60_x_xyz_tool_plastic_tip_no_lock_fs_20000_reciprocating_tap11/mosaic.png,derived,245674,c6b2fab6f1dbf2fe2b95a858cac9cc5356d5a50003077049d1435a96e3dcb8e2,2026-05-20T11:24:46Z,,2026-05-07_002_tap_tests_servo_rotary,,,,,,,,,,,,,,,mosaic
tap-tests,Machine FRF and stability/Tap tests/2026-05-07_002_tap_tests_servo_rotary/tool_rotary/results/figures/raw/x/2026-05-07_15-06-00_x315_y315_z60_x_xyz_tool_plastic_tip_no_lock_fs_20000_reciprocating_tap12/mosaic.png,derived,248743,5c33e51cfb4fd75b42d17c2c170c78ac88a012b48a519c52cb728264fd2c1376,2026-05-20T11:24:50Z,,2026-05-07_002_tap_tests_servo_rotary,,,,,,,,,,,,,,,mosaic
tap-tests,Machine FRF and stability/Tap tests/2026-05-07_002_tap_tests_servo_rotary/tool_rotary/results/figures/raw/x/2026-05-07_15-06-00_x315_y315_z60_x_xyz_tool_plastic_tip_no_lock_fs_20000_reciprocating_tap13/mosaic.png,derived,242937,ea76e6c08e7b5301ffba675ccbf58e15046eeb4c0a8fa2561aa36e1d9d5c3d05,2026-05-20T11:25:01Z,,2026-05-07_002_tap_tests_servo_rotary,,,,,,,,,,,,,,,mosaic
tap-tests,Machine FRF and stability/Tap tests/2026-05-07_002_tap_tests_servo_rotary/tool_rotary/results/figures/raw/x/2026-05-07_15-06-00_x315_y315_z60_x_xyz_tool_plastic_tip_no_lock_fs_20000_reciprocating_tap14/mosaic.png,derived,241617,13972eb273dbfadb07b0fdab60651f8b38034ec19f0f880f461a680f088f8bda,2026-05-20T11:25:12Z,,2026-05-07_002_tap_tests_servo_rotary,,,,,,,,,,,,,,,mosaic
tap-tests,Machine FRF and stability/Tap tests/2026-05-07_002_tap_tests_servo_rotary/tool_rotary/results/figures/raw/x/2026-05-07_15-06-00_x315_y315_z60_x_xyz_tool_plastic_tip_no_lock_fs_20000_reciprocating_tap2/mosaic.png,derived,247541,ebae550f0ac4a88e863174ea2c93c07f41458e7b867395ed75759c8ad68d900b,2026-05-20T11:24:15Z,,2026-05-07_002_tap_tests_servo_rotary,,,,,,,,,,,,,,,mosaic
tap-tests,Machine FRF and stability/Tap tests/2026-05-07_002_tap_tests_servo_rotary/tool_rotary/results/figures/raw/x/2026-05-07_15-06-00_x315_y315_z60_x_xyz_tool_plastic_tip_no_lock_fs_20000_reciprocating_tap3/mosaic.png,derived,243649,dc13a1dabb02f7697d0595b48a0bc4049cbb55626d3e1c2382b260214b54dd16,2026-05-20T11:24:20Z,,2026-05-07_002_tap_tests_servo_rotary,,,,,,,,,,,,,,,mosaic
tap-tests,Machine FRF and stability/Tap tests/2026-05-07_002_tap_tests_servo_rotary/tool_rotary/results/figures/raw/x/2026-05-07_15-06-00_x315_y315_z60_x_xyz_tool_plastic_tip_no_lock_fs_20000_reciprocating_tap4/mosaic.png,derived,242760,3315aedb399e36a191c6277978f5818413915fa4ddb5fe4130043b7752cafd48,2026-05-20T11:24:24Z,,2026-05-07_002_tap_tests_servo_rotary,,,,,,,,,,,,,,,mosaic
tap-tests,Machine FRF and stability/Tap tests/2026-05-07_002_tap_tests_servo_rotary/tool_rotary/results/figures/raw/x/2026-05-07_15-06-00_x315_y315_z60_x_xyz_tool_plastic_tip_no_lock_fs_20000_reciprocating_tap5/mosaic.png,derived,249763,afcc8dd1e4e3d7fa77f75cc6c842e75d5d389b9481c8dbb0996be05d8b4c61f6,2026-05-20T11:24:28Z,,2026-05-07_002_tap_tests_servo_rotary,,,,,,,,,,,,,,,mosaic
tap-tests,Machine FRF and stability/Tap tests/2026-05-07_002_tap_tests_servo_rotary/tool_rotary/results/figures/raw/x/2026-05-07_15-06-00_x315_y315_z60_x_xyz_tool_plastic_tip_no_lock_fs_20000_reciprocating_tap6/mosaic.png,derived,245016,7bc39be98817beb9f508f742ac8da9a6d2dabef01b25bd24fd2f4c87207fd326,2026-05-20T11:24:33Z,,2026-05-07_002_tap_tests_servo_rotary,,,,,,,,,,,,,,,mosaic
tap-tests,Machine FRF and stability/Tap tests/2026-05-07_002_tap_tests_servo_rotary/tool_rotary/results/figures/raw/x/2026-05-07_15-06-00_x315_y315_z60_x_xyz_tool_plastic_tip_no_lock_fs_20000_reciprocating_tap7/mosaic.png,derived,245006,329b484e25a425639772a1dde4cc2f94118316850e7534de69159b590aea78f1,2026-05-20T11:24:37Z,,2026-05-07_002_tap_tests_servo_rotary,,,,,,,,,,,,,,,mosaic
tap-tests,Machine FRF and stability/Tap tests/2026-05-07_002_tap_tests_servo_rotary/tool_rotary/results/figures/time/x/2026-05-07_15-06-00_x315_y315_z60_x_xyz_tool_plastic_tip_no_lock_fs_20000_reciprocating_tap10/force.png,derived,56322,6c896b71df270e24b8f7a17ac9cc9cd15e4d542790a81d4edd0494e94ec68116,2026-05-20T11:24:38Z,,2026-05-07_002_tap_tests_servo_rotary,,,,,,,,,,,,,,,force
tap-tests,Machine FRF and stability/Tap tests/2026-05-07_002_tap_tests_servo_rotary/tool_rotary/results/figures/time/x/2026-05-07_15-06-00_x315_y315_z60_x_xyz_tool_plastic_tip_no_lock_fs_20000_reciprocating_tap10/force_detrended.png,derived,57672,85690f8716baad485c7ae881f6d97025454fdf942446155f815c68a5cfee9b2a,2026-05-20T11:24:38Z,,2026-05-07_002_tap_tests_servo_rotary,,,,,,,,,,,,,,,force_detrended
tap-tests,Machine FRF and stability/Tap tests/2026-05-07_002_tap_tests_servo_rotary/tool_rotary/results/figures/time/x/2026-05-07_15-06-00_x315_y315_z60_x_xyz_tool_plastic_tip_no_lock_fs_20000_reciprocating_tap10/force_window.png,derived,46874,6002c71043ac03440a31b01d32c846b7e3d4053ae76b67a71ec4543bfd43c4f1,2026-05-20T11:24:38Z,,2026-05-07_002_tap_tests_servo_rotary,,,,,,,,,,,,,,,force_window
tap-tests,Machine FRF and stability/Tap tests/2026-05-07_002_tap_tests_servo_rotary/tool_rotary/results/figures/time/x/2026-05-07_15-06-00_x315_y315_z60_x_xyz_tool_plastic_tip_no_lock_fs_20000_reciprocating_tap10/force_windowed.png,derived,41643,a386a3a16630ce44e4d89d1f3f7b39825efe40d9867eaea4b5816b3c8a4ab398,2026-05-20T11:24:39Z,,2026-05-07_002_tap_tests_servo_rotary,,,,,,,,,,,,,,,force_windowed
tap-tests,Machine FRF and stability/Tap tests/2026-05-07_002_tap_tests_servo_rotary/tool_rotary/results/figures/time/x/2026-05-07_15-06-00_x315_y315_z60_x_xyz_tool_plastic_tip_no_lock_fs_20000_reciprocating_tap10/response.png,derived,60704,81f70e40860478c4b162481bb92077cd00ea6aa600f7fde9edb66aef463a4acf,2026-05-20T11:24:38Z,,2026-05-07_002_tap_tests_servo_rotary,,,,,,,,,,,,,,,response
tap-tests,Machine FRF and stability/Tap tests/2026-05-07_002_tap_tests_servo_rotary/tool_rotary/results/figures/time/x/2026-05-07_15-06-00_x315_y315_z60_x_xyz_tool_plastic_tip_no_lock_fs_20000_reciprocating_tap10/response_detrended.png,derived,62902,d1c1e330f7f56264bb4b35578bad4019ca681e16bb56a356944d95dd5b982ed3,2026-05-20T11:24:39Z,,2026-05-07_002_tap_tests_servo_rotary,,,,,,,,,,,,,,,response_detrended
tap-tests,Machine FRF and stability/Tap tests/2026-05-07_002_tap_tests_servo_rotary/tool_rotary/results/figures/time/x/2026-05-07_15-06-00_x315_y315_z60_x_xyz_tool_plastic_tip_no_lock_fs_20000_reciprocating_tap10/response_wiener.png,derived,55763,212ea400b659ba091d55144e65cb4c8e5a38368b11a377c59bd4e6a4b75c528b,2026-05-20T11:24:39Z,,2026-05-07_002_tap_tests_servo_rotary,,,,,,,,,,,,,,,response_wiener
tap-tests,Machine FRF and stability/Tap tests/2026-05-07_002_tap_tests_servo_rotary/tool_rotary/results/figures/time/x/2026-05-07_15-06-00_x315_y315_z60_x_xyz_tool_plastic_tip_no_lock_fs_20000_reciprocating_tap10/response_window.png,derived,64238,62f932417fb6d83de1e23d9cc6287a285b625aa7cf7f5cd950b4139e6bf6bed1,2026-05-20T11:24:39Z,,2026-05-07_002_tap_tests_servo_rotary,,,,,,,,,,,,,,,response_window
tap-tests,Machine FRF and stability/Tap tests/2026-05-07_002_tap_tests_servo_rotary/tool_rotary/results/figures/time/x/2026-05-07_15-06-00_x315_y315_z60_x_xyz_tool_plastic_tip_no_lock_fs_20000_reciprocating_tap10/response_windowed.png,derived,54279,57fc26bc160de63361ee3977b40918be813af273b276bacb38e08779a7eeb4d1,2026-05-20T11:24:39Z,,2026-05-07_002_tap_tests_servo_rotary,,,,,,,,,,,,,,,response_windowed
tap-tests,Machine FRF and stability/Tap tests/2026-05-07_002_tap_tests_servo_rotary/tool_rotary/results/figures/time/x/2026-05-07_15-06-00_x315_y315_z60_x_xyz_tool_plastic_tip_no_lock_fs_20000_reciprocating_tap11/force.png,derived,55056,21cefb66a4c75cd67705489f2fa48f385b6d780bd00eb16b9ab317579cfb8312,2026-05-20T11:24:42Z,,2026-05-07_002_tap_tests_servo_rotary,,,,,,,,,,,,,,,force
tap-tests,Machine FRF and stability/Tap tests/2026-05-07_002_tap_tests_servo_rotary/tool_rotary/results/figures/time/x/2026-05-07_15-06-00_x315_y315_z60_x_xyz_tool_plastic_tip_no_lock_fs_20000_reciprocating_tap11/force_detrended.png,derived,57097,2fa63af60a0142522df8d4ed4becff682978e9355dcafcf5d6661aadfd3898e0,2026-05-20T11:24:43Z,,2026-05-07_002_tap_tests_servo_rotary,,,,,,,,,,,,,,,force_detrended
tap-tests,Machine FRF and stability/Tap tests/2026-05-07_002_tap_tests_servo_rotary/tool_rotary/results/figures/time/x/2026-05-07_15-06-00_x315_y315_z60_x_xyz_tool_plastic_tip_no_lock_fs_20000_reciprocating_tap11/force_window.png,derived,46834,2c18868733840ae2cabf2a6bde987130fdc2ea6f6a7dad402dc983fd58aeab5c,2026-05-20T11:24:43Z,,2026-05-07_002_tap_tests_servo_rotary,,,,,,,,,,,,,,,force_window
tap-tests,Machine FRF and stability/Tap tests/2026-05-07_002_tap_tests_servo_rotary/tool_rotary/results/figures/time/x/2026-05-07_15-06-00_x315_y315_z60_x_xyz_tool_plastic_tip_no_lock_fs_20000_reciprocating_tap11/force_windowed.png,derived,40892,78145d19241ba30c226fe4420f4c46b907675c05d3bdf713dcf0309027de5a89,2026-05-20T11:24:43Z,,2026-05-07_002_tap_tests_servo_rotary,,,,,,,,,,,,,,,force_windowed
tap-tests,Machine FRF and stability/Tap tests/2026-05-07_002_tap_tests_servo_rotary/tool_rotary/results/figures/time/x/2026-05-07_15-06-00_x315_y315_z60_x_xyz_tool_plastic_tip_no_lock_fs_20000_reciprocating_tap11/response.png,derived,60736,94f2a74648331197ad4bbb7c481114a8091b2fa426fe788dc701090f659a904a,2026-05-20T11:24:43Z,,2026-05-07_002_tap_tests_servo_rotary,,,,,,,,,,,,,,,response
tap-tests,Machine FRF and stability/Tap tests/2026-05-07_002_tap_tests_servo_rotary/tool_rotary/results/figures/time/x/2026-05-07_15-06-00_x315_y315_z60_x_xyz_tool_plastic_tip_no_lock_fs_20000_reciprocating_tap11/response_detrended.png,derived,62770,6bda0b80bff945d7712eb1110fe201acd8d121c387c8f96ab717c1353859c33c,2026-05-20T11:24:43Z,,2026-05-07_002_tap_tests_servo_rotary,,,,,,,,,,,,,,,response_detrended
tap-tests,Machine FRF and stability/Tap tests/2026-05-07_002_tap_tests_servo_rotary/tool_rotary/results/figures/time/x/2026-05-07_15-06-00_x315_y315_z60_x_xyz_tool_plastic_tip_no_lock_fs_20000_reciprocating_tap11/response_wiener.png,derived,54962,0213e958d01c5b9bcf140736b6fbd7c2987dc352bba3c55c81ada2fdda4f7419,2026-05-20T11:24:43Z,,2026-05-07_002_tap_tests_servo_rotary,,,,,,,,,,,,,,,response_wiener
tap-tests,Machine FRF and stability/Tap tests/2026-05-07_002_tap_tests_servo_rotary/tool_rotary/results/figures/time/x/2026-05-07_15-06-00_x315_y315_z60_x_xyz_tool_plastic_tip_no_lock_fs_20000_reciprocating_tap11/response_window.png,derived,65863,ab39095c412279f0ded8f80d662cc9e83732c46f42a0bb7320ffd90baa388615,2026-05-20T11:24:43Z,,2026-05-07_002_tap_tests_servo_rotary,,,,,,,,,,,,,,,response_window
tap-tests,Machine FRF and stability/Tap tests/2026-05-07_002_tap_tests_servo_rotary/tool_rotary/results/figures/time/x/2026-05-07_15-06-00_x315_y315_z60_x_xyz_tool_plastic_tip_no_lock_fs_20000_reciprocating_tap11/response_windowed.png,derived,52955,4abdbbc14f439247d618dc3200953f3010691422cdf30cbd98e659fb69830c90,2026-05-20T11:24:44Z,,2026-05-07_002_tap_tests_servo_rotary,,,,,,,,,,,,,,,response_windowed
tap-tests,Machine FRF and stability/Tap tests/2026-05-07_002_tap_tests_servo_rotary/tool_rotary/results/figures/time/x/2026-05-07_15-06-00_x315_y315_z60_x_xyz_tool_plastic_tip_no_lock_fs_20000_reciprocating_tap12/force.png,derived,55655,ed35c2bae48501f08d7018543ddbb8b2b23a4a2472dbc68db0c35d516f7b3ffe,2026-05-20T11:24:47Z,,2026-05-07_002_tap_tests_servo_rotary,,,,,,,,,,,,,,,force
tap-tests,Machine FRF and stability/Tap tests/2026-05-07_002_tap_tests_servo_rotary/tool_rotary/results/figures/time/x/2026-05-07_15-06-00_x315_y315_z60_x_xyz_tool_plastic_tip_no_lock_fs_20000_reciprocating_tap12/force_detrended.png,derived,56905,b921af6739d32afb70850b0717e72fac139358c5097497481b8dbe0a02d99bb5,2026-05-20T11:24:47Z,,2026-05-07_002_tap_tests_servo_rotary,,,,,,,,,,,,,,,force_detrended
tap-tests,Machine FRF and stability/Tap tests/2026-05-07_002_tap_tests_servo_rotary/tool_rotary/results/figures/time/x/2026-05-07_15-06-00_x315_y315_z60_x_xyz_tool_plastic_tip_no_lock_fs_20000_reciprocating_tap12/force_window.png,derived,46806,e9ef7228c2f78e05b8e6b21134954c5d33dc00a9ff05e5307c5e5a8e72118425,2026-05-20T11:24:47Z,,2026-05-07_002_tap_tests_servo_rotary,,,,,,,,,,,,,,,force_window
tap-tests,Machine FRF and stability/Tap tests/2026-05-07_002_tap_tests_servo_rotary/tool_rotary/results/figures/time/x/2026-05-07_15-06-00_x315_y315_z60_x_xyz_tool_plastic_tip_no_lock_fs_20000_reciprocating_tap12/force_windowed.png,derived,41021,941208f8b2bf98ab172992c5a0389897817313c463dc95ff1f644116422760e2,2026-05-20T11:24:47Z,,2026-05-07_002_tap_tests_servo_rotary,,,,,,,,,,,,,,,force_windowed
tap-tests,Machine FRF and stability/Tap tests/2026-05-07_002_tap_tests_servo_rotary/tool_rotary/results/figures/time/x/2026-05-07_15-06-00_x315_y315_z60_x_xyz_tool_plastic_tip_no_lock_fs_20000_reciprocating_tap12/response.png,derived,60696,f5133a331eb79fcc7a327eb1cc12027341da992bc06141f2de91647cc714aaaa,2026-05-20T11:24:47Z,,2026-05-07_002_tap_tests_servo_rotary,,,,,,,,,,,,,,,response
tap-tests,Machine FRF and stability/Tap tests/2026-05-07_002_tap_tests_servo_rotary/tool_rotary/results/figures/time/x/2026-05-07_15-06-00_x315_y315_z60_x_xyz_tool_plastic_tip_no_lock_fs_20000_reciprocating_tap12/response_detrended.png,derived,62592,4316fe607cf8c0035d9dcc3527dd799ebcb135123e143132367fa1ee34f14656,2026-05-20T11:24:47Z,,2026-05-07_002_tap_tests_servo_rotary,,,,,,,,,,,,,,,response_detrended
tap-tests,Machine FRF and stability/Tap tests/2026-05-07_002_tap_tests_servo_rotary/tool_rotary/results/figures/time/x/2026-05-07_15-06-00_x315_y315_z60_x_xyz_tool_plastic_tip_no_lock_fs_20000_reciprocating_tap12/response_wiener.png,derived,56016,6f5815cf5b83d6802275aa01a90c619825a709256d2edef9543fc89630d9429a,2026-05-20T11:24:47Z,,2026-05-07_002_tap_tests_servo_rotary,,,,,,,,,,,,,,,response_wiener
tap-tests,Machine FRF and stability/Tap tests/2026-05-07_002_tap_tests_servo_rotary/tool_rotary/results/figures/time/x/2026-05-07_15-06-00_x315_y315_z60_x_xyz_tool_plastic_tip_no_lock_fs_20000_reciprocating_tap12/response_window.png,derived,65834,ebd17b9778fb3f6b2df3e8a3a43721dc8d8e7d8a11e8ae653ad430e50e02b92d,2026-05-20T11:24:47Z,,2026-05-07_002_tap_tests_servo_rotary,,,,,,,,,,,,,,,response_window
tap-tests,Machine FRF and stability/Tap tests/2026-05-07_002_tap_tests_servo_rotary/tool_rotary/results/figures/time/x/2026-05-07_15-06-00_x315_y315_z60_x_xyz_tool_plastic_tip_no_lock_fs_20000_reciprocating_tap12/response_windowed.png,derived,53776,cefe64d4559a7094c053a88033d2b77d89753a5e9c3832a0ff2666d812cb6e96,2026-05-20T11:24:48Z,,2026-05-07_002_tap_tests_servo_rotary,,,,,,,,,,,,,,,response_windowed
tap-tests,Machine FRF and stability/Tap tests/2026-05-07_002_tap_tests_servo_rotary/tool_rotary/results/figures/time/x/2026-05-07_15-06-00_x315_y315_z60_x_xyz_tool_plastic_tip_no_lock_fs_20000_reciprocating_tap13/force.png,derived,54598,4dc54a3ebbdf77c8e2c77a2348e3fd14104b8822ce5b796bbbb1de9ea8e0f81f,2026-05-20T11:24:53Z,,2026-05-07_002_tap_tests_servo_rotary,,,,,,,,,,,,,,,force
tap-tests,Machine FRF and stability/Tap tests/2026-05-07_002_tap_tests_servo_rotary/tool_rotary/results/figures/time/x/2026-05-07_15-06-00_x315_y315_z60_x_xyz_tool_plastic_tip_no_lock_fs_20000_reciprocating_tap13/force_detrended.png,derived,58307,a8fbbb67119ec1495c4320ba5470a3644390cff67d4e2b8bca60a9fa5cffa986,2026-05-20T11:24:53Z,,2026-05-07_002_tap_tests_servo_rotary,,,,,,,,,,,,,,,force_detrended
tap-tests,Machine FRF and stability/Tap tests/2026-05-07_002_tap_tests_servo_rotary/tool_rotary/results/figures/time/x/2026-05-07_15-06-00_x315_y315_z60_x_xyz_tool_plastic_tip_no_lock_fs_20000_reciprocating_tap13/force_window.png,derived,46809,cce1f92712ec19b2353af47bf50d056ad34d469036c84b16197956ede4333a42,2026-05-20T11:24:54Z,,2026-05-07_002_tap_tests_servo_rotary,,,,,,,,,,,,,,,force_window
tap-tests,Machine FRF and stability/Tap tests/2026-05-07_002_tap_tests_servo_rotary/tool_rotary/results/figures/time/x/2026-05-07_15-06-00_x315_y315_z60_x_xyz_tool_plastic_tip_no_lock_fs_20000_reciprocating_tap13/force_windowed.png,derived,40897,996136b921e87c5c9d77864ad29997442ccf41972ab5a6988e2f1be29b90a73b,2026-05-20T11:24:54Z,,2026-05-07_002_tap_tests_servo_rotary,,,,,,,,,,,,,,,force_windowed
tap-tests,Machine FRF and stability/Tap tests/2026-05-07_002_tap_tests_servo_rotary/tool_rotary/results/figures/time/x/2026-05-07_15-06-00_x315_y315_z60_x_xyz_tool_plastic_tip_no_lock_fs_20000_reciprocating_tap13/response.png,derived,60300,40207b32253edc1b83e688c272860bb700ed6850b036205bee1e545ec388bd3c,2026-05-20T11:24:53Z,,2026-05-07_002_tap_tests_servo_rotary,,,,,,,,,,,,,,,response
tap-tests,Machine FRF and stability/Tap tests/2026-05-07_002_tap_tests_servo_rotary/tool_rotary/results/figures/time/x/2026-05-07_15-06-00_x315_y315_z60_x_xyz_tool_plastic_tip_no_lock_fs_20000_reciprocating_tap13/response_detrended.png,derived,62906,c8050d8f51eaffbbf65e7801fc4ef45da3c14434f2833808595026667b3dd136,2026-05-20T11:24:54Z,,2026-05-07_002_tap_tests_servo_rotary,,,,,,,,,,,,,,,response_detrended
tap-tests,Machine FRF and stability/Tap tests/2026-05-07_002_tap_tests_servo_rotary/tool_rotary/results/figures/time/x/2026-05-07_15-06-00_x315_y315_z60_x_xyz_tool_plastic_tip_no_lock_fs_20000_reciprocating_tap13/response_wiener.png,derived,55030,60033d4e8554e3478b4b3f1765b09c4a15ee3da09c0bb95e6e0feaa36e2a551e,2026-05-20T11:24:55Z,,2026-05-07_002_tap_tests_servo_rotary,,,,,,,,,,,,,,,response_wiener
tap-tests,Machine FRF and stability/Tap tests/2026-05-07_002_tap_tests_servo_rotary/tool_rotary/results/figures/time/x/2026-05-07_15-06-00_x315_y315_z60_x_xyz_tool_plastic_tip_no_lock_fs_20000_reciprocating_tap13/response_window.png,derived,66009,c6742049ec9a4cc1cdc57dc81ab92c263af642f222c08eef344ba781365c23f2,2026-05-20T11:24:55Z,,2026-05-07_002_tap_tests_servo_rotary,,,,,,,,,,,,,,,response_window
tap-tests,Machine FRF and stability/Tap tests/2026-05-07_002_tap_tests_servo_rotary/tool_rotary/results/figures/time/x/2026-05-07_15-06-00_x315_y315_z60_x_xyz_tool_plastic_tip_no_lock_fs_20000_reciprocating_tap13/response_windowed.png,derived,53652,e753f2a4aaaa8add461f96be0d0519b7232104e9592d02c960853129c86686a5,2026-05-20T11:24:55Z,,2026-05-07_002_tap_tests_servo_rotary,,,,,,,,,,,,,,,response_windowed
tap-tests,Machine FRF and stability/Tap tests/2026-05-07_002_tap_tests_servo_rotary/tool_rotary/results/figures/time/x/2026-05-07_15-06-00_x315_y315_z60_x_xyz_tool_plastic_tip_no_lock_fs_20000_reciprocating_tap14/force.png,derived,53386,8eec15fdb9fc1f81a7fd41d794f779e30714bb7ff0e6c95572c23fc87fe882af,2026-05-20T11:25:03Z,,2026-05-07_002_tap_tests_servo_rotary,,,,,,,,,,,,,,,force
tap-tests,Machine FRF and stability/Tap tests/2026-05-07_002_tap_tests_servo_rotary/tool_rotary/results/figures/time/x/2026-05-07_15-06-00_x315_y315_z60_x_xyz_tool_plastic_tip_no_lock_fs_20000_reciprocating_tap14/force_detrended.png,derived,57611,9a990a07a8e3b35511409abf83bc152d3c7e53c3280b419edc9d7a14e6efdc76,2026-05-20T11:25:04Z,,2026-05-07_002_tap_tests_servo_rotary,,,,,,,,,,,,,,,force_detrended
tap-tests,Machine FRF and stability/Tap tests/2026-05-07_002_tap_tests_servo_rotary/tool_rotary/results/figures/time/x/2026-05-07_15-06-00_x315_y315_z60_x_xyz_tool_plastic_tip_no_lock_fs_20000_reciprocating_tap14/force_window.png,derived,46736,e83b01dc1822fbd57a3abfec77eae1998d4ad8833fe14a5ec6034adf04a2a1b2,2026-05-20T11:25:04Z,,2026-05-07_002_tap_tests_servo_rotary,,,,,,,,,,,,,,,force_window
tap-tests,Machine FRF and stability/Tap tests/2026-05-07_002_tap_tests_servo_rotary/tool_rotary/results/figures/time/x/2026-05-07_15-06-00_x315_y315_z60_x_xyz_tool_plastic_tip_no_lock_fs_20000_reciprocating_tap14/force_windowed.png,derived,40783,74b288b57b453a7d90d49e8f54528966b2b4cd7eb12807b12a7a8d4181264057,2026-05-20T11:25:05Z,,2026-05-07_002_tap_tests_servo_rotary,,,,,,,,,,,,,,,force_windowed
tap-tests,Machine FRF and stability/Tap tests/2026-05-07_002_tap_tests_servo_rotary/tool_rotary/results/figures/time/x/2026-05-07_15-06-00_x315_y315_z60_x_xyz_tool_plastic_tip_no_lock_fs_20000_reciprocating_tap14/response.png,derived,60604,3de8121d76dc4d5d8f1f950cc031e8f60a76347b6cacae13129d99a3fc89cd00,2026-05-20T11:25:04Z,,2026-05-07_002_tap_tests_servo_rotary,,,,,,,,,,,,,,,response
tap-tests,Machine FRF and stability/Tap tests/2026-05-07_002_tap_tests_servo_rotary/tool_rotary/results/figures/time/x/2026-05-07_15-06-00_x315_y315_z60_x_xyz_tool_plastic_tip_no_lock_fs_20000_reciprocating_tap14/response_detrended.png,derived,63140,a0907bcb4f115f95ae0abe2b2c68a3e5ed7bc8e4479a4ec651b17b67d9712a67,2026-05-20T11:25:05Z,,2026-05-07_002_tap_tests_servo_rotary,,,,,,,,,,,,,,,response_detrended
tap-tests,Machine FRF and stability/Tap tests/2026-05-07_002_tap_tests_servo_rotary/tool_rotary/results/figures/time/x/2026-05-07_15-06-00_x315_y315_z60_x_xyz_tool_plastic_tip_no_lock_fs_20000_reciprocating_tap14/response_wiener.png,derived,55663,695f6216111b46ea10b4587cd12ef288645160332cb6ffaefe1e83051478bc33,2026-05-20T11:25:05Z,,2026-05-07_002_tap_tests_servo_rotary,,,,,,,,,,,,,,,response_wiener
tap-tests,Machine FRF and stability/Tap tests/2026-05-07_002_tap_tests_servo_rotary/tool_rotary/results/figures/time/x/2026-05-07_15-06-00_x315_y315_z60_x_xyz_tool_plastic_tip_no_lock_fs_20000_reciprocating_tap14/response_window.png,derived,63862,1fe8af85ef1bb4203e2a1ab2878d86b771499924e6147a0634a8e2059d8ce983,2026-05-20T11:25:06Z,,2026-05-07_002_tap_tests_servo_rotary,,,,,,,,,,,,,,,response_window
tap-tests,Machine FRF and stability/Tap tests/2026-05-07_002_tap_tests_servo_rotary/tool_rotary/results/figures/time/x/2026-05-07_15-06-00_x315_y315_z60_x_xyz_tool_plastic_tip_no_lock_fs_20000_reciprocating_tap14/response_windowed.png,derived,53814,af4394a59051c68c553d6fbd1ccaafb9682d09b1e198ed387b47ed921bb23952,2026-05-20T11:25:06Z,,2026-05-07_002_tap_tests_servo_rotary,,,,,,,,,,,,,,,response_windowed
tap-tests,Machine FRF and stability/Tap tests/2026-05-07_002_tap_tests_servo_rotary/tool_rotary/results/figures/time/x/2026-05-07_15-06-00_x315_y315_z60_x_xyz_tool_plastic_tip_no_lock_fs_20000_reciprocating_tap2/force.png,derived,46075,f0201bcd477ca152a007e1ea64e72c140c7aa8cd5538096bc54608647abfb212,2026-05-20T11:24:12Z,,2026-05-07_002_tap_tests_servo_rotary,,,,,,,,,,,,,,,force
tap-tests,Machine FRF and stability/Tap tests/2026-05-07_002_tap_tests_servo_rotary/tool_rotary/results/figures/time/x/2026-05-07_15-06-00_x315_y315_z60_x_xyz_tool_plastic_tip_no_lock_fs_20000_reciprocating_tap2/force_detrended.png,derived,50224,4d0223f54661a73955cd7674fae3f7966338230470def00a6d0e8897fec6f06f,2026-05-20T11:24:12Z,,2026-05-07_002_tap_tests_servo_rotary,,,,,,,,,,,,,,,force_detrended
tap-tests,Machine FRF and stability/Tap tests/2026-05-07_002_tap_tests_servo_rotary/tool_rotary/results/figures/time/x/2026-05-07_15-06-00_x315_y315_z60_x_xyz_tool_plastic_tip_no_lock_fs_20000_reciprocating_tap2/force_window.png,derived,40466,981c57ae4990317cfb86cc3268bd493e5ac5d557485ce3ed7f55af1ca1efd1e1,2026-05-20T11:24:12Z,,2026-05-07_002_tap_tests_servo_rotary,,,,,,,,,,,,,,,force_window
tap-tests,Machine FRF and stability/Tap tests/2026-05-07_002_tap_tests_servo_rotary/tool_rotary/results/figures/time/x/2026-05-07_15-06-00_x315_y315_z60_x_xyz_tool_plastic_tip_no_lock_fs_20000_reciprocating_tap2/force_windowed.png,derived,34618,456b5f631b9481f60a4f3e65405f245c6ef40ca9cf7e499e5b972e3df9cd0c1a,2026-05-20T11:24:13Z,,2026-05-07_002_tap_tests_servo_rotary,,,,,,,,,,,,,,,force_windowed
tap-tests,Machine FRF and stability/Tap tests/2026-05-07_002_tap_tests_servo_rotary/tool_rotary/results/figures/time/x/2026-05-07_15-06-00_x315_y315_z60_x_xyz_tool_plastic_tip_no_lock_fs_20000_reciprocating_tap2/response.png,derived,53345,60278640767e087529f4d318c15fad8eff864790688b17251c46ba79d6613a08,2026-05-20T11:24:12Z,,2026-05-07_002_tap_tests_servo_rotary,,,,,,,,,,,,,,,response
tap-tests,Machine FRF and stability/Tap tests/2026-05-07_002_tap_tests_servo_rotary/tool_rotary/results/figures/time/x/2026-05-07_15-06-00_x315_y315_z60_x_xyz_tool_plastic_tip_no_lock_fs_20000_reciprocating_tap2/response_detrended.png,derived,57099,934f13a4076bf42b784660cb927e07b781d118b331cd3478177e0ec3987adca3,2026-05-20T11:24:13Z,,2026-05-07_002_tap_tests_servo_rotary,,,,,,,,,,,,,,,response_detrended
tap-tests,Machine FRF and stability/Tap tests/2026-05-07_002_tap_tests_servo_rotary/tool_rotary/results/figures/time/x/2026-05-07_15-06-00_x315_y315_z60_x_xyz_tool_plastic_tip_no_lock_fs_20000_reciprocating_tap2/response_wiener.png,derived,50948,c77b7c033a02efb684d8c378f701a05ec624418f889da8fb2c5c04f7505dc28a,2026-05-20T11:24:13Z,,2026-05-07_002_tap_tests_servo_rotary,,,,,,,,,,,,,,,response_wiener
tap-tests,Machine FRF and stability/Tap tests/2026-05-07_002_tap_tests_servo_rotary/tool_rotary/results/figures/time/x/2026-05-07_15-06-00_x315_y315_z60_x_xyz_tool_plastic_tip_no_lock_fs_20000_reciprocating_tap2/response_window.png,derived,69360,3921061b517ce602c5caf1684cc05738a07a4199ce1213ac6f4088d2d3a29d8f,2026-05-20T11:24:13Z,,2026-05-07_002_tap_tests_servo_rotary,,,,,,,,,,,,,,,response_window
tap-tests,Machine FRF and stability/Tap tests/2026-05-07_002_tap_tests_servo_rotary/tool_rotary/results/figures/time/x/2026-05-07_15-06-00_x315_y315_z60_x_xyz_tool_plastic_tip_no_lock_fs_20000_reciprocating_tap2/response_windowed.png,derived,49324,b1e610021cfbe6bbff764424b789a6c62931b41b3c9339c342f2c518b7ecde9a,2026-05-20T11:24:13Z,,2026-05-07_002_tap_tests_servo_rotary,,,,,,,,,,,,,,,response_windowed
tap-tests,Machine FRF and stability/Tap tests/2026-05-07_002_tap_tests_servo_rotary/tool_rotary/results/figures/time/x/2026-05-07_15-06-00_x315_y315_z60_x_xyz_tool_plastic_tip_no_lock_fs_20000_reciprocating_tap3/force.png,derived,55613,d99b5c47592f88e17974862eda09035d8617b49d9ab6b03cf4fe865aeb0e4cc6,2026-05-20T11:24:16Z,,2026-05-07_002_tap_tests_servo_rotary,,,,,,,,,,,,,,,force
tap-tests,Machine FRF and stability/Tap tests/2026-05-07_002_tap_tests_servo_rotary/tool_rotary/results/figures/time/x/2026-05-07_15-06-00_x315_y315_z60_x_xyz_tool_plastic_tip_no_lock_fs_20000_reciprocating_tap3/force_detrended.png,derived,57442,96178149157fae3f0a246a7d1cea429f032043a470e0e93f2689f76f5898e13b,2026-05-20T11:24:17Z,,2026-05-07_002_tap_tests_servo_rotary,,,,,,,,,,,,,,,force_detrended
tap-tests,Machine FRF and stability/Tap tests/2026-05-07_002_tap_tests_servo_rotary/tool_rotary/results/figures/time/x/2026-05-07_15-06-00_x315_y315_z60_x_xyz_tool_plastic_tip_no_lock_fs_20000_reciprocating_tap3/force_window.png,derived,46934,0ee362fb8883958d52837499d49340105c55ee7188579a891d31d2d1e75f832c,2026-05-20T11:24:17Z,,2026-05-07_002_tap_tests_servo_rotary,,,,,,,,,,,,,,,force_window
tap-tests,Machine FRF and stability/Tap tests/2026-05-07_002_tap_tests_servo_rotary/tool_rotary/results/figures/time/x/2026-05-07_15-06-00_x315_y315_z60_x_xyz_tool_plastic_tip_no_lock_fs_20000_reciprocating_tap3/force_windowed.png,derived,41212,6a042a3107ce0792631c8abaa2677ccae612036bbe49e14c9712a7637c11e2aa,2026-05-20T11:24:17Z,,2026-05-07_002_tap_tests_servo_rotary,,,,,,,,,,,,,,,force_windowed
tap-tests,Machine FRF and stability/Tap tests/2026-05-07_002_tap_tests_servo_rotary/tool_rotary/results/figures/time/x/2026-05-07_15-06-00_x315_y315_z60_x_xyz_tool_plastic_tip_no_lock_fs_20000_reciprocating_tap3/response.png,derived,60154,d3d49703de97b508ec474972b6dfeaf934a329b79b4fa907a77dae0b4732a9d4,2026-05-20T11:24:17Z,,2026-05-07_002_tap_tests_servo_rotary,,,,,,,,,,,,,,,response
tap-tests,Machine FRF and stability/Tap tests/2026-05-07_002_tap_tests_servo_rotary/tool_rotary/results/figures/time/x/2026-05-07_15-06-00_x315_y315_z60_x_xyz_tool_plastic_tip_no_lock_fs_20000_reciprocating_tap3/response_detrended.png,derived,62408,8065426a316b6b7ccaba493428004d18198db9e0d7a89b3e4d35c5fad35b755a,2026-05-20T11:24:17Z,,2026-05-07_002_tap_tests_servo_rotary,,,,,,,,,,,,,,,response_detrended
tap-tests,Machine FRF and stability/Tap tests/2026-05-07_002_tap_tests_servo_rotary/tool_rotary/results/figures/time/x/2026-05-07_15-06-00_x315_y315_z60_x_xyz_tool_plastic_tip_no_lock_fs_20000_reciprocating_tap3/response_wiener.png,derived,55501,23bf29ca294d2e5815da81ee481e3f7ce1f070d53cd87205615365b1680ef4cf,2026-05-20T11:24:17Z,,2026-05-07_002_tap_tests_servo_rotary,,,,,,,,,,,,,,,response_wiener
tap-tests,Machine FRF and stability/Tap tests/2026-05-07_002_tap_tests_servo_rotary/tool_rotary/results/figures/time/x/2026-05-07_15-06-00_x315_y315_z60_x_xyz_tool_plastic_tip_no_lock_fs_20000_reciprocating_tap3/response_window.png,derived,64098,a4b6dbde489a82b5ab6b3b06859933f790d7a51c8375958c03deb6e1b89894ff,2026-05-20T11:24:17Z,,2026-05-07_002_tap_tests_servo_rotary,,,,,,,,,,,,,,,response_window
tap-tests,Machine FRF and stability/Tap tests/2026-05-07_002_tap_tests_servo_rotary/tool_rotary/results/figures/time/x/2026-05-07_15-06-00_x315_y315_z60_x_xyz_tool_plastic_tip_no_lock_fs_20000_reciprocating_tap3/response_windowed.png,derived,53508,5487b64748e508a73d6c097b4add323e73b6f090a35b4a9147181fff78c10414,2026-05-20T11:24:18Z,,2026-05-07_002_tap_tests_servo_rotary,,,,,,,,,,,,,,,response_windowed
tap-tests,Machine FRF and stability/Tap tests/2026-05-07_002_tap_tests_servo_rotary/tool_rotary/results/figures/time/x/2026-05-07_15-06-00_x315_y315_z60_x_xyz_tool_plastic_tip_no_lock_fs_20000_reciprocating_tap4/force.png,derived,44321,fe34c0cc1c97d847024bc0a7f7febcc4ababc289fb6ab51b4c020ef01b891432,2026-05-20T11:24:21Z,,2026-05-07_002_tap_tests_servo_rotary,,,,,,,,,,,,,,,force
tap-tests,Machine FRF and stability/Tap tests/2026-05-07_002_tap_tests_servo_rotary/tool_rotary/results/figures/time/x/2026-05-07_15-06-00_x315_y315_z60_x_xyz_tool_plastic_tip_no_lock_fs_20000_reciprocating_tap4/force_detrended.png,derived,50319,faee30693ec483577da5a9bacdc81b395bd4a09d1d22a305c2e83ce4108340ac,2026-05-20T11:24:21Z,,2026-05-07_002_tap_tests_servo_rotary,,,,,,,,,,,,,,,force_detrended
tap-tests,Machine FRF and stability/Tap tests/2026-05-07_002_tap_tests_servo_rotary/tool_rotary/results/figures/time/x/2026-05-07_15-06-00_x315_y315_z60_x_xyz_tool_plastic_tip_no_lock_fs_20000_reciprocating_tap4/force_window.png,derived,40425,c55566b27dade829d327f7c520a9ae2350e6bc2b0e9653fa0aaee9b06a9418e6,2026-05-20T11:24:21Z,,2026-05-07_002_tap_tests_servo_rotary,,,,,,,,,,,,,,,force_window
tap-tests,Machine FRF and stability/Tap tests/2026-05-07_002_tap_tests_servo_rotary/tool_rotary/results/figures/time/x/2026-05-07_15-06-00_x315_y315_z60_x_xyz_tool_plastic_tip_no_lock_fs_20000_reciprocating_tap4/force_windowed.png,derived,34404,8bda1950aae8a5e899696f88ac44bd80bfb2bcb7f4a541be084b7fb11d7a9b30,2026-05-20T11:24:21Z,,2026-05-07_002_tap_tests_servo_rotary,,,,,,,,,,,,,,,force_windowed
tap-tests,Machine FRF and stability/Tap tests/2026-05-07_002_tap_tests_servo_rotary/tool_rotary/results/figures/time/x/2026-05-07_15-06-00_x315_y315_z60_x_xyz_tool_plastic_tip_no_lock_fs_20000_reciprocating_tap4/response.png,derived,62578,c7bd716b936c70738b0986d38ed5b3846e23cebd26a68539158f89bc0d6a875b,2026-05-20T11:24:21Z,,2026-05-07_002_tap_tests_servo_rotary,,,,,,,,,,,,,,,response
tap-tests,Machine FRF and stability/Tap tests/2026-05-07_002_tap_tests_servo_rotary/tool_rotary/results/figures/time/x/2026-05-07_15-06-00_x315_y315_z60_x_xyz_tool_plastic_tip_no_lock_fs_20000_reciprocating_tap4/response_detrended.png,derived,64113,fdbea987b972bf6eb0902c1355fc9b23e6cbcdbd48900de7558571caf9ed6dbe,2026-05-20T11:24:22Z,,2026-05-07_002_tap_tests_servo_rotary,,,,,,,,,,,,,,,response_detrended
tap-tests,Machine FRF and stability/Tap tests/2026-05-07_002_tap_tests_servo_rotary/tool_rotary/results/figures/time/x/2026-05-07_15-06-00_x315_y315_z60_x_xyz_tool_plastic_tip_no_lock_fs_20000_reciprocating_tap4/response_wiener.png,derived,58407,ef18f10688bc7e89c2702419018f84e3236b39a78b061bcd1669fe9b8c12d7f3,2026-05-20T11:24:22Z,,2026-05-07_002_tap_tests_servo_rotary,,,,,,,,,,,,,,,response_wiener
tap-tests,Machine FRF and stability/Tap tests/2026-05-07_002_tap_tests_servo_rotary/tool_rotary/results/figures/time/x/2026-05-07_15-06-00_x315_y315_z60_x_xyz_tool_plastic_tip_no_lock_fs_20000_reciprocating_tap4/response_window.png,derived,67681,880b30b1cad3e6a9c792820bdaaafcf3ef191ea9c87abd2eb1e93b7d10fe7660,2026-05-20T11:24:22Z,,2026-05-07_002_tap_tests_servo_rotary,,,,,,,,,,,,,,,response_window
tap-tests,Machine FRF and stability/Tap tests/2026-05-07_002_tap_tests_servo_rotary/tool_rotary/results/figures/time/x/2026-05-07_15-06-00_x315_y315_z60_x_xyz_tool_plastic_tip_no_lock_fs_20000_reciprocating_tap4/response_windowed.png,derived,56618,560439a28814857e73d1980b9b83081ccd528ea4bfed31d2898d44358b11ec37,2026-05-20T11:24:22Z,,2026-05-07_002_tap_tests_servo_rotary,,,,,,,,,,,,,,,response_windowed
tap-tests,Machine FRF and stability/Tap tests/2026-05-07_002_tap_tests_servo_rotary/tool_rotary/results/figures/time/x/2026-05-07_15-06-00_x315_y315_z60_x_xyz_tool_plastic_tip_no_lock_fs_20000_reciprocating_tap5/force.png,derived,45971,18f31afd6aa09c9555f7fc7d2c424ba5753c5afb3c77cd0e828049bc755251cc,2026-05-20T11:24:25Z,,2026-05-07_002_tap_tests_servo_rotary,,,,,,,,,,,,,,,force
tap-tests,Machine FRF and stability/Tap tests/2026-05-07_002_tap_tests_servo_rotary/tool_rotary/results/figures/time/x/2026-05-07_15-06-00_x315_y315_z60_x_xyz_tool_plastic_tip_no_lock_fs_20000_reciprocating_tap5/force_detrended.png,derived,50975,9cdaf95d9bbaf73cc41defde16c42576af73380f15400d58f5e0577dcfdfcec6,2026-05-20T11:24:25Z,,2026-05-07_002_tap_tests_servo_rotary,,,,,,,,,,,,,,,force_detrended
tap-tests,Machine FRF and stability/Tap tests/2026-05-07_002_tap_tests_servo_rotary/tool_rotary/results/figures/time/x/2026-05-07_15-06-00_x315_y315_z60_x_xyz_tool_plastic_tip_no_lock_fs_20000_reciprocating_tap5/force_window.png,derived,49002,6c20faa24f0177b1d0accd95133b87b99eca67ffeb6d59ea27f82ad02622efaf,2026-05-20T11:24:25Z,,2026-05-07_002_tap_tests_servo_rotary,,,,,,,,,,,,,,,force_window
tap-tests,Machine FRF and stability/Tap tests/2026-05-07_002_tap_tests_servo_rotary/tool_rotary/results/figures/time/x/2026-05-07_15-06-00_x315_y315_z60_x_xyz_tool_plastic_tip_no_lock_fs_20000_reciprocating_tap5/force_windowed.png,derived,34251,23fda02e108daed6ec5cb06f0d4dccc0077cfe7c3a66978b41949ced8c35353b,2026-05-20T11:24:26Z,,2026-05-07_002_tap_tests_servo_rotary,,,,,,,,,,,,,,,force_windowed
tap-tests,Machine FRF and stability/Tap tests/2026-05-07_002_tap_tests_servo_rotary/tool_rotary/results/figures/time/x/2026-05-07_15-06-00_x315_y315_z60_x_xyz_tool_plastic_tip_no_lock_fs_20000_reciprocating_tap5/response.png,derived,60422,c9a6e8867fe0a8e459cb6c18aaa95f7c97ad2c826e677533d8d77a12c9ca282e,2026-05-20T11:24:25Z,,2026-05-07_002_tap_tests_servo_rotary,,,,,,,,,,,,,,,response
tap-tests,Machine FRF and stability/Tap tests/2026-05-07_002_tap_tests_servo_rotary/tool_rotary/results/figures/time/x/2026-05-07_15-06-00_x315_y315_z60_x_xyz_tool_plastic_tip_no_lock_fs_20000_reciprocating_tap5/response_detrended.png,derived,62653,3807e6b52c1e0ddcc8864aa1b7a7f3d08c5d6a4e9fc7bcdfbba3484768e7f205,2026-05-20T11:24:26Z,,2026-05-07_002_tap_tests_servo_rotary,,,,,,,,,,,,,,,response_detrended
tap-tests,Machine FRF and stability/Tap tests/2026-05-07_002_tap_tests_servo_rotary/tool_rotary/results/figures/time/x/2026-05-07_15-06-00_x315_y315_z60_x_xyz_tool_plastic_tip_no_lock_fs_20000_reciprocating_tap5/response_wiener.png,derived,55549,334b60e6c2b58dfb258ac47fd676d897af9bd7e4dfee78acb1dfcc43d2767add,2026-05-20T11:24:26Z,,2026-05-07_002_tap_tests_servo_rotary,,,,,,,,,,,,,,,response_wiener
tap-tests,Machine FRF and stability/Tap tests/2026-05-07_002_tap_tests_servo_rotary/tool_rotary/results/figures/time/x/2026-05-07_15-06-00_x315_y315_z60_x_xyz_tool_plastic_tip_no_lock_fs_20000_reciprocating_tap5/response_window.png,derived,65922,fa8c2d00699e3c5f0ec13d7e2c4ea6f353e4d9d6b5fa125eac2bfb960b155c1a,2026-05-20T11:24:26Z,,2026-05-07_002_tap_tests_servo_rotary,,,,,,,,,,,,,,,response_window
tap-tests,Machine FRF and stability/Tap tests/2026-05-07_002_tap_tests_servo_rotary/tool_rotary/results/figures/time/x/2026-05-07_15-06-00_x315_y315_z60_x_xyz_tool_plastic_tip_no_lock_fs_20000_reciprocating_tap5/response_windowed.png,derived,53451,f31f9c1288ebe97f3191a393b1b11d01151c10918963106c3dc4d1a5b8c0c210,2026-05-20T11:24:26Z,,2026-05-07_002_tap_tests_servo_rotary,,,,,,,,,,,,,,,response_windowed
tap-tests,Machine FRF and stability/Tap tests/2026-05-07_002_tap_tests_servo_rotary/tool_rotary/results/figures/time/x/2026-05-07_15-06-00_x315_y315_z60_x_xyz_tool_plastic_tip_no_lock_fs_20000_reciprocating_tap6/force.png,derived,54378,a45534f4da3b46bbdb61d517a803d5a19e3f083b2ad120d5c53d1e09b5831460,2026-05-20T11:24:30Z,,2026-05-07_002_tap_tests_servo_rotary,,,,,,,,,,,,,,,force
tap-tests,Machine FRF and stability/Tap tests/2026-05-07_002_tap_tests_servo_rotary/tool_rotary/results/figures/time/x/2026-05-07_15-06-00_x315_y315_z60_x_xyz_tool_plastic_tip_no_lock_fs_20000_reciprocating_tap6/force_detrended.png,derived,58341,4217c0bf59ce8862a3fc5da28535564fd9af5f236a6e676b79ba862267e93dec,2026-05-20T11:24:30Z,,2026-05-07_002_tap_tests_servo_rotary,,,,,,,,,,,,,,,force_detrended
tap-tests,Machine FRF and stability/Tap tests/2026-05-07_002_tap_tests_servo_rotary/tool_rotary/results/figures/time/x/2026-05-07_15-06-00_x315_y315_z60_x_xyz_tool_plastic_tip_no_lock_fs_20000_reciprocating_tap6/force_window.png,derived,46842,e13f75c5951a3369b9d39b8419045c81bba8f53b868d2ef5090052edba1706b6,2026-05-20T11:24:30Z,,2026-05-07_002_tap_tests_servo_rotary,,,,,,,,,,,,,,,force_window
tap-tests,Machine FRF and stability/Tap tests/2026-05-07_002_tap_tests_servo_rotary/tool_rotary/results/figures/time/x/2026-05-07_15-06-00_x315_y315_z60_x_xyz_tool_plastic_tip_no_lock_fs_20000_reciprocating_tap6/force_windowed.png,derived,41354,5d41108712ed006f2d2cdc271cda32127e5a40c078e4a93013d928da8fefa076,2026-05-20T11:24:30Z,,2026-05-07_002_tap_tests_servo_rotary,,,,,,,,,,,,,,,force_windowed
tap-tests,Machine FRF and stability/Tap tests/2026-05-07_002_tap_tests_servo_rotary/tool_rotary/results/figures/time/x/2026-05-07_15-06-00_x315_y315_z60_x_xyz_tool_plastic_tip_no_lock_fs_20000_reciprocating_tap6/response.png,derived,61209,63fb26b7eb8e38abfff3d3a1912b0102bdfe4c9bab0b2e2b7dbd308cb6c5ad46,2026-05-20T11:24:30Z,,2026-05-07_002_tap_tests_servo_rotary,,,,,,,,,,,,,,,response
tap-tests,Machine FRF and stability/Tap tests/2026-05-07_002_tap_tests_servo_rotary/tool_rotary/results/figures/time/x/2026-05-07_15-06-00_x315_y315_z60_x_xyz_tool_plastic_tip_no_lock_fs_20000_reciprocating_tap6/response_detrended.png,derived,63054,75e7abdfca3f5ac2dbb8c7e4b7d177fd9c712180f9422008ac25b9f1821f36e1,2026-05-20T11:24:30Z,,2026-05-07_002_tap_tests_servo_rotary,,,,,,,,,,,,,,,response_detrended
tap-tests,Machine FRF and stability/Tap tests/2026-05-07_002_tap_tests_servo_rotary/tool_rotary/results/figures/time/x/2026-05-07_15-06-00_x315_y315_z60_x_xyz_tool_plastic_tip_no_lock_fs_20000_reciprocating_tap6/response_wiener.png,derived,55774,2ac898a87e916ae454d80ba7cf9b46fdeaf7ea86781133c4a7ee6ce00f6499e0,2026-05-20T11:24:30Z,,2026-05-07_002_tap_tests_servo_rotary,,,,,,,,,,,,,,,response_wiener
tap-tests,Machine FRF and stability/Tap tests/2026-05-07_002_tap_tests_servo_rotary/tool_rotary/results/figures/time/x/2026-05-07_15-06-00_x315_y315_z60_x_xyz_tool_plastic_tip_no_lock_fs_20000_reciprocating_tap6/response_window.png,derived,63955,0bf360ec11ff90ab466937b248b6e30b8250275b3dd217f28cf75c3cd0c13a4e,2026-05-20T11:24:30Z,,2026-05-07_002_tap_tests_servo_rotary,,,,,,,,,,,,,,,response_window
tap-tests,Machine FRF and stability/Tap tests/2026-05-07_002_tap_tests_servo_rotary/tool_rotary/results/figures/time/x/2026-05-07_15-06-00_x315_y315_z60_x_xyz_tool_plastic_tip_no_lock_fs_20000_reciprocating_tap6/response_windowed.png,derived,54062,474c1c945eec75a824f9bd636a7067939bc98eeaa6f4041a47b76c72d4a2ec9f,2026-05-20T11:24:31Z,,2026-05-07_002_tap_tests_servo_rotary,,,,,,,,,,,,,,,response_windowed
tap-tests,Machine FRF and stability/Tap tests/2026-05-07_002_tap_tests_servo_rotary/tool_rotary/results/figures/time/x/2026-05-07_15-06-00_x315_y315_z60_x_xyz_tool_plastic_tip_no_lock_fs_20000_reciprocating_tap7/force.png,derived,53573,432b163d162d541da3a2eaa80c8dfe235b19ed2dfb2390c69668c5f8ef543feb,2026-05-20T11:24:34Z,,2026-05-07_002_tap_tests_servo_rotary,,,,,,,,,,,,,,,force
tap-tests,Machine FRF and stability/Tap tests/2026-05-07_002_tap_tests_servo_rotary/tool_rotary/results/figures/time/x/2026-05-07_15-06-00_x315_y315_z60_x_xyz_tool_plastic_tip_no_lock_fs_20000_reciprocating_tap7/force_detrended.png,derived,57529,7413fa114beb19e650108bc07d5938e9f9b1ecdf02e4492de9c00423d0248c5c,2026-05-20T11:24:34Z,,2026-05-07_002_tap_tests_servo_rotary,,,,,,,,,,,,,,,force_detrended
tap-tests,Machine FRF and stability/Tap tests/2026-05-07_002_tap_tests_servo_rotary/tool_rotary/results/figures/time/x/2026-05-07_15-06-00_x315_y315_z60_x_xyz_tool_plastic_tip_no_lock_fs_20000_reciprocating_tap7/force_window.png,derived,46794,ed41a6a2f6c4f28d0185c679353ef4d4c22270b8fdab91a742c7d6b7aeec8153,2026-05-20T11:24:34Z,,2026-05-07_002_tap_tests_servo_rotary,,,,,,,,,,,,,,,force_window
tap-tests,Machine FRF and stability/Tap tests/2026-05-07_002_tap_tests_servo_rotary/tool_rotary/results/figures/time/x/2026-05-07_15-06-00_x315_y315_z60_x_xyz_tool_plastic_tip_no_lock_fs_20000_reciprocating_tap7/force_windowed.png,derived,41111,d0e02361027242ca0dfb4fb571e77f1bf79a5dbbbc0e75aaab922a798578b5d7,2026-05-20T11:24:34Z,,2026-05-07_002_tap_tests_servo_rotary,,,,,,,,,,,,,,,force_windowed
tap-tests,Machine FRF and stability/Tap tests/2026-05-07_002_tap_tests_servo_rotary/tool_rotary/results/figures/time/x/2026-05-07_15-06-00_x315_y315_z60_x_xyz_tool_plastic_tip_no_lock_fs_20000_reciprocating_tap7/response.png,derived,61387,14915529c7a33ddc42afc511f2aa48900da81f6763e8ef99010b668f83967d8b,2026-05-20T11:24:34Z,,2026-05-07_002_tap_tests_servo_rotary,,,,,,,,,,,,,,,response
tap-tests,Machine FRF and stability/Tap tests/2026-05-07_002_tap_tests_servo_rotary/tool_rotary/results/figures/time/x/2026-05-07_15-06-00_x315_y315_z60_x_xyz_tool_plastic_tip_no_lock_fs_20000_reciprocating_tap7/response_detrended.png,derived,63186,7285c7d247e028a9c98455e936ecca8601c6b168f610512beaca4867b17e3594,2026-05-20T11:24:34Z,,2026-05-07_002_tap_tests_servo_rotary,,,,,,,,,,,,,,,response_detrended
tap-tests,Machine FRF and stability/Tap tests/2026-05-07_002_tap_tests_servo_rotary/tool_rotary/results/figures/time/x/2026-05-07_15-06-00_x315_y315_z60_x_xyz_tool_plastic_tip_no_lock_fs_20000_reciprocating_tap7/response_wiener.png,derived,55583,e47bac64d8eb71ecf5f2ce7fb677801eaf7f31181dca8fa181d54ec6f7ad08a2,2026-05-20T11:24:34Z,,2026-05-07_002_tap_tests_servo_rotary,,,,,,,,,,,,,,,response_wiener
tap-tests,Machine FRF and stability/Tap tests/2026-05-07_002_tap_tests_servo_rotary/tool_rotary/results/figures/time/x/2026-05-07_15-06-00_x315_y315_z60_x_xyz_tool_plastic_tip_no_lock_fs_20000_reciprocating_tap7/response_window.png,derived,63979,1d41c889d92f2c0976d1106fc535ded9d6bb2d7b0e2a73a67efcfa7911a99c71,2026-05-20T11:24:34Z,,2026-05-07_002_tap_tests_servo_rotary,,,,,,,,,,,,,,,response_window
tap-tests,Machine FRF and stability/Tap tests/2026-05-07_002_tap_tests_servo_rotary/tool_rotary/results/figures/time/x/2026-05-07_15-06-00_x315_y315_z60_x_xyz_tool_plastic_tip_no_lock_fs_20000_reciprocating_tap7/response_windowed.png,derived,53757,bc271fc4e0fe054ad9ae71062d93ce2c3ae06d5863032b3759350ecf3bdc6ed3,2026-05-20T11:24:35Z,,2026-05-07_002_tap_tests_servo_rotary,,,,,,,,,,,,,,,response_windowed
tap-tests,Machine FRF and stability/Tap tests/2026-05-07_002_tap_tests_servo_rotary/tool_rotary/results/figures/time/x/average/force.png,derived,53208,d09d6c5384f2c640ed4ae3d4b5a5c312a38d17020b2c46b39afa0a05061686de,2026-05-20T11:25:15Z,,2026-05-07_002_tap_tests_servo_rotary,,,,,,,,,,,,,,,force
tap-tests,Machine FRF and stability/Tap tests/2026-05-07_002_tap_tests_servo_rotary/tool_rotary/results/figures/time/x/average/force_detrended.png,derived,53646,eaee369b97c7f130e23fd899ee229fe73c148fd54bf8f081d2c1513a165b89df,2026-05-20T11:25:15Z,,2026-05-07_002_tap_tests_servo_rotary,,,,,,,,,,,,,,,force_detrended
tap-tests,Machine FRF and stability/Tap tests/2026-05-07_002_tap_tests_servo_rotary/tool_rotary/results/figures/time/x/average/force_window.png,derived,49483,de04d8bc894d0839d2b9a1fd6559c71599907edd24ad6bbc33cda76e7ae4817b,2026-05-20T11:25:16Z,,2026-05-07_002_tap_tests_servo_rotary,,,,,,,,,,,,,,,force_window
tap-tests,Machine FRF and stability/Tap tests/2026-05-07_002_tap_tests_servo_rotary/tool_rotary/results/figures/time/x/average/force_windowed.png,derived,43117,96c00586c7f78ad202872ef710328f2627da455bbf013eb9ba2244ae5cd7e0a7,2026-05-20T11:25:16Z,,2026-05-07_002_tap_tests_servo_rotary,,,,,,,,,,,,,,,force_windowed
tap-tests,Machine FRF and stability/Tap tests/2026-05-07_002_tap_tests_servo_rotary/tool_rotary/results/figures/time/x/average/response.png,derived,60005,cd20fdcee0f43e2708165c9974b352d14ca320cf159f2ec3e18950af82cf71a3,2026-05-20T11:25:15Z,,2026-05-07_002_tap_tests_servo_rotary,,,,,,,,,,,,,,,response
tap-tests,Machine FRF and stability/Tap tests/2026-05-07_002_tap_tests_servo_rotary/tool_rotary/results/figures/time/x/average/response_detrended.png,derived,60515,d60335cc890dbf77e07da2d351029b0d52be735cf71e750048f191427e21e1c7,2026-05-20T11:25:16Z,,2026-05-07_002_tap_tests_servo_rotary,,,,,,,,,,,,,,,response_detrended
tap-tests,Machine FRF and stability/Tap tests/2026-05-07_002_tap_tests_servo_rotary/tool_rotary/results/figures/time/x/average/response_wiener.png,derived,57423,fdc92adca29f835d2aaf062a2fc773b7f93d504d0188e7f5249e1fce808fae14,2026-05-20T11:25:17Z,,2026-05-07_002_tap_tests_servo_rotary,,,,,,,,,,,,,,,response_wiener
tap-tests,Machine FRF and stability/Tap tests/2026-05-07_002_tap_tests_servo_rotary/tool_rotary/results/figures/time/x/average/response_window.png,derived,68710,0dcab8d4832f31adda38bf290eefc04515075411de99a6d55b9136e3cb9b7199,2026-05-20T11:25:17Z,,2026-05-07_002_tap_tests_servo_rotary,,,,,,,,,,,,,,,response_window
tap-tests,Machine FRF and stability/Tap tests/2026-05-07_002_tap_tests_servo_rotary/tool_rotary/results/figures/time/x/average/response_windowed.png,derived,55608,b10c67a55bb257d197d451afb6ffd890e2b000f4ee826dc836f9e6a76805d045,2026-05-20T11:25:17Z,,2026-05-07_002_tap_tests_servo_rotary,,,,,,,,,,,,,,,response_windowed
tap-tests,Machine FRF and stability/Tap tests/2026-05-07_002_tap_tests_servo_rotary/tool_rotary/results/logs/export_log.json,derived,22514,9f376830e323749807916973cac1c11ac521c6d0b18f6e2641747ec56ab283d1,2026-05-20T11:25:22Z,,2026-05-07_002_tap_tests_servo_rotary,,,,,,,,,,,,,,,export_log
tap-tests,Machine FRF and stability/Tap tests/2026-05-07_002_tap_tests_servo_rotary/tool_rotary/results/tables/fft/x/2026-05-07_15-06-00_x315_y315_z60_x_xyz_tool_plastic_tip_no_lock_fs_20000_reciprocating_tap10.csv,derived,865095,6631ebc597f33bc98444b0002bf3995b3ae99162367a1482eeea46e85afb1b9d,2026-05-20T11:24:38Z,,2026-05-07_002_tap_tests_servo_rotary,,,,,,,,,,,,,10,20000,2026-05-07_15-06-00_x315_y315_z60_x_xyz_tool_plastic_tip_no_lock_fs_20000_reciprocating_tap10
tap-tests,Machine FRF and stability/Tap tests/2026-05-07_002_tap_tests_servo_rotary/tool_rotary/results/tables/fft/x/2026-05-07_15-06-00_x315_y315_z60_x_xyz_tool_plastic_tip_no_lock_fs_20000_reciprocating_tap11.csv,derived,864559,c59dd8908369872f4d05e7a0457342777b6a608dbd5a876247bf94641363feb0,2026-05-20T11:24:42Z,,2026-05-07_002_tap_tests_servo_rotary,,,,,,,,,,,,,11,20000,2026-05-07_15-06-00_x315_y315_z60_x_xyz_tool_plastic_tip_no_lock_fs_20000_reciprocating_tap11
tap-tests,Machine FRF and stability/Tap tests/2026-05-07_002_tap_tests_servo_rotary/tool_rotary/results/tables/fft/x/2026-05-07_15-06-00_x315_y315_z60_x_xyz_tool_plastic_tip_no_lock_fs_20000_reciprocating_tap12.csv,derived,864503,5b5f666d3144cf79933d256b16f9b7bfba3f1d498695872d19f453b70f465b58,2026-05-20T11:24:46Z,,2026-05-07_002_tap_tests_servo_rotary,,,,,,,,,,,,,12,20000,2026-05-07_15-06-00_x315_y315_z60_x_xyz_tool_plastic_tip_no_lock_fs_20000_reciprocating_tap12
tap-tests,Machine FRF and stability/Tap tests/2026-05-07_002_tap_tests_servo_rotary/tool_rotary/results/tables/fft/x/2026-05-07_15-06-00_x315_y315_z60_x_xyz_tool_plastic_tip_no_lock_fs_20000_reciprocating_tap13.csv,derived,864507,090f7ae4d9a035f620664e33cd3eec46cd20092ee2ee10f168ea7d35ef112fe9,2026-05-20T11:24:52Z,,2026-05-07_002_tap_tests_servo_rotary,,,,,,,,,,,,,13,20000,2026-05-07_15-06-00_x315_y315_z60_x_xyz_tool_plastic_tip_no_lock_fs_20000_reciprocating_tap13
tap-tests,Machine FRF and stability/Tap tests/2026-05-07_002_tap_tests_servo_rotary/tool_rotary/results/tables/fft/x/2026-05-07_15-06-00_x315_y315_z60_x_xyz_tool_plastic_tip_no_lock_fs_20000_reciprocating_tap14.csv,derived,864474,dbeefca12a8526aea92cf1f2c1149eaac091c23d0622f972db9417fd89c0ef81,2026-05-20T11:25:03Z,,2026-05-07_002_tap_tests_servo_rotary,,,,,,,,,,,,,14,20000,2026-05-07_15-06-00_x315_y315_z60_x_xyz_tool_plastic_tip_no_lock_fs_20000_reciprocating_tap14
tap-tests,Machine FRF and stability/Tap tests/2026-05-07_002_tap_tests_servo_rotary/tool_rotary/results/tables/fft/x/2026-05-07_15-06-00_x315_y315_z60_x_xyz_tool_plastic_tip_no_lock_fs_20000_reciprocating_tap2.csv,derived,864959,a50b1f47a3796060b913a361e33f194af921b223d89d04526bb4aa2f6d1e4c6a,2026-05-20T11:24:12Z,,2026-05-07_002_tap_tests_servo_rotary,,,,,,,,,,,,,2,20000,2026-05-07_15-06-00_x315_y315_z60_x_xyz_tool_plastic_tip_no_lock_fs_20000_reciprocating_tap2
tap-tests,Machine FRF and stability/Tap tests/2026-05-07_002_tap_tests_servo_rotary/tool_rotary/results/tables/fft/x/2026-05-07_15-06-00_x315_y315_z60_x_xyz_tool_plastic_tip_no_lock_fs_20000_reciprocating_tap3.csv,derived,865027,be79b3c4ee7e6a36391ccbe91a994bc448398945ba7f4e40ad4b9a508cd015ac,2026-05-20T11:24:16Z,,2026-05-07_002_tap_tests_servo_rotary,,,,,,,,,,,,,3,20000,2026-05-07_15-06-00_x315_y315_z60_x_xyz_tool_plastic_tip_no_lock_fs_20000_reciprocating_tap3
tap-tests,Machine FRF and stability/Tap tests/2026-05-07_002_tap_tests_servo_rotary/tool_rotary/results/tables/fft/x/2026-05-07_15-06-00_x315_y315_z60_x_xyz_tool_plastic_tip_no_lock_fs_20000_reciprocating_tap4.csv,derived,864823,4c60446a65f0fd0c04c12e81a8f793d2f77da3b8471d84dfe76f58de70ecdf0d,2026-05-20T11:24:21Z,,2026-05-07_002_tap_tests_servo_rotary,,,,,,,,,,,,,4,20000,2026-05-07_15-06-00_x315_y315_z60_x_xyz_tool_plastic_tip_no_lock_fs_20000_reciprocating_tap4
tap-tests,Machine FRF and stability/Tap tests/2026-05-07_002_tap_tests_servo_rotary/tool_rotary/results/tables/fft/x/2026-05-07_15-06-00_x315_y315_z60_x_xyz_tool_plastic_tip_no_lock_fs_20000_reciprocating_tap5.csv,derived,865019,40df3f9d2ba3cee1e95c14a5afb218caf41b7beae40e41a7a6194b0d19ffd7a9,2026-05-20T11:24:25Z,,2026-05-07_002_tap_tests_servo_rotary,,,,,,,,,,,,,5,20000,2026-05-07_15-06-00_x315_y315_z60_x_xyz_tool_plastic_tip_no_lock_fs_20000_reciprocating_tap5
tap-tests,Machine FRF and stability/Tap tests/2026-05-07_002_tap_tests_servo_rotary/tool_rotary/results/tables/fft/x/2026-05-07_15-06-00_x315_y315_z60_x_xyz_tool_plastic_tip_no_lock_fs_20000_reciprocating_tap6.csv,derived,865188,9ee5847782e4b55bd61bdca1121a5492a579e00003174673f3d9cdfe0e2d417a,2026-05-20T11:24:29Z,,2026-05-07_002_tap_tests_servo_rotary,,,,,,,,,,,,,6,20000,2026-05-07_15-06-00_x315_y315_z60_x_xyz_tool_plastic_tip_no_lock_fs_20000_reciprocating_tap6
tap-tests,Machine FRF and stability/Tap tests/2026-05-07_002_tap_tests_servo_rotary/tool_rotary/results/tables/fft/x/2026-05-07_15-06-00_x315_y315_z60_x_xyz_tool_plastic_tip_no_lock_fs_20000_reciprocating_tap7.csv,derived,864960,6c54a7bdb96b0542bedb4182996b1a51f6d5609a6dbeba3b466cec16d8b7df0e,2026-05-20T11:24:33Z,,2026-05-07_002_tap_tests_servo_rotary,,,,,,,,,,,,,7,20000,2026-05-07_15-06-00_x315_y315_z60_x_xyz_tool_plastic_tip_no_lock_fs_20000_reciprocating_tap7
tap-tests,Machine FRF and stability/Tap tests/2026-05-07_002_tap_tests_servo_rotary/tool_rotary/results/tables/fft/x/average.csv,derived,870744,a13f68d60b7b414f0d00a1b30792fdcf0beb18ad0b615b8ced6dea8a82901940,2026-05-20T11:25:14Z,,2026-05-07_002_tap_tests_servo_rotary,,,,,,,,,,,,,,,average
tap-tests,Machine FRF and stability/Tap tests/2026-05-07_002_tap_tests_servo_rotary/tool_rotary/results/tables/frequency/x/2026-05-07_15-06-00_x315_y315_z60_x_xyz_tool_plastic_tip_no_lock_fs_20000_reciprocating_tap10.csv,derived,349941,f076499e114536bebf9c0041866700a33e268e009c2148ff8139dc01705700bc,2026-05-20T11:24:38Z,,2026-05-07_002_tap_tests_servo_rotary,,,,,,,,,,,,,10,20000,2026-05-07_15-06-00_x315_y315_z60_x_xyz_tool_plastic_tip_no_lock_fs_20000_reciprocating_tap10
tap-tests,Machine FRF and stability/Tap tests/2026-05-07_002_tap_tests_servo_rotary/tool_rotary/results/tables/frequency/x/2026-05-07_15-06-00_x315_y315_z60_x_xyz_tool_plastic_tip_no_lock_fs_20000_reciprocating_tap11.csv,derived,350173,ed03a7ea9320c4946bf48eacf937a3c783867f4bfef7e7bc1f4a189fee600973,2026-05-20T11:24:42Z,,2026-05-07_002_tap_tests_servo_rotary,,,,,,,,,,,,,11,20000,2026-05-07_15-06-00_x315_y315_z60_x_xyz_tool_plastic_tip_no_lock_fs_20000_reciprocating_tap11
tap-tests,Machine FRF and stability/Tap tests/2026-05-07_002_tap_tests_servo_rotary/tool_rotary/results/tables/frequency/x/2026-05-07_15-06-00_x315_y315_z60_x_xyz_tool_plastic_tip_no_lock_fs_20000_reciprocating_tap12.csv,derived,349852,54e56f1010129bda81f87a69f638cfb6e2ab3a56e7d727f627573850cc6a1abe,2026-05-20T11:24:46Z,,2026-05-07_002_tap_tests_servo_rotary,,,,,,,,,,,,,12,20000,2026-05-07_15-06-00_x315_y315_z60_x_xyz_tool_plastic_tip_no_lock_fs_20000_reciprocating_tap12
tap-tests,Machine FRF and stability/Tap tests/2026-05-07_002_tap_tests_servo_rotary/tool_rotary/results/tables/frequency/x/2026-05-07_15-06-00_x315_y315_z60_x_xyz_tool_plastic_tip_no_lock_fs_20000_reciprocating_tap13.csv,derived,349506,fa0cbfd1902c893dc3660658243a863cbc081589b1958f0e405de718fd55f3e8,2026-05-20T11:24:52Z,,2026-05-07_002_tap_tests_servo_rotary,,,,,,,,,,,,,13,20000,2026-05-07_15-06-00_x315_y315_z60_x_xyz_tool_plastic_tip_no_lock_fs_20000_reciprocating_tap13
tap-tests,Machine FRF and stability/Tap tests/2026-05-07_002_tap_tests_servo_rotary/tool_rotary/results/tables/frequency/x/2026-05-07_15-06-00_x315_y315_z60_x_xyz_tool_plastic_tip_no_lock_fs_20000_reciprocating_tap14.csv,derived,349903,008d2bd81fcf55a800c41e1427d014b4af93f29e4a4e419d0adfd6b2a94eabb2,2026-05-20T11:25:02Z,,2026-05-07_002_tap_tests_servo_rotary,,,,,,,,,,,,,14,20000,2026-05-07_15-06-00_x315_y315_z60_x_xyz_tool_plastic_tip_no_lock_fs_20000_reciprocating_tap14
tap-tests,Machine FRF and stability/Tap tests/2026-05-07_002_tap_tests_servo_rotary/tool_rotary/results/tables/frequency/x/2026-05-07_15-06-00_x315_y315_z60_x_xyz_tool_plastic_tip_no_lock_fs_20000_reciprocating_tap2.csv,derived,349619,f3a0f44de1a391bf58152e1f7c6c489f94a49de3d4d9abdb237affd3afbfd385,2026-05-20T11:24:12Z,,2026-05-07_002_tap_tests_servo_rotary,,,,,,,,,,,,,2,20000,2026-05-07_15-06-00_x315_y315_z60_x_xyz_tool_plastic_tip_no_lock_fs_20000_reciprocating_tap2
tap-tests,Machine FRF and stability/Tap tests/2026-05-07_002_tap_tests_servo_rotary/tool_rotary/results/tables/frequency/x/2026-05-07_15-06-00_x315_y315_z60_x_xyz_tool_plastic_tip_no_lock_fs_20000_reciprocating_tap3.csv,derived,350213,b320112199884981a7436bf082328bd30403b06f367f831394562c22451b8b06,2026-05-20T11:24:16Z,,2026-05-07_002_tap_tests_servo_rotary,,,,,,,,,,,,,3,20000,2026-05-07_15-06-00_x315_y315_z60_x_xyz_tool_plastic_tip_no_lock_fs_20000_reciprocating_tap3
tap-tests,Machine FRF and stability/Tap tests/2026-05-07_002_tap_tests_servo_rotary/tool_rotary/results/tables/frequency/x/2026-05-07_15-06-00_x315_y315_z60_x_xyz_tool_plastic_tip_no_lock_fs_20000_reciprocating_tap4.csv,derived,350261,fb8d09b578623f21c46a0d719100126c102db7c0acd0200eac1e82ca459d95bb,2026-05-20T11:24:21Z,,2026-05-07_002_tap_tests_servo_rotary,,,,,,,,,,,,,4,20000,2026-05-07_15-06-00_x315_y315_z60_x_xyz_tool_plastic_tip_no_lock_fs_20000_reciprocating_tap4
tap-tests,Machine FRF and stability/Tap tests/2026-05-07_002_tap_tests_servo_rotary/tool_rotary/results/tables/frequency/x/2026-05-07_15-06-00_x315_y315_z60_x_xyz_tool_plastic_tip_no_lock_fs_20000_reciprocating_tap5.csv,derived,350249,307563639ee080febde5e955a2b304259edd1cd7b133393d1834693afc2d8ead,2026-05-20T11:24:25Z,,2026-05-07_002_tap_tests_servo_rotary,,,,,,,,,,,,,5,20000,2026-05-07_15-06-00_x315_y315_z60_x_xyz_tool_plastic_tip_no_lock_fs_20000_reciprocating_tap5
tap-tests,Machine FRF and stability/Tap tests/2026-05-07_002_tap_tests_servo_rotary/tool_rotary/results/tables/frequency/x/2026-05-07_15-06-00_x315_y315_z60_x_xyz_tool_plastic_tip_no_lock_fs_20000_reciprocating_tap6.csv,derived,349967,d7f8ec8eddc8831974ac1295b9d44dc5223cb35d4702464af9b7536bf8d01dba,2026-05-20T11:24:29Z,,2026-05-07_002_tap_tests_servo_rotary,,,,,,,,,,,,,6,20000,2026-05-07_15-06-00_x315_y315_z60_x_xyz_tool_plastic_tip_no_lock_fs_20000_reciprocating_tap6
tap-tests,Machine FRF and stability/Tap tests/2026-05-07_002_tap_tests_servo_rotary/tool_rotary/results/tables/frequency/x/2026-05-07_15-06-00_x315_y315_z60_x_xyz_tool_plastic_tip_no_lock_fs_20000_reciprocating_tap7.csv,derived,350292,6a07a32854a892d21a1644856b78ff843260a44c25f1e10e03f316f34968ccbc,2026-05-20T11:24:33Z,,2026-05-07_002_tap_tests_servo_rotary,,,,,,,,,,,,,7,20000,2026-05-07_15-06-00_x315_y315_z60_x_xyz_tool_plastic_tip_no_lock_fs_20000_reciprocating_tap7
tap-tests,Machine FRF and stability/Tap tests/2026-05-07_002_tap_tests_servo_rotary/tool_rotary/results/tables/frequency/x/average.csv,derived,350969,ba6be9e222328103d071dc87ea920a8c2c54a5fe82aee7e7e2a3081b83304c13,2026-05-20T11:25:14Z,,2026-05-07_002_tap_tests_servo_rotary,,,,,,,,,,,,,,,average
tap-tests,Machine FRF and stability/Tap tests/2026-05-07_002_tap_tests_servo_rotary/tool_rotary/results/tables/raw/x/2026-05-07_15-06-00_x315_y315_z60_x_xyz_tool_plastic_tip_no_lock_fs_20000_reciprocating_tap10.csv,derived,349949,6b90733479968d19adcd1fec5eaa5b4ce39659483582ed982cf2d276444bc83e,2026-05-20T11:24:38Z,,2026-05-07_002_tap_tests_servo_rotary,,,,,,,,,,,,,10,20000,2026-05-07_15-06-00_x315_y315_z60_x_xyz_tool_plastic_tip_no_lock_fs_20000_reciprocating_tap10
tap-tests,Machine FRF and stability/Tap tests/2026-05-07_002_tap_tests_servo_rotary/tool_rotary/results/tables/raw/x/2026-05-07_15-06-00_x315_y315_z60_x_xyz_tool_plastic_tip_no_lock_fs_20000_reciprocating_tap11.csv,derived,350012,237f1fd27571dfd9e9e275841cbcb58681f1199a45e96217ad100ddb23328a74,2026-05-20T11:24:42Z,,2026-05-07_002_tap_tests_servo_rotary,,,,,,,,,,,,,11,20000,2026-05-07_15-06-00_x315_y315_z60_x_xyz_tool_plastic_tip_no_lock_fs_20000_reciprocating_tap11
tap-tests,Machine FRF and stability/Tap tests/2026-05-07_002_tap_tests_servo_rotary/tool_rotary/results/tables/raw/x/2026-05-07_15-06-00_x315_y315_z60_x_xyz_tool_plastic_tip_no_lock_fs_20000_reciprocating_tap12.csv,derived,349786,40eb59b5b1aff2127400f7e4d490e64bbda3d8fbaf7c6d4ca8f817ce30cbeca3,2026-05-20T11:24:46Z,,2026-05-07_002_tap_tests_servo_rotary,,,,,,,,,,,,,12,20000,2026-05-07_15-06-00_x315_y315_z60_x_xyz_tool_plastic_tip_no_lock_fs_20000_reciprocating_tap12
tap-tests,Machine FRF and stability/Tap tests/2026-05-07_002_tap_tests_servo_rotary/tool_rotary/results/tables/raw/x/2026-05-07_15-06-00_x315_y315_z60_x_xyz_tool_plastic_tip_no_lock_fs_20000_reciprocating_tap13.csv,derived,349866,1c252ec27978bcf78d950890f70bf4f9d742678710ab389373ed5a519bbea398,2026-05-20T11:24:52Z,,2026-05-07_002_tap_tests_servo_rotary,,,,,,,,,,,,,13,20000,2026-05-07_15-06-00_x315_y315_z60_x_xyz_tool_plastic_tip_no_lock_fs_20000_reciprocating_tap13
tap-tests,Machine FRF and stability/Tap tests/2026-05-07_002_tap_tests_servo_rotary/tool_rotary/results/tables/raw/x/2026-05-07_15-06-00_x315_y315_z60_x_xyz_tool_plastic_tip_no_lock_fs_20000_reciprocating_tap14.csv,derived,349883,4023befd4b2cbc79a892b80e7a97067544b23366a2f1fa255b15e1186eb3eabe,2026-05-20T11:25:03Z,,2026-05-07_002_tap_tests_servo_rotary,,,,,,,,,,,,,14,20000,2026-05-07_15-06-00_x315_y315_z60_x_xyz_tool_plastic_tip_no_lock_fs_20000_reciprocating_tap14
tap-tests,Machine FRF and stability/Tap tests/2026-05-07_002_tap_tests_servo_rotary/tool_rotary/results/tables/raw/x/2026-05-07_15-06-00_x315_y315_z60_x_xyz_tool_plastic_tip_no_lock_fs_20000_reciprocating_tap2.csv,derived,349819,e787616f114b197c63e03660c67c06c1865870f2e9a893543ca0fbd4ac4a7745,2026-05-20T11:24:12Z,,2026-05-07_002_tap_tests_servo_rotary,,,,,,,,,,,,,2,20000,2026-05-07_15-06-00_x315_y315_z60_x_xyz_tool_plastic_tip_no_lock_fs_20000_reciprocating_tap2
tap-tests,Machine FRF and stability/Tap tests/2026-05-07_002_tap_tests_servo_rotary/tool_rotary/results/tables/raw/x/2026-05-07_15-06-00_x315_y315_z60_x_xyz_tool_plastic_tip_no_lock_fs_20000_reciprocating_tap3.csv,derived,349888,8218efd04b689a3cd9cfd9c8361de15681cfe97a607600713df4d9b5dcc691b1,2026-05-20T11:24:16Z,,2026-05-07_002_tap_tests_servo_rotary,,,,,,,,,,,,,3,20000,2026-05-07_15-06-00_x315_y315_z60_x_xyz_tool_plastic_tip_no_lock_fs_20000_reciprocating_tap3
tap-tests,Machine FRF and stability/Tap tests/2026-05-07_002_tap_tests_servo_rotary/tool_rotary/results/tables/raw/x/2026-05-07_15-06-00_x315_y315_z60_x_xyz_tool_plastic_tip_no_lock_fs_20000_reciprocating_tap4.csv,derived,349853,608de3b6445f419c0e0ce27f9078a5a6322a6f578592316c97e5c61eaeb0282a,2026-05-20T11:24:21Z,,2026-05-07_002_tap_tests_servo_rotary,,,,,,,,,,,,,4,20000,2026-05-07_15-06-00_x315_y315_z60_x_xyz_tool_plastic_tip_no_lock_fs_20000_reciprocating_tap4
tap-tests,Machine FRF and stability/Tap tests/2026-05-07_002_tap_tests_servo_rotary/tool_rotary/results/tables/raw/x/2026-05-07_15-06-00_x315_y315_z60_x_xyz_tool_plastic_tip_no_lock_fs_20000_reciprocating_tap5.csv,derived,349730,32032c6547deca7d058965cd8041d2ff059a5192a1ab3197d8d027ae7d90a16a,2026-05-20T11:24:25Z,,2026-05-07_002_tap_tests_servo_rotary,,,,,,,,,,,,,5,20000,2026-05-07_15-06-00_x315_y315_z60_x_xyz_tool_plastic_tip_no_lock_fs_20000_reciprocating_tap5
tap-tests,Machine FRF and stability/Tap tests/2026-05-07_002_tap_tests_servo_rotary/tool_rotary/results/tables/raw/x/2026-05-07_15-06-00_x315_y315_z60_x_xyz_tool_plastic_tip_no_lock_fs_20000_reciprocating_tap6.csv,derived,349919,c2a08d98810512c6a0ae796f853d7f6a12ac34ca3b32de8550fb9066275f7119,2026-05-20T11:24:29Z,,2026-05-07_002_tap_tests_servo_rotary,,,,,,,,,,,,,6,20000,2026-05-07_15-06-00_x315_y315_z60_x_xyz_tool_plastic_tip_no_lock_fs_20000_reciprocating_tap6
tap-tests,Machine FRF and stability/Tap tests/2026-05-07_002_tap_tests_servo_rotary/tool_rotary/results/tables/raw/x/2026-05-07_15-06-00_x315_y315_z60_x_xyz_tool_plastic_tip_no_lock_fs_20000_reciprocating_tap7.csv,derived,349886,8dc832257807b0663074864cccd85908fcedc5799f525f90b5f859cce5f2c664,2026-05-20T11:24:33Z,,2026-05-07_002_tap_tests_servo_rotary,,,,,,,,,,,,,7,20000,2026-05-07_15-06-00_x315_y315_z60_x_xyz_tool_plastic_tip_no_lock_fs_20000_reciprocating_tap7
tap-tests,Machine FRF and stability/Tap tests/2026-05-07_002_tap_tests_servo_rotary/tool_rotary/results/tables/time/x/2026-05-07_15-06-00_x315_y315_z60_x_xyz_tool_plastic_tip_no_lock_fs_20000_reciprocating_tap10.csv,derived,714085,13f3e427738065b50d8b5cde7b965717be9ebe5fae6f63e159d8ea7445db5650,2026-05-20T11:24:37Z,,2026-05-07_002_tap_tests_servo_rotary,,,,,,,,,,,,,10,20000,2026-05-07_15-06-00_x315_y315_z60_x_xyz_tool_plastic_tip_no_lock_fs_20000_reciprocating_tap10
tap-tests,Machine FRF and stability/Tap tests/2026-05-07_002_tap_tests_servo_rotary/tool_rotary/results/tables/time/x/2026-05-07_15-06-00_x315_y315_z60_x_xyz_tool_plastic_tip_no_lock_fs_20000_reciprocating_tap11.csv,derived,713106,e662659cfd4cc433b73c75a7a19a2fe74109cac7bd6f508992992835a5659680,2026-05-20T11:24:42Z,,2026-05-07_002_tap_tests_servo_rotary,,,,,,,,,,,,,11,20000,2026-05-07_15-06-00_x315_y315_z60_x_xyz_tool_plastic_tip_no_lock_fs_20000_reciprocating_tap11
tap-tests,Machine FRF and stability/Tap tests/2026-05-07_002_tap_tests_servo_rotary/tool_rotary/results/tables/time/x/2026-05-07_15-06-00_x315_y315_z60_x_xyz_tool_plastic_tip_no_lock_fs_20000_reciprocating_tap12.csv,derived,713615,17becbe0eb9d18c5792916986f77248469d82f64a675a6b49b98b4517eb31055,2026-05-20T11:24:46Z,,2026-05-07_002_tap_tests_servo_rotary,,,,,,,,,,,,,12,20000,2026-05-07_15-06-00_x315_y315_z60_x_xyz_tool_plastic_tip_no_lock_fs_20000_reciprocating_tap12
tap-tests,Machine FRF and stability/Tap tests/2026-05-07_002_tap_tests_servo_rotary/tool_rotary/results/tables/time/x/2026-05-07_15-06-00_x315_y315_z60_x_xyz_tool_plastic_tip_no_lock_fs_20000_reciprocating_tap13.csv,derived,712115,d42510cb02ec79bfa4ae96a0a1a11cd54c5dfa6a88b2b422550a1fab9f8545e0,2026-05-20T11:24:52Z,,2026-05-07_002_tap_tests_servo_rotary,,,,,,,,,,,,,13,20000,2026-05-07_15-06-00_x315_y315_z60_x_xyz_tool_plastic_tip_no_lock_fs_20000_reciprocating_tap13
tap-tests,Machine FRF and stability/Tap tests/2026-05-07_002_tap_tests_servo_rotary/tool_rotary/results/tables/time/x/2026-05-07_15-06-00_x315_y315_z60_x_xyz_tool_plastic_tip_no_lock_fs_20000_reciprocating_tap14.csv,derived,713965,56bf781f2d1175851f5c7865d648ee22d465d3b258b2c7cc7fc58b6333dbbe4b,2026-05-20T11:25:02Z,,2026-05-07_002_tap_tests_servo_rotary,,,,,,,,,,,,,14,20000,2026-05-07_15-06-00_x315_y315_z60_x_xyz_tool_plastic_tip_no_lock_fs_20000_reciprocating_tap14
tap-tests,Machine FRF and stability/Tap tests/2026-05-07_002_tap_tests_servo_rotary/tool_rotary/results/tables/time/x/2026-05-07_15-06-00_x315_y315_z60_x_xyz_tool_plastic_tip_no_lock_fs_20000_reciprocating_tap2.csv,derived,713312,5c7a2700a0333befc3f8b69700e6420b81cad8b48fe3bee5a440f8c15f4cb3c6,2026-05-20T11:24:12Z,,2026-05-07_002_tap_tests_servo_rotary,,,,,,,,,,,,,2,20000,2026-05-07_15-06-00_x315_y315_z60_x_xyz_tool_plastic_tip_no_lock_fs_20000_reciprocating_tap2
tap-tests,Machine FRF and stability/Tap tests/2026-05-07_002_tap_tests_servo_rotary/tool_rotary/results/tables/time/x/2026-05-07_15-06-00_x315_y315_z60_x_xyz_tool_plastic_tip_no_lock_fs_20000_reciprocating_tap3.csv,derived,712452,263df9901bb0e75fa3e758bbd2a959ddd425ee4c2be254b370e597a870ecb42d,2026-05-20T11:24:16Z,,2026-05-07_002_tap_tests_servo_rotary,,,,,,,,,,,,,3,20000,2026-05-07_15-06-00_x315_y315_z60_x_xyz_tool_plastic_tip_no_lock_fs_20000_reciprocating_tap3
tap-tests,Machine FRF and stability/Tap tests/2026-05-07_002_tap_tests_servo_rotary/tool_rotary/results/tables/time/x/2026-05-07_15-06-00_x315_y315_z60_x_xyz_tool_plastic_tip_no_lock_fs_20000_reciprocating_tap4.csv,derived,712701,9010335c74cb8c88ae13fd63f931eb1d6daf1ec47180199d8ff7fb677516323e,2026-05-20T11:24:20Z,,2026-05-07_002_tap_tests_servo_rotary,,,,,,,,,,,,,4,20000,2026-05-07_15-06-00_x315_y315_z60_x_xyz_tool_plastic_tip_no_lock_fs_20000_reciprocating_tap4
tap-tests,Machine FRF and stability/Tap tests/2026-05-07_002_tap_tests_servo_rotary/tool_rotary/results/tables/time/x/2026-05-07_15-06-00_x315_y315_z60_x_xyz_tool_plastic_tip_no_lock_fs_20000_reciprocating_tap5.csv,derived,712711,6d5fd00994a9121d6b583385d1c97cb03ac938973c4488be445e12a2515c9ded,2026-05-20T11:24:25Z,,2026-05-07_002_tap_tests_servo_rotary,,,,,,,,,,,,,5,20000,2026-05-07_15-06-00_x315_y315_z60_x_xyz_tool_plastic_tip_no_lock_fs_20000_reciprocating_tap5
tap-tests,Machine FRF and stability/Tap tests/2026-05-07_002_tap_tests_servo_rotary/tool_rotary/results/tables/time/x/2026-05-07_15-06-00_x315_y315_z60_x_xyz_tool_plastic_tip_no_lock_fs_20000_reciprocating_tap6.csv,derived,712751,2863c40d5916e0571747a2dbc8747550306a16c4cf0e697741cab098054e02b8,2026-05-20T11:24:29Z,,2026-05-07_002_tap_tests_servo_rotary,,,,,,,,,,,,,6,20000,2026-05-07_15-06-00_x315_y315_z60_x_xyz_tool_plastic_tip_no_lock_fs_20000_reciprocating_tap6
tap-tests,Machine FRF and stability/Tap tests/2026-05-07_002_tap_tests_servo_rotary/tool_rotary/results/tables/time/x/2026-05-07_15-06-00_x315_y315_z60_x_xyz_tool_plastic_tip_no_lock_fs_20000_reciprocating_tap7.csv,derived,712797,9a3a8f6f767b953e995567fbb420b6b494ab68aa4e507199ff1b7e2c297611b6,2026-05-20T11:24:33Z,,2026-05-07_002_tap_tests_servo_rotary,,,,,,,,,,,,,7,20000,2026-05-07_15-06-00_x315_y315_z60_x_xyz_tool_plastic_tip_no_lock_fs_20000_reciprocating_tap7
tap-tests,Machine FRF and stability/Tap tests/2026-05-07_002_tap_tests_servo_rotary/tool_rotary/results/tables/time/x/average.csv,derived,795659,29622cc7c8ebbef904e47951c3f8f0da110742406fbaa88db90f465735852ad4,2026-05-20T11:25:13Z,,2026-05-07_002_tap_tests_servo_rotary,,,,,,,,,,,,,,,average
tap-tests,Machine FRF and stability/Tap tests/2026-05-07_003_tap_tests_servo_linear/2026-05-07_14-02-00_X315_Y315_Z60_x_XYZ_spindle_alu_tip_no_lock_fs_20000.CSV,export,560246,2ac6f1ce7157397792b6ed25bf30bcb93ee21ae3d29211fd144cd800f05bd06a,2026-05-07T13:27:22Z,,2026-05-07_003_tap_tests_servo_linear,2026-05-07T14:02:00,x,315,315,60,,,,,,,,,20000,XYZ_spindle_alu_tip_no_lock
tap-tests,Machine FRF and stability/Tap tests/2026-05-07_003_tap_tests_servo_linear/2026-05-07_14-02-00_X315_Y315_Z60_x_XYZ_spindle_alu_tip_no_lock_fs_20000.WDH,raw,9601172,c2a2622213de9fc3dc34b6ad200dc03715defff6517558761de87c02d26eb17a,2026-05-07T12:03:11Z,,2026-05-07_003_tap_tests_servo_linear,2026-05-07T14:02:00,x,315,315,60,,,,,,,,,20000,XYZ_spindle_alu_tip_no_lock
tap-tests,Machine FRF and stability/Tap tests/2026-05-07_003_tap_tests_servo_linear/2026-05-07_14-02-00_X315_Y315_Z60_x_XYZ_spindle_alu_tip_no_lock_fs_20000_tap1.CSV,export,560134,f26d5dd389e196632122c8f78c7dd007960c32fde3f679c9ca4cf7baf704dc8c,2026-05-20T08:58:11Z,,2026-05-07_003_tap_tests_servo_linear,2026-05-07T14:02:00,x,315,315,60,,,,,,,,1,20000,XYZ_spindle_alu_tip_no_lock
tap-tests,Machine FRF and stability/Tap tests/2026-05-07_003_tap_tests_servo_linear/2026-05-07_14-02-00_X315_Y315_Z60_x_XYZ_spindle_alu_tip_no_lock_fs_20000_tap10.CSV,export,560134,513ce9cc8bb6531cde03cc63dc0fbc67abc58917041bf692920465c2e7a835db,2026-05-20T09:33:27Z,,2026-05-07_003_tap_tests_servo_linear,2026-05-07T14:02:00,x,315,315,60,,,,,,,,10,20000,XYZ_spindle_alu_tip_no_lock
tap-tests,Machine FRF and stability/Tap tests/2026-05-07_003_tap_tests_servo_linear/2026-05-07_14-02-00_X315_Y315_Z60_x_XYZ_spindle_alu_tip_no_lock_fs_20000_tap11.CSV,export,560134,1d46d1a5f216f1f5d40b49edcfb103728c545b2f4533e5ac658a261727377fa9,2026-05-20T09:34:19Z,,2026-05-07_003_tap_tests_servo_linear,2026-05-07T14:02:00,x,315,315,60,,,,,,,,11,20000,XYZ_spindle_alu_tip_no_lock
tap-tests,Machine FRF and stability/Tap tests/2026-05-07_003_tap_tests_servo_linear/2026-05-07_14-02-00_X315_Y315_Z60_x_XYZ_spindle_alu_tip_no_lock_fs_20000_tap13.CSV,export,560134,c5a2214a802a5395dfd02a87ff111c04d898f7fe7104c78d9973ee04647a0e4f,2026-05-20T09:35:37Z,,2026-05-07_003_tap_tests_servo_linear,2026-05-07T14:02:00,x,315,315,60,,,,,,,,13,20000,XYZ_spindle_alu_tip_no_lock
tap-tests,Machine FRF and stability/Tap tests/2026-05-07_003_tap_tests_servo_linear/2026-05-07_14-02-00_X315_Y315_Z60_x_XYZ_spindle_alu_tip_no_lock_fs_20000_tap2.CSV,export,560134,135b20614c5316b3359beb13eee7f2fe4b8d1a4635d3add2ec2c402e4b8a3cbe,2026-05-20T09:10:00Z,,2026-05-07_003_tap_tests_servo_linear,2026-05-07T14:02:00,x,315,315,60,,,,,,,,2,20000,XYZ_spindle_alu_tip_no_lock
tap-tests,Machine FRF and stability/Tap tests/2026-05-07_003_tap_tests_servo_linear/2026-05-07_14-02-00_X315_Y315_Z60_x_XYZ_spindle_alu_tip_no_lock_fs_20000_tap3.CSV,export,560134,7f9817128f607df84fb70a85bfbce115d21524307d00151125732789af06e21e,2026-05-20T09:27:04Z,,2026-05-07_003_tap_tests_servo_linear,2026-05-07T14:02:00,x,315,315,60,,,,,,,,3,20000,XYZ_spindle_alu_tip_no_lock
tap-tests,Machine FRF and stability/Tap tests/2026-05-07_003_tap_tests_servo_linear/2026-05-07_14-02-00_X315_Y315_Z60_x_XYZ_spindle_alu_tip_no_lock_fs_20000_tap5.CSV,export,560134,557edef2df716c1c4d2787f93db46fbe1b05aeb9c5b340ab5411ae95507ba0de,2026-05-20T09:28:24Z,,2026-05-07_003_tap_tests_servo_linear,2026-05-07T14:02:00,x,315,315,60,,,,,,,,5,20000,XYZ_spindle_alu_tip_no_lock
tap-tests,Machine FRF and stability/Tap tests/2026-05-07_003_tap_tests_servo_linear/2026-05-07_14-02-00_X315_Y315_Z60_x_XYZ_spindle_alu_tip_no_lock_fs_20000_tap6.CSV,export,560134,51e11b0143a63d5156264b85f364e2c04096e3de90cea0336418c9b5e0e39df3,2026-05-20T09:30:02Z,,2026-05-07_003_tap_tests_servo_linear,2026-05-07T14:02:00,x,315,315,60,,,,,,,,6,20000,XYZ_spindle_alu_tip_no_lock
tap-tests,Machine FRF and stability/Tap tests/2026-05-07_003_tap_tests_servo_linear/2026-05-07_14-02-00_X315_Y315_Z60_x_XYZ_spindle_alu_tip_no_lock_fs_20000_tap7.CSV,export,560134,3f892e206d3c5958700d19105142cf4fd482648038ebe8bacda9156dc54863ca,2026-05-20T09:31:00Z,,2026-05-07_003_tap_tests_servo_linear,2026-05-07T14:02:00,x,315,315,60,,,,,,,,7,20000,XYZ_spindle_alu_tip_no_lock
tap-tests,Machine FRF and stability/Tap tests/2026-05-07_003_tap_tests_servo_linear/2026-05-07_14-02-00_X315_Y315_Z60_x_XYZ_spindle_alu_tip_no_lock_fs_20000_tap9.CSV,export,560134,bf7c8270f5396b9259f633af6780b1820f09f314f22a9e47f9c9076b0dceaaab,2026-05-20T09:32:18Z,,2026-05-07_003_tap_tests_servo_linear,2026-05-07T14:02:00,x,315,315,60,,,,,,,,9,20000,XYZ_spindle_alu_tip_no_lock
tap-tests,Machine FRF and stability/Tap tests/2026-05-07_003_tap_tests_servo_linear/2026-05-07_14-03-00_X315_Y315_Z60_x_XYZ_spindle_alu_tip_no_lock_fs_20000_reciprocating.WDH,raw,9601172,c34fa082a74474ff6294085d61e4b522ade7e82a74a684af2bada90279e8574c,2026-05-07T12:04:37Z,,2026-05-07_003_tap_tests_servo_linear,2026-05-07T14:03:00,x,315,315,60,,,,,,,,,20000,XYZ_spindle_alu_tip_no_lock_reciprocating
tap-tests,Machine FRF and stability/Tap tests/2026-05-07_003_tap_tests_servo_linear/2026-05-07_14-03-00_X315_Y315_Z60_x_XYZ_spindle_alu_tip_no_lock_fs_20000_reciprocating_tap10.CSV,export,560134,c5823df4b7474a772ffed478b6d0fca6de9e6016171ba33a0e9e96dbf10ab147,2026-05-20T09:49:37Z,,2026-05-07_003_tap_tests_servo_linear,2026-05-07T14:03:00,x,315,315,60,,,,,,,,10,20000,XYZ_spindle_alu_tip_no_lock_reciprocating
tap-tests,Machine FRF and stability/Tap tests/2026-05-07_003_tap_tests_servo_linear/2026-05-07_14-03-00_X315_Y315_Z60_x_XYZ_spindle_alu_tip_no_lock_fs_20000_reciprocating_tap11.CSV,export,560134,6bf62fb6cd7ad25d08b3f00aa44ac182dfa94270a4b1e512e155a61ec46e95f8,2026-05-20T10:39:07Z,,2026-05-07_003_tap_tests_servo_linear,2026-05-07T14:03:00,x,315,315,60,,,,,,,,11,20000,XYZ_spindle_alu_tip_no_lock_reciprocating
tap-tests,Machine FRF and stability/Tap tests/2026-05-07_003_tap_tests_servo_linear/2026-05-07_14-03-00_X315_Y315_Z60_x_XYZ_spindle_alu_tip_no_lock_fs_20000_reciprocating_tap12.CSV,export,560134,bd1f890fae3ed537ab7df6559e12186c23558ea73c7c88ecf8fb6f804e7e89c3,2026-05-20T10:40:00Z,,2026-05-07_003_tap_tests_servo_linear,2026-05-07T14:03:00,x,315,315,60,,,,,,,,12,20000,XYZ_spindle_alu_tip_no_lock_reciprocating
tap-tests,Machine FRF and stability/Tap tests/2026-05-07_003_tap_tests_servo_linear/2026-05-07_14-03-00_X315_Y315_Z60_x_XYZ_spindle_alu_tip_no_lock_fs_20000_reciprocating_tap13.CSV,export,560134,2036cb102feada7386650b725888e864bf990c64e67ec444781a18eab91dc024,2026-05-20T10:40:49Z,,2026-05-07_003_tap_tests_servo_linear,2026-05-07T14:03:00,x,315,315,60,,,,,,,,13,20000,XYZ_spindle_alu_tip_no_lock_reciprocating
tap-tests,Machine FRF and stability/Tap tests/2026-05-07_003_tap_tests_servo_linear/2026-05-07_14-03-00_X315_Y315_Z60_x_XYZ_spindle_alu_tip_no_lock_fs_20000_reciprocating_tap16.CSV,export,560134,9b1ac5b63065bc52c6ac8cf9a77db579dc2944ecc9083d864d6af0a7d5b59e49,2026-05-20T10:41:47Z,,2026-05-07_003_tap_tests_servo_linear,2026-05-07T14:03:00,x,315,315,60,,,,,,,,16,20000,XYZ_spindle_alu_tip_no_lock_reciprocating
tap-tests,Machine FRF and stability/Tap tests/2026-05-07_003_tap_tests_servo_linear/2026-05-07_14-03-00_X315_Y315_Z60_x_XYZ_spindle_alu_tip_no_lock_fs_20000_reciprocating_tap17.CSV,export,560134,77ac0eb475ab2b9cdd61796aa1190eb74bf55223bec1f6442aa5453487e2fea5,2026-05-20T10:42:38Z,,2026-05-07_003_tap_tests_servo_linear,2026-05-07T14:03:00,x,315,315,60,,,,,,,,17,20000,XYZ_spindle_alu_tip_no_lock_reciprocating
tap-tests,Machine FRF and stability/Tap tests/2026-05-07_003_tap_tests_servo_linear/2026-05-07_14-03-00_X315_Y315_Z60_x_XYZ_spindle_alu_tip_no_lock_fs_20000_reciprocating_tap2.CSV,export,560134,58dc9968ed57259f95db6091947c5767073598f1ac262acb2b28d530fc6b147d,2026-05-20T09:45:20Z,,2026-05-07_003_tap_tests_servo_linear,2026-05-07T14:03:00,x,315,315,60,,,,,,,,2,20000,XYZ_spindle_alu_tip_no_lock_reciprocating
tap-tests,Machine FRF and stability/Tap tests/2026-05-07_003_tap_tests_servo_linear/2026-05-07_14-03-00_X315_Y315_Z60_x_XYZ_spindle_alu_tip_no_lock_fs_20000_reciprocating_tap3.CSV,export,560134,b2397bd422092c22ef16971cd0c9563bd581199b4367ee05036180f30464f3ed,2026-05-20T09:46:08Z,,2026-05-07_003_tap_tests_servo_linear,2026-05-07T14:03:00,x,315,315,60,,,,,,,,3,20000,XYZ_spindle_alu_tip_no_lock_reciprocating
tap-tests,Machine FRF and stability/Tap tests/2026-05-07_003_tap_tests_servo_linear/2026-05-07_14-03-00_X315_Y315_Z60_x_XYZ_spindle_alu_tip_no_lock_fs_20000_reciprocating_tap8.CSV,export,560134,58e339be900df200d0db707b90649991e02f1676b69ff2e41ea92131cf3e305d,2026-05-20T09:47:38Z,,2026-05-07_003_tap_tests_servo_linear,2026-05-07T14:03:00,x,315,315,60,,,,,,,,8,20000,XYZ_spindle_alu_tip_no_lock_reciprocating
tap-tests,Machine FRF and stability/Tap tests/2026-05-07_003_tap_tests_servo_linear/2026-05-07_14-03-00_X315_Y315_Z60_x_XYZ_spindle_alu_tip_no_lock_fs_20000_reciprocating_tap9.CSV,export,560134,f1060f839982f7f3d6603206295fd482b829294f4d174d08d13f572b82ded74e,2026-05-20T09:48:46Z,,2026-05-07_003_tap_tests_servo_linear,2026-05-07T14:03:00,x,315,315,60,,,,,,,,9,20000,XYZ_spindle_alu_tip_no_lock_reciprocating
tap-tests,Machine FRF and stability/Tap tests/2026-05-07_003_tap_tests_servo_linear/2026-05-07_14-11-00_X315_Y315_Z60_x_XYZ_tool_plastic_tip_no_lock_fs_20000.CSV,export,560134,013e6ac3fc54bb0a0ce0c1395976d50acc2f3cebc847a2bb97771c8ff99ec513,2026-05-07T13:30:59Z,,2026-05-07_003_tap_tests_servo_linear,2026-05-07T14:11:00,x,315,315,60,,,,,,,,,20000,XYZ_tool_plastic_tip_no_lock
tap-tests,Machine FRF and stability/Tap tests/2026-05-07_003_tap_tests_servo_linear/2026-05-07_14-11-00_X315_Y315_Z60_x_XYZ_tool_plastic_tip_no_lock_fs_20000.WDH,raw,9601172,c703458e644ca98e2e6754069b7aa5244deb2adc751519c99a1a8ef605879be0,2026-05-07T12:12:24Z,,2026-05-07_003_tap_tests_servo_linear,2026-05-07T14:11:00,x,315,315,60,,,,,,,,,20000,XYZ_tool_plastic_tip_no_lock
tap-tests,Machine FRF and stability/Tap tests/2026-05-07_003_tap_tests_servo_linear/2026-05-07_14-15-00_X315_Y315_Z60_x_XYZ_tool_plastic_tip_no_lock_fs_20000_reciprocating.WDH,raw,9601172,01e54dcb705b70c497c1b4d117d63019fa04921c0a5a3c1036f3753fbd49db97,2026-05-07T12:15:59Z,,2026-05-07_003_tap_tests_servo_linear,2026-05-07T14:15:00,x,315,315,60,,,,,,,,,20000,XYZ_tool_plastic_tip_no_lock_reciprocating
tap-tests,Machine FRF and stability/Tap tests/2026-05-07_003_tap_tests_servo_linear/2026-05-07_14-15-00_X315_Y315_Z60_x_XYZ_tool_plastic_tip_no_lock_fs_20000_reciprocating_tap12.CSV,export,560134,e08d957209fce18d0eaf7edc5a0f8a5f45b38e50e1a6f430103086ccf02162bd,2026-05-20T07:55:34Z,,2026-05-07_003_tap_tests_servo_linear,2026-05-07T14:15:00,x,315,315,60,,,,,,,,12,20000,XYZ_tool_plastic_tip_no_lock_reciprocating
tap-tests,Machine FRF and stability/Tap tests/2026-05-07_003_tap_tests_servo_linear/2026-05-07_14-15-00_X315_Y315_Z60_x_XYZ_tool_plastic_tip_no_lock_fs_20000_reciprocating_tap13.CSV,export,560134,f715792b128e7ca66a93f8c82d335001b7636dde9b708501707e5c605d6de4e8,2026-05-20T07:57:54Z,,2026-05-07_003_tap_tests_servo_linear,2026-05-07T14:15:00,x,315,315,60,,,,,,,,13,20000,XYZ_tool_plastic_tip_no_lock_reciprocating
tap-tests,Machine FRF and stability/Tap tests/2026-05-07_003_tap_tests_servo_linear/2026-05-07_14-15-00_X315_Y315_Z60_x_XYZ_tool_plastic_tip_no_lock_fs_20000_reciprocating_tap16.CSV,export,560134,8dd4cf6e0d9b78f91a52a3586ec1ffddd9628c2b2b361050df7fc639d8ffb770,2026-05-20T08:14:48Z,,2026-05-07_003_tap_tests_servo_linear,2026-05-07T14:15:00,x,315,315,60,,,,,,,,16,20000,XYZ_tool_plastic_tip_no_lock_reciprocating
tap-tests,Machine FRF and stability/Tap tests/2026-05-07_003_tap_tests_servo_linear/2026-05-07_14-15-00_X315_Y315_Z60_x_XYZ_tool_plastic_tip_no_lock_fs_20000_reciprocating_tap19.CSV,export,560134,240344ad8cb2cce719102bbad0cdf191df77e63e7374ea53336518f225576cd1,2026-05-20T08:43:46Z,,2026-05-07_003_tap_tests_servo_linear,2026-05-07T14:15:00,x,315,315,60,,,,,,,,19,20000,XYZ_tool_plastic_tip_no_lock_reciprocating
tap-tests,Machine FRF and stability/Tap tests/2026-05-07_003_tap_tests_servo_linear/2026-05-07_14-15-00_X315_Y315_Z60_x_XYZ_tool_plastic_tip_no_lock_fs_20000_reciprocating_tap20.CSV,export,560134,8ee9a6c390293e6775a4e341cfa66482c5f8136a95467b72e40a82097904b783,2026-05-20T08:44:58Z,,2026-05-07_003_tap_tests_servo_linear,2026-05-07T14:15:00,x,315,315,60,,,,,,,,20,20000,XYZ_tool_plastic_tip_no_lock_reciprocating
tap-tests,Machine FRF and stability/Tap tests/2026-05-07_003_tap_tests_servo_linear/2026-05-07_14-15-00_X315_Y315_Z60_x_XYZ_tool_plastic_tip_no_lock_fs_20000_reciprocating_tap21.CSV,export,560134,ce544b59779c45c811feab702fe26013fcad5fdd8f1358de5878d302e38c83c9,2026-05-20T08:46:59Z,,2026-05-07_003_tap_tests_servo_linear,2026-05-07T14:15:00,x,315,315,60,,,,,,,,21,20000,XYZ_tool_plastic_tip_no_lock_reciprocating
tap-tests,Machine FRF and stability/Tap tests/2026-05-07_003_tap_tests_servo_linear/2026-05-07_14-15-00_X315_Y315_Z60_x_XYZ_tool_plastic_tip_no_lock_fs_20000_reciprocating_tap23.CSV,export,560134,0e1e49680c0d7f5ecd6c70bcf8ec72780d37072ae053b08cde1276d2465adebe,2026-05-20T08:53:13Z,,2026-05-07_003_tap_tests_servo_linear,2026-05-07T14:15:00,x,315,315,60,,,,,,,,23,20000,XYZ_tool_plastic_tip_no_lock_reciprocating
tap-tests,Machine FRF and stability/Tap tests/2026-05-07_003_tap_tests_servo_linear/2026-05-07_14-15-00_X315_Y315_Z60_x_XYZ_tool_plastic_tip_no_lock_fs_20000_reciprocating_tap24.CSV,export,560134,a27b3e5461ba1f7a3e51123191050194ec1bbf0be815d632330d29626f985604,2026-05-20T08:54:10Z,,2026-05-07_003_tap_tests_servo_linear,2026-05-07T14:15:00,x,315,315,60,,,,,,,,24,20000,XYZ_tool_plastic_tip_no_lock_reciprocating
tap-tests,Machine FRF and stability/Tap tests/2026-05-07_003_tap_tests_servo_linear/2026-05-07_14-15-00_X315_Y315_Z60_x_XYZ_tool_plastic_tip_no_lock_fs_20000_reciprocating_tap25.CSV,export,560134,bf05add69b76317b9357fe2e5aaee0f12c1cd6f79ceb74df62e6a88d638f05a9,2026-05-20T08:55:04Z,,2026-05-07_003_tap_tests_servo_linear,2026-05-07T14:15:00,x,315,315,60,,,,,,,,25,20000,XYZ_tool_plastic_tip_no_lock_reciprocating
tap-tests,Machine FRF and stability/Tap tests/2026-05-07_003_tap_tests_servo_linear/2026-05-07_14-15-00_X315_Y315_Z60_x_XYZ_tool_plastic_tip_no_lock_fs_20000_reciprocating_tap26.CSV,export,560134,25b6ec95177ecbe9e6b40fb0eb008f2967f7fdffe72306851ddb9ffedab6bdfb,2026-05-20T08:56:14Z,,2026-05-07_003_tap_tests_servo_linear,2026-05-07T14:15:00,x,315,315,60,,,,,,,,26,20000,XYZ_tool_plastic_tip_no_lock_reciprocating
tap-tests,Machine FRF and stability/Tap tests/2026-05-07_003_tap_tests_servo_linear/2026-05-07_14-18-00_X500_Y315_Z60_x_XYZ_tool_plastic_tip_no_lock_fs_20000.WDH,raw,9601172,4cc8c31faf085676ae65b09e4ff18890196a98db04e133dda77dec7d6c43bac6,2026-05-07T12:18:37Z,,2026-05-07_003_tap_tests_servo_linear,2026-05-07T14:18:00,x,500,315,60,,,,,,,,,20000,XYZ_tool_plastic_tip_no_lock
tap-tests,Machine FRF and stability/Tap tests/2026-05-07_003_tap_tests_servo_linear/2026-05-07_14-19-00_X500_Y315_Z60_x_XYZ_tool_plastic_tip_no_lock_fs_20000_reciprocating.WDH,raw,9601172,2e005b7433ab5592aaf1d8133d0c3a67eb9f523b9d0747fef91a49a32267eb4a,2026-05-07T12:20:17Z,,2026-05-07_003_tap_tests_servo_linear,2026-05-07T14:19:00,x,500,315,60,,,,,,,,,20000,XYZ_tool_plastic_tip_no_lock_reciprocating
tap-tests,Machine FRF and stability/Tap tests/2026-05-07_003_tap_tests_servo_linear/2026-05-07_14-20-00_X500_Y100_Z60_x_XYZ_tool_plastic_tip_no_lock_fs_20000.WDH,raw,9601172,cfbb773d4aa695c2bacc26176999c253a4bc11c71a987689d3bc2512e194ba65,2026-05-07T12:23:11Z,,2026-05-07_003_tap_tests_servo_linear,2026-05-07T14:20:00,x,500,100,60,,,,,,,,,20000,XYZ_tool_plastic_tip_no_lock
tap-tests,Machine FRF and stability/Tap tests/2026-05-07_003_tap_tests_servo_linear/2026-05-07_14-23-00_X500_Y100_Z60_x_XYZ_tool_plastic_tip_no_lock_fs_20000_reciprocating.WDH,raw,9601172,33b139d4894b6819c247bbced104a18c7527238568c82667ea01922457d9c8e2,2026-05-07T12:25:15Z,,2026-05-07_003_tap_tests_servo_linear,2026-05-07T14:23:00,x,500,100,60,,,,,,,,,20000,XYZ_tool_plastic_tip_no_lock_reciprocating
tap-tests,Machine FRF and stability/Tap tests/2026-05-07_003_tap_tests_servo_linear/2026-05-07_14-25-00_X315_Y100_Z60_x_XYZ_tool_plastic_tip_no_lock_fs_20000.WDH,raw,9601172,a9ae8ec784bd9810296295749c66c13f53842c439c72230e90de0aa6aa444de6,2026-05-07T12:27:49Z,,2026-05-07_003_tap_tests_servo_linear,2026-05-07T14:25:00,x,315,100,60,,,,,,,,,20000,XYZ_tool_plastic_tip_no_lock
tap-tests,Machine FRF and stability/Tap tests/2026-05-07_003_tap_tests_servo_linear/2026-05-07_14-29-00_X315_Y100_Z60_x_XYZ_tool_plastic_tip_no_lock_fs_20000_reciprocating.WDH,raw,9601172,e98fcc868bd96e17a32623dd9921b5758e127d4fd470657edaaf8a4251e1a833,2026-05-07T12:30:20Z,,2026-05-07_003_tap_tests_servo_linear,2026-05-07T14:29:00,x,315,100,60,,,,,,,,,20000,XYZ_tool_plastic_tip_no_lock_reciprocating
tap-tests,Machine FRF and stability/Tap tests/2026-05-07_003_tap_tests_servo_linear/spindle_linear/analysis.json,derived,23438,5f4bb0d1a10a0a3d478f757f62f6f46401c4036a7e62ae000703dc22de880a91,2026-05-20T11:12:43Z,,2026-05-07_003_tap_tests_servo_linear,,,,,,,,,,,,,,,analysis
tap-tests,Machine FRF and stability/Tap tests/2026-05-07_003_tap_tests_servo_linear/spindle_linear/results/figures/fft/x/2026-05-07_14-03-00_x315_y315_z60_x_xyz_spindle_alu_tip_no_lock_fs_20000_reciprocating_tap10/fft_magnitude.png,derived,184813,ef433f05707514dcb1a9b62949bf92ad89cf4feb7da9b6c72ca58a3bc706ccbd,2026-05-20T11:11:48Z,,2026-05-07_003_tap_tests_servo_linear,,,,,,,,,,,,,,,fft_magnitude
tap-tests,Machine FRF and stability/Tap tests/2026-05-07_003_tap_tests_servo_linear/spindle_linear/results/figures/fft/x/2026-05-07_14-03-00_x315_y315_z60_x_xyz_spindle_alu_tip_no_lock_fs_20000_reciprocating_tap11/fft_magnitude.png,derived,180344,d7d5b2dcb9dad1a664b4232b70e12ddc7054b814c8ee3056c40573e49b40f2fd,2026-05-20T11:11:52Z,,2026-05-07_003_tap_tests_servo_linear,,,,,,,,,,,,,,,fft_magnitude
tap-tests,Machine FRF and stability/Tap tests/2026-05-07_003_tap_tests_servo_linear/spindle_linear/results/figures/fft/x/2026-05-07_14-03-00_x315_y315_z60_x_xyz_spindle_alu_tip_no_lock_fs_20000_reciprocating_tap12/fft_magnitude.png,derived,177367,8b62e3eb971a191a2984c4f822ffeef54714b1aaa3f39e2abe9158c3de2648e9,2026-05-20T11:11:59Z,,2026-05-07_003_tap_tests_servo_linear,,,,,,,,,,,,,,,fft_magnitude
tap-tests,Machine FRF and stability/Tap tests/2026-05-07_003_tap_tests_servo_linear/spindle_linear/results/figures/fft/x/2026-05-07_14-03-00_x315_y315_z60_x_xyz_spindle_alu_tip_no_lock_fs_20000_reciprocating_tap13/fft_magnitude.png,derived,175360,69f3ca2cfa0ddce5a946555c5acbfe98b09422eafc3553f2b817b4ab742305f4,2026-05-20T11:12:09Z,,2026-05-07_003_tap_tests_servo_linear,,,,,,,,,,,,,,,fft_magnitude
tap-tests,Machine FRF and stability/Tap tests/2026-05-07_003_tap_tests_servo_linear/spindle_linear/results/figures/fft/x/2026-05-07_14-03-00_x315_y315_z60_x_xyz_spindle_alu_tip_no_lock_fs_20000_reciprocating_tap16/fft_magnitude.png,derived,172027,6a0da83006f21622d8e3464f5d60e3da14014312a2147abd642f21bfda1a18b9,2026-05-20T11:12:19Z,,2026-05-07_003_tap_tests_servo_linear,,,,,,,,,,,,,,,fft_magnitude
tap-tests,Machine FRF and stability/Tap tests/2026-05-07_003_tap_tests_servo_linear/spindle_linear/results/figures/fft/x/2026-05-07_14-03-00_x315_y315_z60_x_xyz_spindle_alu_tip_no_lock_fs_20000_reciprocating_tap17/fft_magnitude.png,derived,184143,70ff1c54512fb03bb517deea696ad1c32b0a9719d277bddd4c1e921a46dc1f33,2026-05-20T11:12:29Z,,2026-05-07_003_tap_tests_servo_linear,,,,,,,,,,,,,,,fft_magnitude
tap-tests,Machine FRF and stability/Tap tests/2026-05-07_003_tap_tests_servo_linear/spindle_linear/results/figures/fft/x/2026-05-07_14-03-00_x315_y315_z60_x_xyz_spindle_alu_tip_no_lock_fs_20000_reciprocating_tap2/fft_magnitude.png,derived,167311,f3903165dc9e892ff1983327a28567d64cc832f7d6ac3470d9d8e6e22eff7351,2026-05-20T11:11:31Z,,2026-05-07_003_tap_tests_servo_linear,,,,,,,,,,,,,,,fft_magnitude
tap-tests,Machine FRF and stability/Tap tests/2026-05-07_003_tap_tests_servo_linear/spindle_linear/results/figures/fft/x/2026-05-07_14-03-00_x315_y315_z60_x_xyz_spindle_alu_tip_no_lock_fs_20000_reciprocating_tap3/fft_magnitude.png,derived,180438,c2a440ce4246e62b5e8fc81ac7a11921152a6375c5e3919b174e4026f91f07df,2026-05-20T11:11:35Z,,2026-05-07_003_tap_tests_servo_linear,,,,,,,,,,,,,,,fft_magnitude
tap-tests,Machine FRF and stability/Tap tests/2026-05-07_003_tap_tests_servo_linear/spindle_linear/results/figures/fft/x/2026-05-07_14-03-00_x315_y315_z60_x_xyz_spindle_alu_tip_no_lock_fs_20000_reciprocating_tap8/fft_magnitude.png,derived,188636,2c34e0742d4808e89debfdff901c8eebd0e34060cdd3dafdc734f1b4544981d1,2026-05-20T11:11:40Z,,2026-05-07_003_tap_tests_servo_linear,,,,,,,,,,,,,,,fft_magnitude
tap-tests,Machine FRF and stability/Tap tests/2026-05-07_003_tap_tests_servo_linear/spindle_linear/results/figures/fft/x/2026-05-07_14-03-00_x315_y315_z60_x_xyz_spindle_alu_tip_no_lock_fs_20000_reciprocating_tap9/fft_magnitude.png,derived,171204,39e54fc4e212ba85779957d9e579bce9d5f147ae1cc38dc41d6f6573ab5cbd49,2026-05-20T11:11:44Z,,2026-05-07_003_tap_tests_servo_linear,,,,,,,,,,,,,,,fft_magnitude
tap-tests,Machine FRF and stability/Tap tests/2026-05-07_003_tap_tests_servo_linear/spindle_linear/results/figures/fft/x/average/fft_magnitude.png,derived,173686,4698995720b30e2c1d7d994b9e6bfa025639696297d6f8e483df97422f75cc2e,2026-05-20T11:12:37Z,,2026-05-07_003_tap_tests_servo_linear,,,,,,,,,,,,,,,fft_magnitude
tap-tests,Machine FRF and stability/Tap tests/2026-05-07_003_tap_tests_servo_linear/spindle_linear/results/figures/frequency/x/2026-05-07_14-03-00_x315_y315_z60_x_xyz_spindle_alu_tip_no_lock_fs_20000_reciprocating_tap10/bode_acceleration_force.png,derived,128607,026c1e015e4ad2c843d7a2966f94af89042cc5e85dbacd0b9ac7b7e80aed200b,2026-05-20T11:11:47Z,,2026-05-07_003_tap_tests_servo_linear,,,,,,,,,,,,,,,bode_acceleration_force
tap-tests,Machine FRF and stability/Tap tests/2026-05-07_003_tap_tests_servo_linear/spindle_linear/results/figures/frequency/x/2026-05-07_14-03-00_x315_y315_z60_x_xyz_spindle_alu_tip_no_lock_fs_20000_reciprocating_tap10/bode_displacement_force.png,derived,127864,68807746f48fdfa205d08a5ecf1a882daf2e8e297ba0dd8197d9f982437848f3,2026-05-20T11:11:46Z,,2026-05-07_003_tap_tests_servo_linear,,,,,,,,,,,,,,,bode_displacement_force
tap-tests,Machine FRF and stability/Tap tests/2026-05-07_003_tap_tests_servo_linear/spindle_linear/results/figures/frequency/x/2026-05-07_14-03-00_x315_y315_z60_x_xyz_spindle_alu_tip_no_lock_fs_20000_reciprocating_tap10/coherence.png,derived,61947,e9b2c73b5447f0b22f5f83a0dbca52f798516b0a59086eb5f89d20f887bdeef0,2026-05-20T11:11:46Z,,2026-05-07_003_tap_tests_servo_linear,,,,,,,,,,,,,,,coherence
tap-tests,Machine FRF and stability/Tap tests/2026-05-07_003_tap_tests_servo_linear/spindle_linear/results/figures/frequency/x/2026-05-07_14-03-00_x315_y315_z60_x_xyz_spindle_alu_tip_no_lock_fs_20000_reciprocating_tap10/force_psd.png,derived,73889,12227b6bffe75dd8192cf83c6cc73aa913ce5369a7e10eb6d3e289671e25ea98,2026-05-20T11:11:47Z,,2026-05-07_003_tap_tests_servo_linear,,,,,,,,,,,,,,,force_psd
tap-tests,Machine FRF and stability/Tap tests/2026-05-07_003_tap_tests_servo_linear/spindle_linear/results/figures/frequency/x/2026-05-07_14-03-00_x315_y315_z60_x_xyz_spindle_alu_tip_no_lock_fs_20000_reciprocating_tap11/bode_acceleration_force.png,derived,111662,c5f10a916c678aaf9eb16101df6b66f624ea5c4ed608603eb675121f10595833,2026-05-20T11:11:51Z,,2026-05-07_003_tap_tests_servo_linear,,,,,,,,,,,,,,,bode_acceleration_force
tap-tests,Machine FRF and stability/Tap tests/2026-05-07_003_tap_tests_servo_linear/spindle_linear/results/figures/frequency/x/2026-05-07_14-03-00_x315_y315_z60_x_xyz_spindle_alu_tip_no_lock_fs_20000_reciprocating_tap11/bode_displacement_force.png,derived,117031,13641882763e37539f30b7f0e5c8a03aeecd28bc3aa1008b512645f94402612f,2026-05-20T11:11:50Z,,2026-05-07_003_tap_tests_servo_linear,,,,,,,,,,,,,,,bode_displacement_force
tap-tests,Machine FRF and stability/Tap tests/2026-05-07_003_tap_tests_servo_linear/spindle_linear/results/figures/frequency/x/2026-05-07_14-03-00_x315_y315_z60_x_xyz_spindle_alu_tip_no_lock_fs_20000_reciprocating_tap11/coherence.png,derived,59370,13525781d2c9d28393018e8a2cee2f511f645a6ad2a493c82f578610c6742e7d,2026-05-20T11:11:50Z,,2026-05-07_003_tap_tests_servo_linear,,,,,,,,,,,,,,,coherence
tap-tests,Machine FRF and stability/Tap tests/2026-05-07_003_tap_tests_servo_linear/spindle_linear/results/figures/frequency/x/2026-05-07_14-03-00_x315_y315_z60_x_xyz_spindle_alu_tip_no_lock_fs_20000_reciprocating_tap11/force_psd.png,derived,71139,8e030ec9c14a7085f62a799916c663fae11b0243096c4b2a3abf7ea6903c5494,2026-05-20T11:11:51Z,,2026-05-07_003_tap_tests_servo_linear,,,,,,,,,,,,,,,force_psd
tap-tests,Machine FRF and stability/Tap tests/2026-05-07_003_tap_tests_servo_linear/spindle_linear/results/figures/frequency/x/2026-05-07_14-03-00_x315_y315_z60_x_xyz_spindle_alu_tip_no_lock_fs_20000_reciprocating_tap12/bode_acceleration_force.png,derived,105369,edf5120fccabf3f281ad66a389d5dc84f758bc109c8d3780db4b8fa066179927,2026-05-20T11:11:56Z,,2026-05-07_003_tap_tests_servo_linear,,,,,,,,,,,,,,,bode_acceleration_force
tap-tests,Machine FRF and stability/Tap tests/2026-05-07_003_tap_tests_servo_linear/spindle_linear/results/figures/frequency/x/2026-05-07_14-03-00_x315_y315_z60_x_xyz_spindle_alu_tip_no_lock_fs_20000_reciprocating_tap12/bode_displacement_force.png,derived,111692,35d94d96b1423ce55290f773e6aa0431242c29ffe30106ec214f810dd02369ce,2026-05-20T11:11:55Z,,2026-05-07_003_tap_tests_servo_linear,,,,,,,,,,,,,,,bode_displacement_force
tap-tests,Machine FRF and stability/Tap tests/2026-05-07_003_tap_tests_servo_linear/spindle_linear/results/figures/frequency/x/2026-05-07_14-03-00_x315_y315_z60_x_xyz_spindle_alu_tip_no_lock_fs_20000_reciprocating_tap12/coherence.png,derived,52591,abca54c8d4100b9144b7897f64808c62bef40e2ee84fd0aa2b338e2d8b694a71,2026-05-20T11:11:54Z,,2026-05-07_003_tap_tests_servo_linear,,,,,,,,,,,,,,,coherence
tap-tests,Machine FRF and stability/Tap tests/2026-05-07_003_tap_tests_servo_linear/spindle_linear/results/figures/frequency/x/2026-05-07_14-03-00_x315_y315_z60_x_xyz_spindle_alu_tip_no_lock_fs_20000_reciprocating_tap12/force_psd.png,derived,72724,f97130dbd2076d5272daab9f59508ebe6e4f1e23ba5d737de075b4d8968f907b,2026-05-20T11:11:57Z,,2026-05-07_003_tap_tests_servo_linear,,,,,,,,,,,,,,,force_psd
tap-tests,Machine FRF and stability/Tap tests/2026-05-07_003_tap_tests_servo_linear/spindle_linear/results/figures/frequency/x/2026-05-07_14-03-00_x315_y315_z60_x_xyz_spindle_alu_tip_no_lock_fs_20000_reciprocating_tap13/bode_acceleration_force.png,derived,111991,09f0d30ca997397a1fee99080b9ca8a169a7ab107a78177a475a51f5114694ae,2026-05-20T11:12:06Z,,2026-05-07_003_tap_tests_servo_linear,,,,,,,,,,,,,,,bode_acceleration_force
tap-tests,Machine FRF and stability/Tap tests/2026-05-07_003_tap_tests_servo_linear/spindle_linear/results/figures/frequency/x/2026-05-07_14-03-00_x315_y315_z60_x_xyz_spindle_alu_tip_no_lock_fs_20000_reciprocating_tap13/bode_displacement_force.png,derived,113387,658c0d3613a6e8f0d2d0a0a5b0a29b6373266c773b3bdc8135265acf812486e6,2026-05-20T11:12:05Z,,2026-05-07_003_tap_tests_servo_linear,,,,,,,,,,,,,,,bode_displacement_force
tap-tests,Machine FRF and stability/Tap tests/2026-05-07_003_tap_tests_servo_linear/spindle_linear/results/figures/frequency/x/2026-05-07_14-03-00_x315_y315_z60_x_xyz_spindle_alu_tip_no_lock_fs_20000_reciprocating_tap13/coherence.png,derived,61085,cc6bdc9f3dacbd96a6671f7d88632ee0d79bec223db9073b2e7f33157d6d84f2,2026-05-20T11:12:03Z,,2026-05-07_003_tap_tests_servo_linear,,,,,,,,,,,,,,,coherence
tap-tests,Machine FRF and stability/Tap tests/2026-05-07_003_tap_tests_servo_linear/spindle_linear/results/figures/frequency/x/2026-05-07_14-03-00_x315_y315_z60_x_xyz_spindle_alu_tip_no_lock_fs_20000_reciprocating_tap13/force_psd.png,derived,73390,6ca724edca531b14a66f43cc7677f1cdec66a3377178671b379d59b03532fadd,2026-05-20T11:12:06Z,,2026-05-07_003_tap_tests_servo_linear,,,,,,,,,,,,,,,force_psd
tap-tests,Machine FRF and stability/Tap tests/2026-05-07_003_tap_tests_servo_linear/spindle_linear/results/figures/frequency/x/2026-05-07_14-03-00_x315_y315_z60_x_xyz_spindle_alu_tip_no_lock_fs_20000_reciprocating_tap16/bode_acceleration_force.png,derived,119308,6b76da7f716c41d03b3160697c078f070c95a49c4408620651a327dfb50ac0e7,2026-05-20T11:12:16Z,,2026-05-07_003_tap_tests_servo_linear,,,,,,,,,,,,,,,bode_acceleration_force
tap-tests,Machine FRF and stability/Tap tests/2026-05-07_003_tap_tests_servo_linear/spindle_linear/results/figures/frequency/x/2026-05-07_14-03-00_x315_y315_z60_x_xyz_spindle_alu_tip_no_lock_fs_20000_reciprocating_tap16/bode_displacement_force.png,derived,122465,0c1d32ab0829b702aa249ad9958ed8489eca27846bff0297605e2b9544f5c16f,2026-05-20T11:12:15Z,,2026-05-07_003_tap_tests_servo_linear,,,,,,,,,,,,,,,bode_displacement_force
tap-tests,Machine FRF and stability/Tap tests/2026-05-07_003_tap_tests_servo_linear/spindle_linear/results/figures/frequency/x/2026-05-07_14-03-00_x315_y315_z60_x_xyz_spindle_alu_tip_no_lock_fs_20000_reciprocating_tap16/coherence.png,derived,62316,bfe32f32745419d66a97124b5bb35b9614c0461584613bb36f1071858af2ac62,2026-05-20T11:12:13Z,,2026-05-07_003_tap_tests_servo_linear,,,,,,,,,,,,,,,coherence
tap-tests,Machine FRF and stability/Tap tests/2026-05-07_003_tap_tests_servo_linear/spindle_linear/results/figures/frequency/x/2026-05-07_14-03-00_x315_y315_z60_x_xyz_spindle_alu_tip_no_lock_fs_20000_reciprocating_tap16/force_psd.png,derived,74574,147478dc0fb4ea89098863a0b768d941319715170281c0b3d40bd273ba5ccd4d,2026-05-20T11:12:17Z,,2026-05-07_003_tap_tests_servo_linear,,,,,,,,,,,,,,,force_psd
tap-tests,Machine FRF and stability/Tap tests/2026-05-07_003_tap_tests_servo_linear/spindle_linear/results/figures/frequency/x/2026-05-07_14-03-00_x315_y315_z60_x_xyz_spindle_alu_tip_no_lock_fs_20000_reciprocating_tap17/bode_acceleration_force.png,derived,115799,9ca98ea8b62221c260d233e5aa6ad4f8df908b0a49df4cafbd286ec20d421136,2026-05-20T11:12:26Z,,2026-05-07_003_tap_tests_servo_linear,,,,,,,,,,,,,,,bode_acceleration_force
tap-tests,Machine FRF and stability/Tap tests/2026-05-07_003_tap_tests_servo_linear/spindle_linear/results/figures/frequency/x/2026-05-07_14-03-00_x315_y315_z60_x_xyz_spindle_alu_tip_no_lock_fs_20000_reciprocating_tap17/bode_displacement_force.png,derived,121464,00d5eceb5d8aa9d76ad1504354b9efae822cbbabdda94c88bde2a6204df95848,2026-05-20T11:12:25Z,,2026-05-07_003_tap_tests_servo_linear,,,,,,,,,,,,,,,bode_displacement_force
tap-tests,Machine FRF and stability/Tap tests/2026-05-07_003_tap_tests_servo_linear/spindle_linear/results/figures/frequency/x/2026-05-07_14-03-00_x315_y315_z60_x_xyz_spindle_alu_tip_no_lock_fs_20000_reciprocating_tap17/coherence.png,derived,58618,52315e68b44ca8905f16cbe5ccdf58b35a586fef80dded21bec7dfb06140b6d5,2026-05-20T11:12:24Z,,2026-05-07_003_tap_tests_servo_linear,,,,,,,,,,,,,,,coherence
tap-tests,Machine FRF and stability/Tap tests/2026-05-07_003_tap_tests_servo_linear/spindle_linear/results/figures/frequency/x/2026-05-07_14-03-00_x315_y315_z60_x_xyz_spindle_alu_tip_no_lock_fs_20000_reciprocating_tap17/force_psd.png,derived,73456,4e1e59e50289f7d5359f970e8e46b7a8bbfb57455b281238b40767e8ce04a762,2026-05-20T11:12:27Z,,2026-05-07_003_tap_tests_servo_linear,,,,,,,,,,,,,,,force_psd
tap-tests,Machine FRF and stability/Tap tests/2026-05-07_003_tap_tests_servo_linear/spindle_linear/results/figures/frequency/x/2026-05-07_14-03-00_x315_y315_z60_x_xyz_spindle_alu_tip_no_lock_fs_20000_reciprocating_tap2/bode_acceleration_force.png,derived,113950,2344cc6db2cc36ab007e7318ae3979ee8c6d47d19f33a335a712edf2796a0394,2026-05-20T11:11:30Z,,2026-05-07_003_tap_tests_servo_linear,,,,,,,,,,,,,,,bode_acceleration_force
tap-tests,Machine FRF and stability/Tap tests/2026-05-07_003_tap_tests_servo_linear/spindle_linear/results/figures/frequency/x/2026-05-07_14-03-00_x315_y315_z60_x_xyz_spindle_alu_tip_no_lock_fs_20000_reciprocating_tap2/bode_displacement_force.png,derived,118186,a4a1df085871e8f52c5883921f0dcfcef1d2f9d7d00a6c7348a0981618bad987,2026-05-20T11:11:30Z,,2026-05-07_003_tap_tests_servo_linear,,,,,,,,,,,,,,,bode_displacement_force
tap-tests,Machine FRF and stability/Tap tests/2026-05-07_003_tap_tests_servo_linear/spindle_linear/results/figures/frequency/x/2026-05-07_14-03-00_x315_y315_z60_x_xyz_spindle_alu_tip_no_lock_fs_20000_reciprocating_tap2/coherence.png,derived,54806,a50a8e4f921cc4328109c9fcdfe13fbb39d9293ec80edb0b86e45c706fcecd1c,2026-05-20T11:11:29Z,,2026-05-07_003_tap_tests_servo_linear,,,,,,,,,,,,,,,coherence
tap-tests,Machine FRF and stability/Tap tests/2026-05-07_003_tap_tests_servo_linear/spindle_linear/results/figures/frequency/x/2026-05-07_14-03-00_x315_y315_z60_x_xyz_spindle_alu_tip_no_lock_fs_20000_reciprocating_tap2/force_psd.png,derived,72701,7389f03ebfb870451a2034e5ba4f6013ed98d32980a0274131894bb0f7af8b29,2026-05-20T11:11:30Z,,2026-05-07_003_tap_tests_servo_linear,,,,,,,,,,,,,,,force_psd
tap-tests,Machine FRF and stability/Tap tests/2026-05-07_003_tap_tests_servo_linear/spindle_linear/results/figures/frequency/x/2026-05-07_14-03-00_x315_y315_z60_x_xyz_spindle_alu_tip_no_lock_fs_20000_reciprocating_tap3/bode_acceleration_force.png,derived,116595,4b36ccd3279976a642364d837c4e2af443e44ff34d516d42c92e2c818b3475d8,2026-05-20T11:11:34Z,,2026-05-07_003_tap_tests_servo_linear,,,,,,,,,,,,,,,bode_acceleration_force
tap-tests,Machine FRF and stability/Tap tests/2026-05-07_003_tap_tests_servo_linear/spindle_linear/results/figures/frequency/x/2026-05-07_14-03-00_x315_y315_z60_x_xyz_spindle_alu_tip_no_lock_fs_20000_reciprocating_tap3/bode_displacement_force.png,derived,118209,80f1869dcb0d03d9c91a31b5e11e55a771a391cbce7ccc7dd5ec535c98d2fd6a,2026-05-20T11:11:34Z,,2026-05-07_003_tap_tests_servo_linear,,,,,,,,,,,,,,,bode_displacement_force
tap-tests,Machine FRF and stability/Tap tests/2026-05-07_003_tap_tests_servo_linear/spindle_linear/results/figures/frequency/x/2026-05-07_14-03-00_x315_y315_z60_x_xyz_spindle_alu_tip_no_lock_fs_20000_reciprocating_tap3/coherence.png,derived,61624,1c5693ee84f2a6dc8c42774f3b4d65cb8bb22a28ff3ec1c473a32914b4be9133,2026-05-20T11:11:33Z,,2026-05-07_003_tap_tests_servo_linear,,,,,,,,,,,,,,,coherence
tap-tests,Machine FRF and stability/Tap tests/2026-05-07_003_tap_tests_servo_linear/spindle_linear/results/figures/frequency/x/2026-05-07_14-03-00_x315_y315_z60_x_xyz_spindle_alu_tip_no_lock_fs_20000_reciprocating_tap3/force_psd.png,derived,71721,4f9e2be162cc8c57e0ddf8cb810c44c311bb995477fa22899bcf58b5048e70ee,2026-05-20T11:11:35Z,,2026-05-07_003_tap_tests_servo_linear,,,,,,,,,,,,,,,force_psd
tap-tests,Machine FRF and stability/Tap tests/2026-05-07_003_tap_tests_servo_linear/spindle_linear/results/figures/frequency/x/2026-05-07_14-03-00_x315_y315_z60_x_xyz_spindle_alu_tip_no_lock_fs_20000_reciprocating_tap8/bode_acceleration_force.png,derived,116178,38b13496f8973c5b5618a9702ea269c9a4246f639dfd838bb7a98df620500118,2026-05-20T11:11:38Z,,2026-05-07_003_tap_tests_servo_linear,,,,,,,,,,,,,,,bode_acceleration_force
tap-tests,Machine FRF and stability/Tap tests/2026-05-07_003_tap_tests_servo_linear/spindle_linear/results/figures/frequency/x/2026-05-07_14-03-00_x315_y315_z60_x_xyz_spindle_alu_tip_no_lock_fs_20000_reciprocating_tap8/bode_displacement_force.png,derived,120641,0d07beedc616bca3bbe099cf1ce8784769aa4f1346ddab3540c0b93a8e37b98e,2026-05-20T11:11:38Z,,2026-05-07_003_tap_tests_servo_linear,,,,,,,,,,,,,,,bode_displacement_force
tap-tests,Machine FRF and stability/Tap tests/2026-05-07_003_tap_tests_servo_linear/spindle_linear/results/figures/frequency/x/2026-05-07_14-03-00_x315_y315_z60_x_xyz_spindle_alu_tip_no_lock_fs_20000_reciprocating_tap8/coherence.png,derived,57223,6064d380127f107ae074b57432a053549d2e91f37c8a0f07d9db3673d3222615,2026-05-20T11:11:38Z,,2026-05-07_003_tap_tests_servo_linear,,,,,,,,,,,,,,,coherence
tap-tests,Machine FRF and stability/Tap tests/2026-05-07_003_tap_tests_servo_linear/spindle_linear/results/figures/frequency/x/2026-05-07_14-03-00_x315_y315_z60_x_xyz_spindle_alu_tip_no_lock_fs_20000_reciprocating_tap8/force_psd.png,derived,71229,6be72ae19870d2ecdf650dfa2ac81cb94eeb2920d0bf9e881cedd3ad0c0f85f8,2026-05-20T11:11:39Z,,2026-05-07_003_tap_tests_servo_linear,,,,,,,,,,,,,,,force_psd
tap-tests,Machine FRF and stability/Tap tests/2026-05-07_003_tap_tests_servo_linear/spindle_linear/results/figures/frequency/x/2026-05-07_14-03-00_x315_y315_z60_x_xyz_spindle_alu_tip_no_lock_fs_20000_reciprocating_tap9/bode_acceleration_force.png,derived,106498,10076ee5a4754cbcf758357e534a4b2d377bde4b5ec1dd78cdf858e3e44f526a,2026-05-20T11:11:43Z,,2026-05-07_003_tap_tests_servo_linear,,,,,,,,,,,,,,,bode_acceleration_force
tap-tests,Machine FRF and stability/Tap tests/2026-05-07_003_tap_tests_servo_linear/spindle_linear/results/figures/frequency/x/2026-05-07_14-03-00_x315_y315_z60_x_xyz_spindle_alu_tip_no_lock_fs_20000_reciprocating_tap9/bode_displacement_force.png,derived,109838,bd34c5f47ac27a6fe24e3ab32ff957ba0dc1f96bbfe415e1b7b4d66521ec45ab,2026-05-20T11:11:42Z,,2026-05-07_003_tap_tests_servo_linear,,,,,,,,,,,,,,,bode_displacement_force
tap-tests,Machine FRF and stability/Tap tests/2026-05-07_003_tap_tests_servo_linear/spindle_linear/results/figures/frequency/x/2026-05-07_14-03-00_x315_y315_z60_x_xyz_spindle_alu_tip_no_lock_fs_20000_reciprocating_tap9/coherence.png,derived,44589,41c0e29c3f142be841059b067756690ca89cd6e0de5a164910f24b3777184373,2026-05-20T11:11:41Z,,2026-05-07_003_tap_tests_servo_linear,,,,,,,,,,,,,,,coherence
tap-tests,Machine FRF and stability/Tap tests/2026-05-07_003_tap_tests_servo_linear/spindle_linear/results/figures/frequency/x/2026-05-07_14-03-00_x315_y315_z60_x_xyz_spindle_alu_tip_no_lock_fs_20000_reciprocating_tap9/force_psd.png,derived,71523,874c951bc56a7a4382d8be4adb696e19078f127aff459bbc16d91b24c9ca967b,2026-05-20T11:11:43Z,,2026-05-07_003_tap_tests_servo_linear,,,,,,,,,,,,,,,force_psd
tap-tests,Machine FRF and stability/Tap tests/2026-05-07_003_tap_tests_servo_linear/spindle_linear/results/figures/frequency/x/average/bode_acceleration_force.png,derived,118359,6352bc1483e43f41deacc236fb0561063a12dea1a7ff8282de9b0b4eb7cba2af,2026-05-20T11:12:36Z,,2026-05-07_003_tap_tests_servo_linear,,,,,,,,,,,,,,,bode_acceleration_force
tap-tests,Machine FRF and stability/Tap tests/2026-05-07_003_tap_tests_servo_linear/spindle_linear/results/figures/frequency/x/average/bode_displacement_force.png,derived,118271,7673d6e3d275ee4d14b91aabfdb83312ec0b7d65f200e78f889ccdec56b5ea7d,2026-05-20T11:12:34Z,,2026-05-07_003_tap_tests_servo_linear,,,,,,,,,,,,,,,bode_displacement_force
tap-tests,Machine FRF and stability/Tap tests/2026-05-07_003_tap_tests_servo_linear/spindle_linear/results/figures/frequency/x/average/coherence.png,derived,90899,5eeec5f91f206be8638cecf25c0b6fe0319d7ee80f0e1500e4cc3b87c1eebd0e,2026-05-20T11:12:33Z,,2026-05-07_003_tap_tests_servo_linear,,,,,,,,,,,,,,,coherence
tap-tests,Machine FRF and stability/Tap tests/2026-05-07_003_tap_tests_servo_linear/spindle_linear/results/figures/frequency/x/average/force_psd.png,derived,69511,02bf48b864ca0c8480c0d55d8935f2650b178d090c4074f498ecca3614d4f46e,2026-05-20T11:12:36Z,,2026-05-07_003_tap_tests_servo_linear,,,,,,,,,,,,,,,force_psd
tap-tests,Machine FRF and stability/Tap tests/2026-05-07_003_tap_tests_servo_linear/spindle_linear/results/figures/raw/x/2026-05-07_14-03-00_x315_y315_z60_x_xyz_spindle_alu_tip_no_lock_fs_20000_reciprocating_tap10/mosaic.png,derived,206118,1296ab1832a8be440877e7e548ddc60ab3b9d736bc22dbfc350a67ce6bb0da69,2026-05-20T11:11:47Z,,2026-05-07_003_tap_tests_servo_linear,,,,,,,,,,,,,,,mosaic
tap-tests,Machine FRF and stability/Tap tests/2026-05-07_003_tap_tests_servo_linear/spindle_linear/results/figures/raw/x/2026-05-07_14-03-00_x315_y315_z60_x_xyz_spindle_alu_tip_no_lock_fs_20000_reciprocating_tap11/mosaic.png,derived,207177,688e28deaa8159599e4451cb22df34ff27e53fd8848bef0aa422a73aed5f7b76,2026-05-20T11:11:52Z,,2026-05-07_003_tap_tests_servo_linear,,,,,,,,,,,,,,,mosaic
tap-tests,Machine FRF and stability/Tap tests/2026-05-07_003_tap_tests_servo_linear/spindle_linear/results/figures/raw/x/2026-05-07_14-03-00_x315_y315_z60_x_xyz_spindle_alu_tip_no_lock_fs_20000_reciprocating_tap12/mosaic.png,derived,213406,64536c48814cea8a464e1670fd9bdc1740a79f70da2406b87e71f62a918dc347,2026-05-20T11:11:58Z,,2026-05-07_003_tap_tests_servo_linear,,,,,,,,,,,,,,,mosaic
tap-tests,Machine FRF and stability/Tap tests/2026-05-07_003_tap_tests_servo_linear/spindle_linear/results/figures/raw/x/2026-05-07_14-03-00_x315_y315_z60_x_xyz_spindle_alu_tip_no_lock_fs_20000_reciprocating_tap13/mosaic.png,derived,208560,128942b4348a01e3a535daaa83eed28d119603d94320930c2d98b39b1f1447b5,2026-05-20T11:12:08Z,,2026-05-07_003_tap_tests_servo_linear,,,,,,,,,,,,,,,mosaic
tap-tests,Machine FRF and stability/Tap tests/2026-05-07_003_tap_tests_servo_linear/spindle_linear/results/figures/raw/x/2026-05-07_14-03-00_x315_y315_z60_x_xyz_spindle_alu_tip_no_lock_fs_20000_reciprocating_tap16/mosaic.png,derived,204376,dccd9822c3c45bd38721e115244a739d92cbad171d1cbf0a31a8fc7571cc1ecd,2026-05-20T11:12:18Z,,2026-05-07_003_tap_tests_servo_linear,,,,,,,,,,,,,,,mosaic
tap-tests,Machine FRF and stability/Tap tests/2026-05-07_003_tap_tests_servo_linear/spindle_linear/results/figures/raw/x/2026-05-07_14-03-00_x315_y315_z60_x_xyz_spindle_alu_tip_no_lock_fs_20000_reciprocating_tap17/mosaic.png,derived,210278,d54ff60fe2b8967a2c0c04cab8bf62a39aaeb2acbc6b3da26d681cb4380fc266,2026-05-20T11:12:28Z,,2026-05-07_003_tap_tests_servo_linear,,,,,,,,,,,,,,,mosaic
tap-tests,Machine FRF and stability/Tap tests/2026-05-07_003_tap_tests_servo_linear/spindle_linear/results/figures/raw/x/2026-05-07_14-03-00_x315_y315_z60_x_xyz_spindle_alu_tip_no_lock_fs_20000_reciprocating_tap2/mosaic.png,derived,204974,8a69746420f5c52452164ace4c902b67aa0776a9ab7775a92e2899a1e6c9a335,2026-05-20T11:11:31Z,,2026-05-07_003_tap_tests_servo_linear,,,,,,,,,,,,,,,mosaic
tap-tests,Machine FRF and stability/Tap tests/2026-05-07_003_tap_tests_servo_linear/spindle_linear/results/figures/raw/x/2026-05-07_14-03-00_x315_y315_z60_x_xyz_spindle_alu_tip_no_lock_fs_20000_reciprocating_tap3/mosaic.png,derived,210525,33b100539f2f7450179db35d691fe8b193934bb89e96fd6aa616a235f426cede,2026-05-20T11:11:35Z,,2026-05-07_003_tap_tests_servo_linear,,,,,,,,,,,,,,,mosaic
tap-tests,Machine FRF and stability/Tap tests/2026-05-07_003_tap_tests_servo_linear/spindle_linear/results/figures/raw/x/2026-05-07_14-03-00_x315_y315_z60_x_xyz_spindle_alu_tip_no_lock_fs_20000_reciprocating_tap8/mosaic.png,derived,205086,6fc90b357ccbd25a090df45a4c12bf65d13722745801dec9cd2fd4ef5197c1ad,2026-05-20T11:11:39Z,,2026-05-07_003_tap_tests_servo_linear,,,,,,,,,,,,,,,mosaic
tap-tests,Machine FRF and stability/Tap tests/2026-05-07_003_tap_tests_servo_linear/spindle_linear/results/figures/raw/x/2026-05-07_14-03-00_x315_y315_z60_x_xyz_spindle_alu_tip_no_lock_fs_20000_reciprocating_tap9/mosaic.png,derived,214689,37dbebcd0ca42c1f4cf6297204076dfd15104daa9d6d50419b052b0fa379278b,2026-05-20T11:11:43Z,,2026-05-07_003_tap_tests_servo_linear,,,,,,,,,,,,,,,mosaic
tap-tests,Machine FRF and stability/Tap tests/2026-05-07_003_tap_tests_servo_linear/spindle_linear/results/figures/time/x/2026-05-07_14-03-00_x315_y315_z60_x_xyz_spindle_alu_tip_no_lock_fs_20000_reciprocating_tap10/force.png,derived,41931,b64fc46884c0375fa8e12f1037963a0330dd1103f3a46adf5e42c5f19b973356,2026-05-20T11:11:44Z,,2026-05-07_003_tap_tests_servo_linear,,,,,,,,,,,,,,,force
tap-tests,Machine FRF and stability/Tap tests/2026-05-07_003_tap_tests_servo_linear/spindle_linear/results/figures/time/x/2026-05-07_14-03-00_x315_y315_z60_x_xyz_spindle_alu_tip_no_lock_fs_20000_reciprocating_tap10/force_detrended.png,derived,45528,998e3f70b52a535afc4a914361cf5253d8785d028589f53bc88e390f6c8050c8,2026-05-20T11:11:45Z,,2026-05-07_003_tap_tests_servo_linear,,,,,,,,,,,,,,,force_detrended
tap-tests,Machine FRF and stability/Tap tests/2026-05-07_003_tap_tests_servo_linear/spindle_linear/results/figures/time/x/2026-05-07_14-03-00_x315_y315_z60_x_xyz_spindle_alu_tip_no_lock_fs_20000_reciprocating_tap10/force_window.png,derived,48722,adde1db2fc256fd02591be16e63ced1fd2cdc44eadd12e19a22f9f4a427723e8,2026-05-20T11:11:45Z,,2026-05-07_003_tap_tests_servo_linear,,,,,,,,,,,,,,,force_window
tap-tests,Machine FRF and stability/Tap tests/2026-05-07_003_tap_tests_servo_linear/spindle_linear/results/figures/time/x/2026-05-07_14-03-00_x315_y315_z60_x_xyz_spindle_alu_tip_no_lock_fs_20000_reciprocating_tap10/force_windowed.png,derived,38809,dcc65a8ab78e49d377a33910646249b84f16e05dab7870173c0b80baba081bae,2026-05-20T11:11:45Z,,2026-05-07_003_tap_tests_servo_linear,,,,,,,,,,,,,,,force_windowed
tap-tests,Machine FRF and stability/Tap tests/2026-05-07_003_tap_tests_servo_linear/spindle_linear/results/figures/time/x/2026-05-07_14-03-00_x315_y315_z60_x_xyz_spindle_alu_tip_no_lock_fs_20000_reciprocating_tap10/response.png,derived,51414,d05dfd96aeda37a62f99ac78d917cf36bc98a6aca6ffaa1f31f9b3c92d3dc849,2026-05-20T11:11:44Z,,2026-05-07_003_tap_tests_servo_linear,,,,,,,,,,,,,,,response
tap-tests,Machine FRF and stability/Tap tests/2026-05-07_003_tap_tests_servo_linear/spindle_linear/results/figures/time/x/2026-05-07_14-03-00_x315_y315_z60_x_xyz_spindle_alu_tip_no_lock_fs_20000_reciprocating_tap10/response_detrended.png,derived,53232,6fd9b91bbe9e3886148452c9dc86a1818db7130c8b4ff98986c8557020df12bf,2026-05-20T11:11:45Z,,2026-05-07_003_tap_tests_servo_linear,,,,,,,,,,,,,,,response_detrended
tap-tests,Machine FRF and stability/Tap tests/2026-05-07_003_tap_tests_servo_linear/spindle_linear/results/figures/time/x/2026-05-07_14-03-00_x315_y315_z60_x_xyz_spindle_alu_tip_no_lock_fs_20000_reciprocating_tap10/response_wiener.png,derived,46733,e17c657ed4cd179b31cab6248b2f6058094139b2199f15ad93d21bf0bce3eb5c,2026-05-20T11:11:45Z,,2026-05-07_003_tap_tests_servo_linear,,,,,,,,,,,,,,,response_wiener
tap-tests,Machine FRF and stability/Tap tests/2026-05-07_003_tap_tests_servo_linear/spindle_linear/results/figures/time/x/2026-05-07_14-03-00_x315_y315_z60_x_xyz_spindle_alu_tip_no_lock_fs_20000_reciprocating_tap10/response_window.png,derived,65853,0ad2112dec4ec0a043702ab3cd88838eecd3759b977d84cb02d3a37ce257b3b3,2026-05-20T11:11:45Z,,2026-05-07_003_tap_tests_servo_linear,,,,,,,,,,,,,,,response_window
tap-tests,Machine FRF and stability/Tap tests/2026-05-07_003_tap_tests_servo_linear/spindle_linear/results/figures/time/x/2026-05-07_14-03-00_x315_y315_z60_x_xyz_spindle_alu_tip_no_lock_fs_20000_reciprocating_tap10/response_windowed.png,derived,45930,eca0734afc0cb4f4e692dc931f22c8a972ae40274695e25b34f83f3e90de3c15,2026-05-20T11:11:45Z,,2026-05-07_003_tap_tests_servo_linear,,,,,,,,,,,,,,,response_windowed
tap-tests,Machine FRF and stability/Tap tests/2026-05-07_003_tap_tests_servo_linear/spindle_linear/results/figures/time/x/2026-05-07_14-03-00_x315_y315_z60_x_xyz_spindle_alu_tip_no_lock_fs_20000_reciprocating_tap11/force.png,derived,39341,e0a5951d53751f25e56ebfa556ae375f883e225ec77db93c5844c7e0e4b493c8,2026-05-20T11:11:48Z,,2026-05-07_003_tap_tests_servo_linear,,,,,,,,,,,,,,,force
tap-tests,Machine FRF and stability/Tap tests/2026-05-07_003_tap_tests_servo_linear/spindle_linear/results/figures/time/x/2026-05-07_14-03-00_x315_y315_z60_x_xyz_spindle_alu_tip_no_lock_fs_20000_reciprocating_tap11/force_detrended.png,derived,42039,59b0a912d705fc385e9e4e688376cbc355417320c17bd0a865da85d0c2def387,2026-05-20T11:11:49Z,,2026-05-07_003_tap_tests_servo_linear,,,,,,,,,,,,,,,force_detrended
tap-tests,Machine FRF and stability/Tap tests/2026-05-07_003_tap_tests_servo_linear/spindle_linear/results/figures/time/x/2026-05-07_14-03-00_x315_y315_z60_x_xyz_spindle_alu_tip_no_lock_fs_20000_reciprocating_tap11/force_window.png,derived,45918,600e2cba5aee0f29d313c4efa47ad0daef4ad72177da2733e2876709343870ff,2026-05-20T11:11:49Z,,2026-05-07_003_tap_tests_servo_linear,,,,,,,,,,,,,,,force_window
tap-tests,Machine FRF and stability/Tap tests/2026-05-07_003_tap_tests_servo_linear/spindle_linear/results/figures/time/x/2026-05-07_14-03-00_x315_y315_z60_x_xyz_spindle_alu_tip_no_lock_fs_20000_reciprocating_tap11/force_windowed.png,derived,35321,e6e2fa8f79556be38e28212e3a269cd02956bd68e353d662074a793add415243,2026-05-20T11:11:49Z,,2026-05-07_003_tap_tests_servo_linear,,,,,,,,,,,,,,,force_windowed
tap-tests,Machine FRF and stability/Tap tests/2026-05-07_003_tap_tests_servo_linear/spindle_linear/results/figures/time/x/2026-05-07_14-03-00_x315_y315_z60_x_xyz_spindle_alu_tip_no_lock_fs_20000_reciprocating_tap11/response.png,derived,45705,26df49011fccbf3d70e5b3055371801adcd537c680eac51aaddd7646bf2492dc,2026-05-20T11:11:49Z,,2026-05-07_003_tap_tests_servo_linear,,,,,,,,,,,,,,,response
tap-tests,Machine FRF and stability/Tap tests/2026-05-07_003_tap_tests_servo_linear/spindle_linear/results/figures/time/x/2026-05-07_14-03-00_x315_y315_z60_x_xyz_spindle_alu_tip_no_lock_fs_20000_reciprocating_tap11/response_detrended.png,derived,46335,f1640d50a5894fb1cc464c8668f192899db1687d5c69a18e1f87ef222ac93e60,2026-05-20T11:11:49Z,,2026-05-07_003_tap_tests_servo_linear,,,,,,,,,,,,,,,response_detrended
tap-tests,Machine FRF and stability/Tap tests/2026-05-07_003_tap_tests_servo_linear/spindle_linear/results/figures/time/x/2026-05-07_14-03-00_x315_y315_z60_x_xyz_spindle_alu_tip_no_lock_fs_20000_reciprocating_tap11/response_wiener.png,derived,40904,d03528e224e1782b1e45ecabf30d65d3fe217a1a813f84bb8fb1ca7891aa9120,2026-05-20T11:11:49Z,,2026-05-07_003_tap_tests_servo_linear,,,,,,,,,,,,,,,response_wiener
tap-tests,Machine FRF and stability/Tap tests/2026-05-07_003_tap_tests_servo_linear/spindle_linear/results/figures/time/x/2026-05-07_14-03-00_x315_y315_z60_x_xyz_spindle_alu_tip_no_lock_fs_20000_reciprocating_tap11/response_window.png,derived,62980,ce72ed14fe40e693a0a98d1af8e1f6f6b07185c5b564347c6968c61024d06db4,2026-05-20T11:11:49Z,,2026-05-07_003_tap_tests_servo_linear,,,,,,,,,,,,,,,response_window
tap-tests,Machine FRF and stability/Tap tests/2026-05-07_003_tap_tests_servo_linear/spindle_linear/results/figures/time/x/2026-05-07_14-03-00_x315_y315_z60_x_xyz_spindle_alu_tip_no_lock_fs_20000_reciprocating_tap11/response_windowed.png,derived,39884,2c4b87b60d94fa98a9a80aa074fc2f7efc75d64ad6c32743d2e31897df12fb34,2026-05-20T11:11:49Z,,2026-05-07_003_tap_tests_servo_linear,,,,,,,,,,,,,,,response_windowed
tap-tests,Machine FRF and stability/Tap tests/2026-05-07_003_tap_tests_servo_linear/spindle_linear/results/figures/time/x/2026-05-07_14-03-00_x315_y315_z60_x_xyz_spindle_alu_tip_no_lock_fs_20000_reciprocating_tap12/force.png,derived,39614,3e0e07cd8d552015ab18c02657da8926c45273af3408c816ac5e97a7101b951e,2026-05-20T11:11:53Z,,2026-05-07_003_tap_tests_servo_linear,,,,,,,,,,,,,,,force
tap-tests,Machine FRF and stability/Tap tests/2026-05-07_003_tap_tests_servo_linear/spindle_linear/results/figures/time/x/2026-05-07_14-03-00_x315_y315_z60_x_xyz_spindle_alu_tip_no_lock_fs_20000_reciprocating_tap12/force_detrended.png,derived,43758,1748795cf4ebd9b28496513b821f413a636b54e257a54ddbe77e830832b49a55,2026-05-20T11:11:53Z,,2026-05-07_003_tap_tests_servo_linear,,,,,,,,,,,,,,,force_detrended
tap-tests,Machine FRF and stability/Tap tests/2026-05-07_003_tap_tests_servo_linear/spindle_linear/results/figures/time/x/2026-05-07_14-03-00_x315_y315_z60_x_xyz_spindle_alu_tip_no_lock_fs_20000_reciprocating_tap12/force_window.png,derived,47839,4a268032f52470798e2d88c89065f091f7e9c390517099d12efedc8f80ac472d,2026-05-20T11:11:53Z,,2026-05-07_003_tap_tests_servo_linear,,,,,,,,,,,,,,,force_window
tap-tests,Machine FRF and stability/Tap tests/2026-05-07_003_tap_tests_servo_linear/spindle_linear/results/figures/time/x/2026-05-07_14-03-00_x315_y315_z60_x_xyz_spindle_alu_tip_no_lock_fs_20000_reciprocating_tap12/force_windowed.png,derived,37605,1d1c0ce0159cd03164c520c9dd5583e4c5abb02ad6b6213fffbc1dd6061ff0b1,2026-05-20T11:11:53Z,,2026-05-07_003_tap_tests_servo_linear,,,,,,,,,,,,,,,force_windowed
tap-tests,Machine FRF and stability/Tap tests/2026-05-07_003_tap_tests_servo_linear/spindle_linear/results/figures/time/x/2026-05-07_14-03-00_x315_y315_z60_x_xyz_spindle_alu_tip_no_lock_fs_20000_reciprocating_tap12/response.png,derived,50079,1d49c94bda6300fb3edf6de5362e8223eacccc034d3ce3a7de3a9bc780a74d05,2026-05-20T11:11:53Z,,2026-05-07_003_tap_tests_servo_linear,,,,,,,,,,,,,,,response
tap-tests,Machine FRF and stability/Tap tests/2026-05-07_003_tap_tests_servo_linear/spindle_linear/results/figures/time/x/2026-05-07_14-03-00_x315_y315_z60_x_xyz_spindle_alu_tip_no_lock_fs_20000_reciprocating_tap12/response_detrended.png,derived,52257,6d63af371e5dda0f78ac4d02ada1fe0edf76920672b206921b5f8a86288367b0,2026-05-20T11:11:53Z,,2026-05-07_003_tap_tests_servo_linear,,,,,,,,,,,,,,,response_detrended
tap-tests,Machine FRF and stability/Tap tests/2026-05-07_003_tap_tests_servo_linear/spindle_linear/results/figures/time/x/2026-05-07_14-03-00_x315_y315_z60_x_xyz_spindle_alu_tip_no_lock_fs_20000_reciprocating_tap12/response_wiener.png,derived,45688,b2cb18459e7ad988ce6c925a116ccf971f59f0edfff3ae71391fc10b32b89f80,2026-05-20T11:11:53Z,,2026-05-07_003_tap_tests_servo_linear,,,,,,,,,,,,,,,response_wiener
tap-tests,Machine FRF and stability/Tap tests/2026-05-07_003_tap_tests_servo_linear/spindle_linear/results/figures/time/x/2026-05-07_14-03-00_x315_y315_z60_x_xyz_spindle_alu_tip_no_lock_fs_20000_reciprocating_tap12/response_window.png,derived,67723,8b5e7cb41e2306d2c48b2907aaa4cfc01e56332953cbeb0c30b0e3d39af3af72,2026-05-20T11:11:53Z,,2026-05-07_003_tap_tests_servo_linear,,,,,,,,,,,,,,,response_window
tap-tests,Machine FRF and stability/Tap tests/2026-05-07_003_tap_tests_servo_linear/spindle_linear/results/figures/time/x/2026-05-07_14-03-00_x315_y315_z60_x_xyz_spindle_alu_tip_no_lock_fs_20000_reciprocating_tap12/response_windowed.png,derived,44344,a7145b266b5ac911ceae5d1d1c143da66e0082db85b4c8a9e64c2c12184eb4c3,2026-05-20T11:11:54Z,,2026-05-07_003_tap_tests_servo_linear,,,,,,,,,,,,,,,response_windowed
tap-tests,Machine FRF and stability/Tap tests/2026-05-07_003_tap_tests_servo_linear/spindle_linear/results/figures/time/x/2026-05-07_14-03-00_x315_y315_z60_x_xyz_spindle_alu_tip_no_lock_fs_20000_reciprocating_tap13/force.png,derived,39043,50b015031d408454247c9ae7ed19da04e48553da83ab8a3ea6d51f0394923557,2026-05-20T11:12:00Z,,2026-05-07_003_tap_tests_servo_linear,,,,,,,,,,,,,,,force
tap-tests,Machine FRF and stability/Tap tests/2026-05-07_003_tap_tests_servo_linear/spindle_linear/results/figures/time/x/2026-05-07_14-03-00_x315_y315_z60_x_xyz_spindle_alu_tip_no_lock_fs_20000_reciprocating_tap13/force_detrended.png,derived,43480,43d382989a185eb2fee30242bda14c09a3ea1fd159ab31b5ae9e79410fbf4a3f,2026-05-20T11:12:01Z,,2026-05-07_003_tap_tests_servo_linear,,,,,,,,,,,,,,,force_detrended
tap-tests,Machine FRF and stability/Tap tests/2026-05-07_003_tap_tests_servo_linear/spindle_linear/results/figures/time/x/2026-05-07_14-03-00_x315_y315_z60_x_xyz_spindle_alu_tip_no_lock_fs_20000_reciprocating_tap13/force_window.png,derived,47867,16f42867719593595ada512ca7f8c8eb19732cad7f06a281df5570de26911f82,2026-05-20T11:12:01Z,,2026-05-07_003_tap_tests_servo_linear,,,,,,,,,,,,,,,force_window
tap-tests,Machine FRF and stability/Tap tests/2026-05-07_003_tap_tests_servo_linear/spindle_linear/results/figures/time/x/2026-05-07_14-03-00_x315_y315_z60_x_xyz_spindle_alu_tip_no_lock_fs_20000_reciprocating_tap13/force_windowed.png,derived,37582,125b733ca552bc9ee47f14b5997cc8b143546276147e97e25f896fd0a212cd6a,2026-05-20T11:12:01Z,,2026-05-07_003_tap_tests_servo_linear,,,,,,,,,,,,,,,force_windowed
tap-tests,Machine FRF and stability/Tap tests/2026-05-07_003_tap_tests_servo_linear/spindle_linear/results/figures/time/x/2026-05-07_14-03-00_x315_y315_z60_x_xyz_spindle_alu_tip_no_lock_fs_20000_reciprocating_tap13/response.png,derived,52415,d8fd8f691efc1b1ef4397f1a14fe703ff11851b0f91af5434fbb92998754c5fc,2026-05-20T11:12:01Z,,2026-05-07_003_tap_tests_servo_linear,,,,,,,,,,,,,,,response
tap-tests,Machine FRF and stability/Tap tests/2026-05-07_003_tap_tests_servo_linear/spindle_linear/results/figures/time/x/2026-05-07_14-03-00_x315_y315_z60_x_xyz_spindle_alu_tip_no_lock_fs_20000_reciprocating_tap13/response_detrended.png,derived,53103,a58be83a571274f05ab6d155bc8dbf43b057c6b714ad1f8925f1d1d917b4e775,2026-05-20T11:12:02Z,,2026-05-07_003_tap_tests_servo_linear,,,,,,,,,,,,,,,response_detrended
tap-tests,Machine FRF and stability/Tap tests/2026-05-07_003_tap_tests_servo_linear/spindle_linear/results/figures/time/x/2026-05-07_14-03-00_x315_y315_z60_x_xyz_spindle_alu_tip_no_lock_fs_20000_reciprocating_tap13/response_wiener.png,derived,47336,4b014a3c8c79c8abfe0754b768748a0ff9044bb3adfc4e46ac4bcc556479d6c9,2026-05-20T11:12:02Z,,2026-05-07_003_tap_tests_servo_linear,,,,,,,,,,,,,,,response_wiener
tap-tests,Machine FRF and stability/Tap tests/2026-05-07_003_tap_tests_servo_linear/spindle_linear/results/figures/time/x/2026-05-07_14-03-00_x315_y315_z60_x_xyz_spindle_alu_tip_no_lock_fs_20000_reciprocating_tap13/response_window.png,derived,67483,eb55d661181a2770d884f8e9b19732f90e6a7db6bf43accfa91eb7d8371af5d9,2026-05-20T11:12:02Z,,2026-05-07_003_tap_tests_servo_linear,,,,,,,,,,,,,,,response_window
tap-tests,Machine FRF and stability/Tap tests/2026-05-07_003_tap_tests_servo_linear/spindle_linear/results/figures/time/x/2026-05-07_14-03-00_x315_y315_z60_x_xyz_spindle_alu_tip_no_lock_fs_20000_reciprocating_tap13/response_windowed.png,derived,45925,73940f287b9fc90662922b0ed87e8b3a229939bbfb586aa732ed18c2fd0ae958,2026-05-20T11:12:03Z,,2026-05-07_003_tap_tests_servo_linear,,,,,,,,,,,,,,,response_windowed
tap-tests,Machine FRF and stability/Tap tests/2026-05-07_003_tap_tests_servo_linear/spindle_linear/results/figures/time/x/2026-05-07_14-03-00_x315_y315_z60_x_xyz_spindle_alu_tip_no_lock_fs_20000_reciprocating_tap16/force.png,derived,40727,3436d4141cd80e8cd5f43f8be43d28f1875f5d19fc972683334365800f92a2a4,2026-05-20T11:12:10Z,,2026-05-07_003_tap_tests_servo_linear,,,,,,,,,,,,,,,force
tap-tests,Machine FRF and stability/Tap tests/2026-05-07_003_tap_tests_servo_linear/spindle_linear/results/figures/time/x/2026-05-07_14-03-00_x315_y315_z60_x_xyz_spindle_alu_tip_no_lock_fs_20000_reciprocating_tap16/force_detrended.png,derived,44947,a5a546cf81898d9f1bf6f639375447713cf553c91fd6df39b0ae9ed2d4e99560,2026-05-20T11:12:11Z,,2026-05-07_003_tap_tests_servo_linear,,,,,,,,,,,,,,,force_detrended
tap-tests,Machine FRF and stability/Tap tests/2026-05-07_003_tap_tests_servo_linear/spindle_linear/results/figures/time/x/2026-05-07_14-03-00_x315_y315_z60_x_xyz_spindle_alu_tip_no_lock_fs_20000_reciprocating_tap16/force_window.png,derived,47959,722658fabb2321aae139cec2b7b6fffc0e07498806074a46a50b720f22af7a03,2026-05-20T11:12:11Z,,2026-05-07_003_tap_tests_servo_linear,,,,,,,,,,,,,,,force_window
tap-tests,Machine FRF and stability/Tap tests/2026-05-07_003_tap_tests_servo_linear/spindle_linear/results/figures/time/x/2026-05-07_14-03-00_x315_y315_z60_x_xyz_spindle_alu_tip_no_lock_fs_20000_reciprocating_tap16/force_windowed.png,derived,38114,80647ba5f0feec80cd5a426c3fbfebd0ee643f069d2da89e9d4c9b08dd2c9fcc,2026-05-20T11:12:11Z,,2026-05-07_003_tap_tests_servo_linear,,,,,,,,,,,,,,,force_windowed
tap-tests,Machine FRF and stability/Tap tests/2026-05-07_003_tap_tests_servo_linear/spindle_linear/results/figures/time/x/2026-05-07_14-03-00_x315_y315_z60_x_xyz_spindle_alu_tip_no_lock_fs_20000_reciprocating_tap16/response.png,derived,51179,4927fe307fba06c249cf415bd73ab057ce98b4426615fcf82aecc81b58a0508e,2026-05-20T11:12:10Z,,2026-05-07_003_tap_tests_servo_linear,,,,,,,,,,,,,,,response
tap-tests,Machine FRF and stability/Tap tests/2026-05-07_003_tap_tests_servo_linear/spindle_linear/results/figures/time/x/2026-05-07_14-03-00_x315_y315_z60_x_xyz_spindle_alu_tip_no_lock_fs_20000_reciprocating_tap16/response_detrended.png,derived,53610,55969c577605484edd2c04039c5f0ab1919927f77b782b5e7da38e6bec002143,2026-05-20T11:12:12Z,,2026-05-07_003_tap_tests_servo_linear,,,,,,,,,,,,,,,response_detrended
tap-tests,Machine FRF and stability/Tap tests/2026-05-07_003_tap_tests_servo_linear/spindle_linear/results/figures/time/x/2026-05-07_14-03-00_x315_y315_z60_x_xyz_spindle_alu_tip_no_lock_fs_20000_reciprocating_tap16/response_wiener.png,derived,47314,6b45825c79e36bd20df395c5b7c5b0be1dff4da1b767c37a6524e4c2e9a39b77,2026-05-20T11:12:12Z,,2026-05-07_003_tap_tests_servo_linear,,,,,,,,,,,,,,,response_wiener
tap-tests,Machine FRF and stability/Tap tests/2026-05-07_003_tap_tests_servo_linear/spindle_linear/results/figures/time/x/2026-05-07_14-03-00_x315_y315_z60_x_xyz_spindle_alu_tip_no_lock_fs_20000_reciprocating_tap16/response_window.png,derived,67451,cab55709153fffcb94a698bc5ae1af754681e62ce2a2eca9ffecfcb30de1615b,2026-05-20T11:12:12Z,,2026-05-07_003_tap_tests_servo_linear,,,,,,,,,,,,,,,response_window
tap-tests,Machine FRF and stability/Tap tests/2026-05-07_003_tap_tests_servo_linear/spindle_linear/results/figures/time/x/2026-05-07_14-03-00_x315_y315_z60_x_xyz_spindle_alu_tip_no_lock_fs_20000_reciprocating_tap16/response_windowed.png,derived,45911,19cbb99a8e520b2f3d959eb3519456712214a2965214ed8a7cbeb8bc4e39136a,2026-05-20T11:12:13Z,,2026-05-07_003_tap_tests_servo_linear,,,,,,,,,,,,,,,response_windowed
tap-tests,Machine FRF and stability/Tap tests/2026-05-07_003_tap_tests_servo_linear/spindle_linear/results/figures/time/x/2026-05-07_14-03-00_x315_y315_z60_x_xyz_spindle_alu_tip_no_lock_fs_20000_reciprocating_tap17/force.png,derived,40419,38c74dfe77f5aa5c735cf1344ffae206d727bc7ed9233db8f5f700a11285219d,2026-05-20T11:12:20Z,,2026-05-07_003_tap_tests_servo_linear,,,,,,,,,,,,,,,force
tap-tests,Machine FRF and stability/Tap tests/2026-05-07_003_tap_tests_servo_linear/spindle_linear/results/figures/time/x/2026-05-07_14-03-00_x315_y315_z60_x_xyz_spindle_alu_tip_no_lock_fs_20000_reciprocating_tap17/force_detrended.png,derived,44859,9e99975d43b31c88dce5acd26bb7dfba7f226289074a8bd6e3163c1e3c238b2f,2026-05-20T11:12:21Z,,2026-05-07_003_tap_tests_servo_linear,,,,,,,,,,,,,,,force_detrended
tap-tests,Machine FRF and stability/Tap tests/2026-05-07_003_tap_tests_servo_linear/spindle_linear/results/figures/time/x/2026-05-07_14-03-00_x315_y315_z60_x_xyz_spindle_alu_tip_no_lock_fs_20000_reciprocating_tap17/force_window.png,derived,47990,d87fc39732cd4beea017c25529a1faf4891890379ed6ab6a3b8d23f999c032ba,2026-05-20T11:12:21Z,,2026-05-07_003_tap_tests_servo_linear,,,,,,,,,,,,,,,force_window
tap-tests,Machine FRF and stability/Tap tests/2026-05-07_003_tap_tests_servo_linear/spindle_linear/results/figures/time/x/2026-05-07_14-03-00_x315_y315_z60_x_xyz_spindle_alu_tip_no_lock_fs_20000_reciprocating_tap17/force_windowed.png,derived,38238,990f76bf2baab3b1c868347e5f02488c8e2112d3b4cd315cae59047d702f87c2,2026-05-20T11:12:21Z,,2026-05-07_003_tap_tests_servo_linear,,,,,,,,,,,,,,,force_windowed
tap-tests,Machine FRF and stability/Tap tests/2026-05-07_003_tap_tests_servo_linear/spindle_linear/results/figures/time/x/2026-05-07_14-03-00_x315_y315_z60_x_xyz_spindle_alu_tip_no_lock_fs_20000_reciprocating_tap17/response.png,derived,52022,345530f9c5156629941646184c74fe51bb0af471ad0d4d1c081534754ac3539e,2026-05-20T11:12:21Z,,2026-05-07_003_tap_tests_servo_linear,,,,,,,,,,,,,,,response
tap-tests,Machine FRF and stability/Tap tests/2026-05-07_003_tap_tests_servo_linear/spindle_linear/results/figures/time/x/2026-05-07_14-03-00_x315_y315_z60_x_xyz_spindle_alu_tip_no_lock_fs_20000_reciprocating_tap17/response_detrended.png,derived,53715,443ab40f2f1c9a2ae76ae67b0b5e3e691cb94e1399a2cf1a2196d5d0e51c4b93,2026-05-20T11:12:22Z,,2026-05-07_003_tap_tests_servo_linear,,,,,,,,,,,,,,,response_detrended
tap-tests,Machine FRF and stability/Tap tests/2026-05-07_003_tap_tests_servo_linear/spindle_linear/results/figures/time/x/2026-05-07_14-03-00_x315_y315_z60_x_xyz_spindle_alu_tip_no_lock_fs_20000_reciprocating_tap17/response_wiener.png,derived,47026,e2094a06adaa91c1a25b725e6150d34438c73325319e125a3dad187702ccfcb9,2026-05-20T11:12:22Z,,2026-05-07_003_tap_tests_servo_linear,,,,,,,,,,,,,,,response_wiener
tap-tests,Machine FRF and stability/Tap tests/2026-05-07_003_tap_tests_servo_linear/spindle_linear/results/figures/time/x/2026-05-07_14-03-00_x315_y315_z60_x_xyz_spindle_alu_tip_no_lock_fs_20000_reciprocating_tap17/response_window.png,derived,67648,46a877989d460e3f3ee8d5987ed8447c1a66d9c0c90de4fd559588d0c444cc77,2026-05-20T11:12:23Z,,2026-05-07_003_tap_tests_servo_linear,,,,,,,,,,,,,,,response_window
tap-tests,Machine FRF and stability/Tap tests/2026-05-07_003_tap_tests_servo_linear/spindle_linear/results/figures/time/x/2026-05-07_14-03-00_x315_y315_z60_x_xyz_spindle_alu_tip_no_lock_fs_20000_reciprocating_tap17/response_windowed.png,derived,45753,184aec6a7830bb93679c5ef5f1b98c3676297a4a8d06257e6d06dd0346d13a9b,2026-05-20T11:12:23Z,,2026-05-07_003_tap_tests_servo_linear,,,,,,,,,,,,,,,response_windowed
tap-tests,Machine FRF and stability/Tap tests/2026-05-07_003_tap_tests_servo_linear/spindle_linear/results/figures/time/x/2026-05-07_14-03-00_x315_y315_z60_x_xyz_spindle_alu_tip_no_lock_fs_20000_reciprocating_tap2/force.png,derived,40331,c55847454282cec08c979629dab10936c635e1df53ab38330f4afd7b0f5f38f5,2026-05-20T11:11:28Z,,2026-05-07_003_tap_tests_servo_linear,,,,,,,,,,,,,,,force
tap-tests,Machine FRF and stability/Tap tests/2026-05-07_003_tap_tests_servo_linear/spindle_linear/results/figures/time/x/2026-05-07_14-03-00_x315_y315_z60_x_xyz_spindle_alu_tip_no_lock_fs_20000_reciprocating_tap2/force_detrended.png,derived,44666,6f683ba39aa9f980a556bbcf3781476d74d7295de645573f2353376b3dd30adb,2026-05-20T11:11:28Z,,2026-05-07_003_tap_tests_servo_linear,,,,,,,,,,,,,,,force_detrended
tap-tests,Machine FRF and stability/Tap tests/2026-05-07_003_tap_tests_servo_linear/spindle_linear/results/figures/time/x/2026-05-07_14-03-00_x315_y315_z60_x_xyz_spindle_alu_tip_no_lock_fs_20000_reciprocating_tap2/force_window.png,derived,47915,f848de598aafae27f4887c478a846dc013a9a2d917c6a5a0fd552c27f8915db0,2026-05-20T11:11:28Z,,2026-05-07_003_tap_tests_servo_linear,,,,,,,,,,,,,,,force_window
tap-tests,Machine FRF and stability/Tap tests/2026-05-07_003_tap_tests_servo_linear/spindle_linear/results/figures/time/x/2026-05-07_14-03-00_x315_y315_z60_x_xyz_spindle_alu_tip_no_lock_fs_20000_reciprocating_tap2/force_windowed.png,derived,38344,01e4d4149cf91e2a3813ee1e0bfc6983d096439839c055b376048a0dfbcf7658,2026-05-20T11:11:28Z,,2026-05-07_003_tap_tests_servo_linear,,,,,,,,,,,,,,,force_windowed
tap-tests,Machine FRF and stability/Tap tests/2026-05-07_003_tap_tests_servo_linear/spindle_linear/results/figures/time/x/2026-05-07_14-03-00_x315_y315_z60_x_xyz_spindle_alu_tip_no_lock_fs_20000_reciprocating_tap2/response.png,derived,50610,15a6b650391a4cb1b827d1af6d5ef54e92d20c83be44515600435ff005a2f565,2026-05-20T11:11:28Z,,2026-05-07_003_tap_tests_servo_linear,,,,,,,,,,,,,,,response
tap-tests,Machine FRF and stability/Tap tests/2026-05-07_003_tap_tests_servo_linear/spindle_linear/results/figures/time/x/2026-05-07_14-03-00_x315_y315_z60_x_xyz_spindle_alu_tip_no_lock_fs_20000_reciprocating_tap2/response_detrended.png,derived,52783,65546b63790f6a7f34541cbbc742460fb8bbc925c4aae4cb0e9a1b99d4a4e397,2026-05-20T11:11:29Z,,2026-05-07_003_tap_tests_servo_linear,,,,,,,,,,,,,,,response_detrended
tap-tests,Machine FRF and stability/Tap tests/2026-05-07_003_tap_tests_servo_linear/spindle_linear/results/figures/time/x/2026-05-07_14-03-00_x315_y315_z60_x_xyz_spindle_alu_tip_no_lock_fs_20000_reciprocating_tap2/response_wiener.png,derived,45735,742472949d8adc73004f6ed32ba5c9c1156be084810aab65553f0b21f6ede068,2026-05-20T11:11:29Z,,2026-05-07_003_tap_tests_servo_linear,,,,,,,,,,,,,,,response_wiener
tap-tests,Machine FRF and stability/Tap tests/2026-05-07_003_tap_tests_servo_linear/spindle_linear/results/figures/time/x/2026-05-07_14-03-00_x315_y315_z60_x_xyz_spindle_alu_tip_no_lock_fs_20000_reciprocating_tap2/response_window.png,derived,65677,64b7b1e9d1465b09b831fad7a2861d24c5e4102da5346268e3e1c8d1478e9c70,2026-05-20T11:11:29Z,,2026-05-07_003_tap_tests_servo_linear,,,,,,,,,,,,,,,response_window
tap-tests,Machine FRF and stability/Tap tests/2026-05-07_003_tap_tests_servo_linear/spindle_linear/results/figures/time/x/2026-05-07_14-03-00_x315_y315_z60_x_xyz_spindle_alu_tip_no_lock_fs_20000_reciprocating_tap2/response_windowed.png,derived,44680,6f8ceb541331263aa8107c28396fd6f4777692260584be089e8a8d97b0240e33,2026-05-20T11:11:29Z,,2026-05-07_003_tap_tests_servo_linear,,,,,,,,,,,,,,,response_windowed
tap-tests,Machine FRF and stability/Tap tests/2026-05-07_003_tap_tests_servo_linear/spindle_linear/results/figures/time/x/2026-05-07_14-03-00_x315_y315_z60_x_xyz_spindle_alu_tip_no_lock_fs_20000_reciprocating_tap3/force.png,derived,40209,1568e3c5961e545defe579aae473ad89272990e3693b8aceca790e6ca3e40dab,2026-05-20T11:11:32Z,,2026-05-07_003_tap_tests_servo_linear,,,,,,,,,,,,,,,force
tap-tests,Machine FRF and stability/Tap tests/2026-05-07_003_tap_tests_servo_linear/spindle_linear/results/figures/time/x/2026-05-07_14-03-00_x315_y315_z60_x_xyz_spindle_alu_tip_no_lock_fs_20000_reciprocating_tap3/force_detrended.png,derived,44569,6e4bc23955e7479bac41980c99507c024bc0f93a86b8ce9768332a881c6a006a,2026-05-20T11:11:32Z,,2026-05-07_003_tap_tests_servo_linear,,,,,,,,,,,,,,,force_detrended
tap-tests,Machine FRF and stability/Tap tests/2026-05-07_003_tap_tests_servo_linear/spindle_linear/results/figures/time/x/2026-05-07_14-03-00_x315_y315_z60_x_xyz_spindle_alu_tip_no_lock_fs_20000_reciprocating_tap3/force_window.png,derived,47848,bc59979a03511552c0dee9ec8e047a07c72101a7b09b3d64a823482ecf8e448f,2026-05-20T11:11:33Z,,2026-05-07_003_tap_tests_servo_linear,,,,,,,,,,,,,,,force_window
tap-tests,Machine FRF and stability/Tap tests/2026-05-07_003_tap_tests_servo_linear/spindle_linear/results/figures/time/x/2026-05-07_14-03-00_x315_y315_z60_x_xyz_spindle_alu_tip_no_lock_fs_20000_reciprocating_tap3/force_windowed.png,derived,37761,b6619c481763d752bcb49e71f73de5c634556623a182663c227d18207aa01151,2026-05-20T11:11:33Z,,2026-05-07_003_tap_tests_servo_linear,,,,,,,,,,,,,,,force_windowed
tap-tests,Machine FRF and stability/Tap tests/2026-05-07_003_tap_tests_servo_linear/spindle_linear/results/figures/time/x/2026-05-07_14-03-00_x315_y315_z60_x_xyz_spindle_alu_tip_no_lock_fs_20000_reciprocating_tap3/response.png,derived,52360,fa57f29044a5027ce4fd94cf0b5092a0f29f0fdbde80edbf4fd64a1cc4e3be4d,2026-05-20T11:11:32Z,,2026-05-07_003_tap_tests_servo_linear,,,,,,,,,,,,,,,response
tap-tests,Machine FRF and stability/Tap tests/2026-05-07_003_tap_tests_servo_linear/spindle_linear/results/figures/time/x/2026-05-07_14-03-00_x315_y315_z60_x_xyz_spindle_alu_tip_no_lock_fs_20000_reciprocating_tap3/response_detrended.png,derived,54347,65a3adf91d5b56dbea736f4effcbbaf9b1f59fd46d097163dd79ea0f55c89f00,2026-05-20T11:11:33Z,,2026-05-07_003_tap_tests_servo_linear,,,,,,,,,,,,,,,response_detrended
tap-tests,Machine FRF and stability/Tap tests/2026-05-07_003_tap_tests_servo_linear/spindle_linear/results/figures/time/x/2026-05-07_14-03-00_x315_y315_z60_x_xyz_spindle_alu_tip_no_lock_fs_20000_reciprocating_tap3/response_wiener.png,derived,47356,f43ffae1dd3db29bb7c6d83b9743c3caa7762f377d3bdb6545a969197655d93f,2026-05-20T11:11:33Z,,2026-05-07_003_tap_tests_servo_linear,,,,,,,,,,,,,,,response_wiener
tap-tests,Machine FRF and stability/Tap tests/2026-05-07_003_tap_tests_servo_linear/spindle_linear/results/figures/time/x/2026-05-07_14-03-00_x315_y315_z60_x_xyz_spindle_alu_tip_no_lock_fs_20000_reciprocating_tap3/response_window.png,derived,66017,751b8f0ff7b846cc5eea737ac1eeadcf39cf725a34cb0a1a1031267ef9b4a808,2026-05-20T11:11:33Z,,2026-05-07_003_tap_tests_servo_linear,,,,,,,,,,,,,,,response_window
tap-tests,Machine FRF and stability/Tap tests/2026-05-07_003_tap_tests_servo_linear/spindle_linear/results/figures/time/x/2026-05-07_14-03-00_x315_y315_z60_x_xyz_spindle_alu_tip_no_lock_fs_20000_reciprocating_tap3/response_windowed.png,derived,46408,89878dd99826f6fa8e3f0ec0df2de9e8ffa0a387b71ce246d071a5ae30168cba,2026-05-20T11:11:33Z,,2026-05-07_003_tap_tests_servo_linear,,,,,,,,,,,,,,,response_windowed
tap-tests,Machine FRF and stability/Tap tests/2026-05-07_003_tap_tests_servo_linear/spindle_linear/results/figures/time/x/2026-05-07_14-03-00_x315_y315_z60_x_xyz_spindle_alu_tip_no_lock_fs_20000_reciprocating_tap8/force.png,derived,39909,86edc78f7157acb107116ea16431f0f7c9538d1fcc5e9de97a5bc4ee8402f701,2026-05-20T11:11:36Z,,2026-05-07_003_tap_tests_servo_linear,,,,,,,,,,,,,,,force
tap-tests,Machine FRF and stability/Tap tests/2026-05-07_003_tap_tests_servo_linear/spindle_linear/results/figures/time/x/2026-05-07_14-03-00_x315_y315_z60_x_xyz_spindle_alu_tip_no_lock_fs_20000_reciprocating_tap8/force_detrended.png,derived,44293,c8fab327af12c076dbac62aa55ce2950ff45ede4e52559be56fb625019adae30,2026-05-20T11:11:36Z,,2026-05-07_003_tap_tests_servo_linear,,,,,,,,,,,,,,,force_detrended
tap-tests,Machine FRF and stability/Tap tests/2026-05-07_003_tap_tests_servo_linear/spindle_linear/results/figures/time/x/2026-05-07_14-03-00_x315_y315_z60_x_xyz_spindle_alu_tip_no_lock_fs_20000_reciprocating_tap8/force_window.png,derived,47958,a38f07123a83ca49596ae4b86ab7c3f1e85ad830543283177b01c95ccd876a44,2026-05-20T11:11:36Z,,2026-05-07_003_tap_tests_servo_linear,,,,,,,,,,,,,,,force_window
tap-tests,Machine FRF and stability/Tap tests/2026-05-07_003_tap_tests_servo_linear/spindle_linear/results/figures/time/x/2026-05-07_14-03-00_x315_y315_z60_x_xyz_spindle_alu_tip_no_lock_fs_20000_reciprocating_tap8/force_windowed.png,derived,37992,a5811d7b1cad009115f53cd2635df33626332154203dbc4d6ba95c5beb597895,2026-05-20T11:11:37Z,,2026-05-07_003_tap_tests_servo_linear,,,,,,,,,,,,,,,force_windowed
tap-tests,Machine FRF and stability/Tap tests/2026-05-07_003_tap_tests_servo_linear/spindle_linear/results/figures/time/x/2026-05-07_14-03-00_x315_y315_z60_x_xyz_spindle_alu_tip_no_lock_fs_20000_reciprocating_tap8/response.png,derived,52047,550e22eb6290e25c4ad2351d513e56717ef523d17f43a88b63d01a230a949eec,2026-05-20T11:11:36Z,,2026-05-07_003_tap_tests_servo_linear,,,,,,,,,,,,,,,response
tap-tests,Machine FRF and stability/Tap tests/2026-05-07_003_tap_tests_servo_linear/spindle_linear/results/figures/time/x/2026-05-07_14-03-00_x315_y315_z60_x_xyz_spindle_alu_tip_no_lock_fs_20000_reciprocating_tap8/response_detrended.png,derived,53433,6572614e9ecc2a56695fbc5720331209faa7821a615f9da4880207dd168a7f87,2026-05-20T11:11:37Z,,2026-05-07_003_tap_tests_servo_linear,,,,,,,,,,,,,,,response_detrended
tap-tests,Machine FRF and stability/Tap tests/2026-05-07_003_tap_tests_servo_linear/spindle_linear/results/figures/time/x/2026-05-07_14-03-00_x315_y315_z60_x_xyz_spindle_alu_tip_no_lock_fs_20000_reciprocating_tap8/response_wiener.png,derived,46763,9178bcc6c239e7cd75f128607e0a2013e7f19645ef2aeabf8054e15d7b61748d,2026-05-20T11:11:37Z,,2026-05-07_003_tap_tests_servo_linear,,,,,,,,,,,,,,,response_wiener
tap-tests,Machine FRF and stability/Tap tests/2026-05-07_003_tap_tests_servo_linear/spindle_linear/results/figures/time/x/2026-05-07_14-03-00_x315_y315_z60_x_xyz_spindle_alu_tip_no_lock_fs_20000_reciprocating_tap8/response_window.png,derived,67516,9a96ea9defe0329a848a5c065cbf8b4307de8de71a4a8fb5c0f5fe77ce7d8c91,2026-05-20T11:11:37Z,,2026-05-07_003_tap_tests_servo_linear,,,,,,,,,,,,,,,response_window
tap-tests,Machine FRF and stability/Tap tests/2026-05-07_003_tap_tests_servo_linear/spindle_linear/results/figures/time/x/2026-05-07_14-03-00_x315_y315_z60_x_xyz_spindle_alu_tip_no_lock_fs_20000_reciprocating_tap8/response_windowed.png,derived,45487,128645ad9b7cee368d770ab2d750c90f04960df0c9f230644a13c14deab6fc2f,2026-05-20T11:11:37Z,,2026-05-07_003_tap_tests_servo_linear,,,,,,,,,,,,,,,response_windowed
tap-tests,Machine FRF and stability/Tap tests/2026-05-07_003_tap_tests_servo_linear/spindle_linear/results/figures/time/x/2026-05-07_14-03-00_x315_y315_z60_x_xyz_spindle_alu_tip_no_lock_fs_20000_reciprocating_tap9/force.png,derived,40385,0158230048cdf9916470d2de52aa309d2d660643da7d1b1e4b3632830f879744,2026-05-20T11:11:40Z,,2026-05-07_003_tap_tests_servo_linear,,,,,,,,,,,,,,,force
tap-tests,Machine FRF and stability/Tap tests/2026-05-07_003_tap_tests_servo_linear/spindle_linear/results/figures/time/x/2026-05-07_14-03-00_x315_y315_z60_x_xyz_spindle_alu_tip_no_lock_fs_20000_reciprocating_tap9/force_detrended.png,derived,44623,8148af9bffbaaf46550ac217bba3eb654053ea28efc78690f912798e701a5514,2026-05-20T11:11:40Z,,2026-05-07_003_tap_tests_servo_linear,,,,,,,,,,,,,,,force_detrended
tap-tests,Machine FRF and stability/Tap tests/2026-05-07_003_tap_tests_servo_linear/spindle_linear/results/figures/time/x/2026-05-07_14-03-00_x315_y315_z60_x_xyz_spindle_alu_tip_no_lock_fs_20000_reciprocating_tap9/force_window.png,derived,47971,d30228f328e8d68d9fd2e287c926e11f781933cb7396a520b36dd67422778862,2026-05-20T11:11:41Z,,2026-05-07_003_tap_tests_servo_linear,,,,,,,,,,,,,,,force_window
tap-tests,Machine FRF and stability/Tap tests/2026-05-07_003_tap_tests_servo_linear/spindle_linear/results/figures/time/x/2026-05-07_14-03-00_x315_y315_z60_x_xyz_spindle_alu_tip_no_lock_fs_20000_reciprocating_tap9/force_windowed.png,derived,38298,129cc2d6c859cf9907494638260df3e892f8f0919a56f59f570981c36a50f8d5,2026-05-20T11:11:41Z,,2026-05-07_003_tap_tests_servo_linear,,,,,,,,,,,,,,,force_windowed
tap-tests,Machine FRF and stability/Tap tests/2026-05-07_003_tap_tests_servo_linear/spindle_linear/results/figures/time/x/2026-05-07_14-03-00_x315_y315_z60_x_xyz_spindle_alu_tip_no_lock_fs_20000_reciprocating_tap9/response.png,derived,49785,caf52c062a1d96640e45160ee866874b3fe3589b35fa5b3c7fb87199fe3792f2,2026-05-20T11:11:40Z,,2026-05-07_003_tap_tests_servo_linear,,,,,,,,,,,,,,,response
tap-tests,Machine FRF and stability/Tap tests/2026-05-07_003_tap_tests_servo_linear/spindle_linear/results/figures/time/x/2026-05-07_14-03-00_x315_y315_z60_x_xyz_spindle_alu_tip_no_lock_fs_20000_reciprocating_tap9/response_detrended.png,derived,51140,d61afe97bca8b9253c69ca387b6ee254f021932e31c721471cc23bdffdf0127c,2026-05-20T11:11:41Z,,2026-05-07_003_tap_tests_servo_linear,,,,,,,,,,,,,,,response_detrended
tap-tests,Machine FRF and stability/Tap tests/2026-05-07_003_tap_tests_servo_linear/spindle_linear/results/figures/time/x/2026-05-07_14-03-00_x315_y315_z60_x_xyz_spindle_alu_tip_no_lock_fs_20000_reciprocating_tap9/response_wiener.png,derived,44966,e11696235c8a937f4213cfe8ebfa4eba540eeb73d02160881bc2077cea40bbc3,2026-05-20T11:11:41Z,,2026-05-07_003_tap_tests_servo_linear,,,,,,,,,,,,,,,response_wiener
tap-tests,Machine FRF and stability/Tap tests/2026-05-07_003_tap_tests_servo_linear/spindle_linear/results/figures/time/x/2026-05-07_14-03-00_x315_y315_z60_x_xyz_spindle_alu_tip_no_lock_fs_20000_reciprocating_tap9/response_window.png,derived,67595,78250cd1cdbf2fe1c323454563eb4adfb75706a2f7cc85d64cabdd974c616443,2026-05-20T11:11:41Z,,2026-05-07_003_tap_tests_servo_linear,,,,,,,,,,,,,,,response_window
tap-tests,Machine FRF and stability/Tap tests/2026-05-07_003_tap_tests_servo_linear/spindle_linear/results/figures/time/x/2026-05-07_14-03-00_x315_y315_z60_x_xyz_spindle_alu_tip_no_lock_fs_20000_reciprocating_tap9/response_windowed.png,derived,43785,c258e020419458886cffcc89be60ee171b70254839c58927d1d17d21db0313fe,2026-05-20T11:11:41Z,,2026-05-07_003_tap_tests_servo_linear,,,,,,,,,,,,,,,response_windowed
tap-tests,Machine FRF and stability/Tap tests/2026-05-07_003_tap_tests_servo_linear/spindle_linear/results/figures/time/x/average/force.png,derived,42525,c745ce18cf303d58953dcbbbac755bc4571910eeffbee1fabe80a412e3fe83d6,2026-05-20T11:12:30Z,,2026-05-07_003_tap_tests_servo_linear,,,,,,,,,,,,,,,force
tap-tests,Machine FRF and stability/Tap tests/2026-05-07_003_tap_tests_servo_linear/spindle_linear/results/figures/time/x/average/force_detrended.png,derived,40612,91c78c6184460eca14e4366a6dcae495227c0b4d275a1fa52940a6f7fba95ab0,2026-05-20T11:12:31Z,,2026-05-07_003_tap_tests_servo_linear,,,,,,,,,,,,,,,force_detrended
tap-tests,Machine FRF and stability/Tap tests/2026-05-07_003_tap_tests_servo_linear/spindle_linear/results/figures/time/x/average/force_window.png,derived,48761,e4f346f83866e00b11a57c95af8a54d9252d20e3477a53e10b4a6bbb523bc71f,2026-05-20T11:12:31Z,,2026-05-07_003_tap_tests_servo_linear,,,,,,,,,,,,,,,force_window
tap-tests,Machine FRF and stability/Tap tests/2026-05-07_003_tap_tests_servo_linear/spindle_linear/results/figures/time/x/average/force_windowed.png,derived,38686,66058f633bc0da034c2edecf39df0e25068346222efb02ea2d6be74c936ed7dd,2026-05-20T11:12:31Z,,2026-05-07_003_tap_tests_servo_linear,,,,,,,,,,,,,,,force_windowed
tap-tests,Machine FRF and stability/Tap tests/2026-05-07_003_tap_tests_servo_linear/spindle_linear/results/figures/time/x/average/response.png,derived,46082,6e7ece801e38669815cf6a830bb1a9862637d5214bf1e7287829e10dad94d2a7,2026-05-20T11:12:30Z,,2026-05-07_003_tap_tests_servo_linear,,,,,,,,,,,,,,,response
tap-tests,Machine FRF and stability/Tap tests/2026-05-07_003_tap_tests_servo_linear/spindle_linear/results/figures/time/x/average/response_detrended.png,derived,46579,b60734a46f8fe964a1777f7a8f427de0ca3a0514741a71a41904e0a2631c94ea,2026-05-20T11:12:31Z,,2026-05-07_003_tap_tests_servo_linear,,,,,,,,,,,,,,,response_detrended
tap-tests,Machine FRF and stability/Tap tests/2026-05-07_003_tap_tests_servo_linear/spindle_linear/results/figures/time/x/average/response_wiener.png,derived,44225,7c1b3f07d2426f1de4bfe6cab1ba9c348af029da32ba6d7a6c39f66ec10a135a,2026-05-20T11:12:32Z,,2026-05-07_003_tap_tests_servo_linear,,,,,,,,,,,,,,,response_wiener
tap-tests,Machine FRF and stability/Tap tests/2026-05-07_003_tap_tests_servo_linear/spindle_linear/results/figures/time/x/average/response_window.png,derived,70538,dfc23776023677f986794e3523ab4369baf5af509e1832806fc2b59fb57f94b9,2026-05-20T11:12:32Z,,2026-05-07_003_tap_tests_servo_linear,,,,,,,,,,,,,,,response_window
tap-tests,Machine FRF and stability/Tap tests/2026-05-07_003_tap_tests_servo_linear/spindle_linear/results/figures/time/x/average/response_windowed.png,derived,43135,ee5863ea3fb99179a5574937171587b70def10bfae86e16b80065a4c9f2f5efa,2026-05-20T11:12:32Z,,2026-05-07_003_tap_tests_servo_linear,,,,,,,,,,,,,,,response_windowed
tap-tests,Machine FRF and stability/Tap tests/2026-05-07_003_tap_tests_servo_linear/spindle_linear/results/logs/export_log.json,derived,20552,a35365b0276b741ff67ab6613732b82b65a80c9cef25d232d6ac79b4c3b4afbb,2026-05-20T11:12:37Z,,2026-05-07_003_tap_tests_servo_linear,,,,,,,,,,,,,,,export_log
tap-tests,Machine FRF and stability/Tap tests/2026-05-07_003_tap_tests_servo_linear/spindle_linear/results/tables/fft/x/2026-05-07_14-03-00_x315_y315_z60_x_xyz_spindle_alu_tip_no_lock_fs_20000_reciprocating_tap10.csv,derived,863204,4ab689ec05da5cc96fa58242e3aea7de60b5a2b3bf5bf1b790726c48c43f9b4d,2026-05-20T11:11:44Z,,2026-05-07_003_tap_tests_servo_linear,,,,,,,,,,,,,10,20000,2026-05-07_14-03-00_x315_y315_z60_x_xyz_spindle_alu_tip_no_lock_fs_20000_reciprocating_tap10
tap-tests,Machine FRF and stability/Tap tests/2026-05-07_003_tap_tests_servo_linear/spindle_linear/results/tables/fft/x/2026-05-07_14-03-00_x315_y315_z60_x_xyz_spindle_alu_tip_no_lock_fs_20000_reciprocating_tap11.csv,derived,862951,447139b5142e48b8680aa20d5b33e6c80b5c8241775de036c752e8f7cd4c76ac,2026-05-20T11:11:48Z,,2026-05-07_003_tap_tests_servo_linear,,,,,,,,,,,,,11,20000,2026-05-07_14-03-00_x315_y315_z60_x_xyz_spindle_alu_tip_no_lock_fs_20000_reciprocating_tap11
tap-tests,Machine FRF and stability/Tap tests/2026-05-07_003_tap_tests_servo_linear/spindle_linear/results/tables/fft/x/2026-05-07_14-03-00_x315_y315_z60_x_xyz_spindle_alu_tip_no_lock_fs_20000_reciprocating_tap12.csv,derived,859563,8305ca36ae15bfc40680927b0c9657709243b3f4b05b810e0a590f4d1a0ed832,2026-05-20T11:11:52Z,,2026-05-07_003_tap_tests_servo_linear,,,,,,,,,,,,,12,20000,2026-05-07_14-03-00_x315_y315_z60_x_xyz_spindle_alu_tip_no_lock_fs_20000_reciprocating_tap12
tap-tests,Machine FRF and stability/Tap tests/2026-05-07_003_tap_tests_servo_linear/spindle_linear/results/tables/fft/x/2026-05-07_14-03-00_x315_y315_z60_x_xyz_spindle_alu_tip_no_lock_fs_20000_reciprocating_tap13.csv,derived,857657,61d0fce55c41e47dd32c139e716975e13b887881fe9051582af99b6ae832fd4d,2026-05-20T11:12:00Z,,2026-05-07_003_tap_tests_servo_linear,,,,,,,,,,,,,13,20000,2026-05-07_14-03-00_x315_y315_z60_x_xyz_spindle_alu_tip_no_lock_fs_20000_reciprocating_tap13
tap-tests,Machine FRF and stability/Tap tests/2026-05-07_003_tap_tests_servo_linear/spindle_linear/results/tables/fft/x/2026-05-07_14-03-00_x315_y315_z60_x_xyz_spindle_alu_tip_no_lock_fs_20000_reciprocating_tap16.csv,derived,860561,bf62a75ae0a1bd78560fe860702dff4564e205d263f48c1e53da5c70c33d671f,2026-05-20T11:12:10Z,,2026-05-07_003_tap_tests_servo_linear,,,,,,,,,,,,,16,20000,2026-05-07_14-03-00_x315_y315_z60_x_xyz_spindle_alu_tip_no_lock_fs_20000_reciprocating_tap16
tap-tests,Machine FRF and stability/Tap tests/2026-05-07_003_tap_tests_servo_linear/spindle_linear/results/tables/fft/x/2026-05-07_14-03-00_x315_y315_z60_x_xyz_spindle_alu_tip_no_lock_fs_20000_reciprocating_tap17.csv,derived,858895,a4fbfd50d03ed9f179b148ae7f7600ce4697c9b97684b222e69c06433b4b842b,2026-05-20T11:12:20Z,,2026-05-07_003_tap_tests_servo_linear,,,,,,,,,,,,,17,20000,2026-05-07_14-03-00_x315_y315_z60_x_xyz_spindle_alu_tip_no_lock_fs_20000_reciprocating_tap17
tap-tests,Machine FRF and stability/Tap tests/2026-05-07_003_tap_tests_servo_linear/spindle_linear/results/tables/fft/x/2026-05-07_14-03-00_x315_y315_z60_x_xyz_spindle_alu_tip_no_lock_fs_20000_reciprocating_tap2.csv,derived,858846,56d13dcbbc182ebe89629402fe4123b4c34b520985caec3a74b4127216e3ca47,2026-05-20T11:11:28Z,,2026-05-07_003_tap_tests_servo_linear,,,,,,,,,,,,,2,20000,2026-05-07_14-03-00_x315_y315_z60_x_xyz_spindle_alu_tip_no_lock_fs_20000_reciprocating_tap2
tap-tests,Machine FRF and stability/Tap tests/2026-05-07_003_tap_tests_servo_linear/spindle_linear/results/tables/fft/x/2026-05-07_14-03-00_x315_y315_z60_x_xyz_spindle_alu_tip_no_lock_fs_20000_reciprocating_tap3.csv,derived,860990,c3e44414afb427ba0325d1e550c1a568c24e1b58e8980b50941f5e58ea498904,2026-05-20T11:11:32Z,,2026-05-07_003_tap_tests_servo_linear,,,,,,,,,,,,,3,20000,2026-05-07_14-03-00_x315_y315_z60_x_xyz_spindle_alu_tip_no_lock_fs_20000_reciprocating_tap3
tap-tests,Machine FRF and stability/Tap tests/2026-05-07_003_tap_tests_servo_linear/spindle_linear/results/tables/fft/x/2026-05-07_14-03-00_x315_y315_z60_x_xyz_spindle_alu_tip_no_lock_fs_20000_reciprocating_tap8.csv,derived,860732,1489f9fb8748ea91ce54f4888b7a9bd3ee9b4ad0b70e591dbb83f5748d923149,2026-05-20T11:11:36Z,,2026-05-07_003_tap_tests_servo_linear,,,,,,,,,,,,,8,20000,2026-05-07_14-03-00_x315_y315_z60_x_xyz_spindle_alu_tip_no_lock_fs_20000_reciprocating_tap8
tap-tests,Machine FRF and stability/Tap tests/2026-05-07_003_tap_tests_servo_linear/spindle_linear/results/tables/fft/x/2026-05-07_14-03-00_x315_y315_z60_x_xyz_spindle_alu_tip_no_lock_fs_20000_reciprocating_tap9.csv,derived,858780,9d47715be6e55c85ceaedb7b01dc3fdc0967a2538efd23f3adc848e035a84acd,2026-05-20T11:11:40Z,,2026-05-07_003_tap_tests_servo_linear,,,,,,,,,,,,,9,20000,2026-05-07_14-03-00_x315_y315_z60_x_xyz_spindle_alu_tip_no_lock_fs_20000_reciprocating_tap9
tap-tests,Machine FRF and stability/Tap tests/2026-05-07_003_tap_tests_servo_linear/spindle_linear/results/tables/fft/x/average.csv,derived,862052,7d86ca057a65dfd165847de2bf209c4d96572b5cdb7fd1be5ed06852079dc059,2026-05-20T11:12:30Z,,2026-05-07_003_tap_tests_servo_linear,,,,,,,,,,,,,,,average
tap-tests,Machine FRF and stability/Tap tests/2026-05-07_003_tap_tests_servo_linear/spindle_linear/results/tables/frequency/x/2026-05-07_14-03-00_x315_y315_z60_x_xyz_spindle_alu_tip_no_lock_fs_20000_reciprocating_tap10.csv,derived,347588,84ed25078c6c5dcab12402c1882c944ca6f74031329f283d4d8d584e96534f25,2026-05-20T11:11:44Z,,2026-05-07_003_tap_tests_servo_linear,,,,,,,,,,,,,10,20000,2026-05-07_14-03-00_x315_y315_z60_x_xyz_spindle_alu_tip_no_lock_fs_20000_reciprocating_tap10
tap-tests,Machine FRF and stability/Tap tests/2026-05-07_003_tap_tests_servo_linear/spindle_linear/results/tables/frequency/x/2026-05-07_14-03-00_x315_y315_z60_x_xyz_spindle_alu_tip_no_lock_fs_20000_reciprocating_tap11.csv,derived,346869,e081d2e61fa4b001325ff3b22946a2fd189efda850580d0f525745b357c0f2cc,2026-05-20T11:11:48Z,,2026-05-07_003_tap_tests_servo_linear,,,,,,,,,,,,,11,20000,2026-05-07_14-03-00_x315_y315_z60_x_xyz_spindle_alu_tip_no_lock_fs_20000_reciprocating_tap11
tap-tests,Machine FRF and stability/Tap tests/2026-05-07_003_tap_tests_servo_linear/spindle_linear/results/tables/frequency/x/2026-05-07_14-03-00_x315_y315_z60_x_xyz_spindle_alu_tip_no_lock_fs_20000_reciprocating_tap12.csv,derived,346364,ca9854100ca0dc83c68de50f2933a8ce136af371cd2fb171e8d900b4494cfa91,2026-05-20T11:11:52Z,,2026-05-07_003_tap_tests_servo_linear,,,,,,,,,,,,,12,20000,2026-05-07_14-03-00_x315_y315_z60_x_xyz_spindle_alu_tip_no_lock_fs_20000_reciprocating_tap12
tap-tests,Machine FRF and stability/Tap tests/2026-05-07_003_tap_tests_servo_linear/spindle_linear/results/tables/frequency/x/2026-05-07_14-03-00_x315_y315_z60_x_xyz_spindle_alu_tip_no_lock_fs_20000_reciprocating_tap13.csv,derived,346922,ab4f43f7a16076c5855f22cb0f66082bb4cf45e4f62d516f853293cc2d4dcd34,2026-05-20T11:11:59Z,,2026-05-07_003_tap_tests_servo_linear,,,,,,,,,,,,,13,20000,2026-05-07_14-03-00_x315_y315_z60_x_xyz_spindle_alu_tip_no_lock_fs_20000_reciprocating_tap13
tap-tests,Machine FRF and stability/Tap tests/2026-05-07_003_tap_tests_servo_linear/spindle_linear/results/tables/frequency/x/2026-05-07_14-03-00_x315_y315_z60_x_xyz_spindle_alu_tip_no_lock_fs_20000_reciprocating_tap16.csv,derived,346098,5810f740e708a5d8a5a9c1c21887fde64913dfe870481173a3108e0e60df7007,2026-05-20T11:12:09Z,,2026-05-07_003_tap_tests_servo_linear,,,,,,,,,,,,,16,20000,2026-05-07_14-03-00_x315_y315_z60_x_xyz_spindle_alu_tip_no_lock_fs_20000_reciprocating_tap16
tap-tests,Machine FRF and stability/Tap tests/2026-05-07_003_tap_tests_servo_linear/spindle_linear/results/tables/frequency/x/2026-05-07_14-03-00_x315_y315_z60_x_xyz_spindle_alu_tip_no_lock_fs_20000_reciprocating_tap17.csv,derived,346429,637075d3fdbcc66e7c7e8f417734204d25fd18491b887113f97723371e296f8e,2026-05-20T11:12:19Z,,2026-05-07_003_tap_tests_servo_linear,,,,,,,,,,,,,17,20000,2026-05-07_14-03-00_x315_y315_z60_x_xyz_spindle_alu_tip_no_lock_fs_20000_reciprocating_tap17
tap-tests,Machine FRF and stability/Tap tests/2026-05-07_003_tap_tests_servo_linear/spindle_linear/results/tables/frequency/x/2026-05-07_14-03-00_x315_y315_z60_x_xyz_spindle_alu_tip_no_lock_fs_20000_reciprocating_tap2.csv,derived,346025,9b16392c17c7c9b38a86b625823c71ac1638dba338771266c41e8e987b51dc27,2026-05-20T11:11:27Z,,2026-05-07_003_tap_tests_servo_linear,,,,,,,,,,,,,2,20000,2026-05-07_14-03-00_x315_y315_z60_x_xyz_spindle_alu_tip_no_lock_fs_20000_reciprocating_tap2
tap-tests,Machine FRF and stability/Tap tests/2026-05-07_003_tap_tests_servo_linear/spindle_linear/results/tables/frequency/x/2026-05-07_14-03-00_x315_y315_z60_x_xyz_spindle_alu_tip_no_lock_fs_20000_reciprocating_tap3.csv,derived,345725,966b343b68a81fbb754c5768075de0824ede0a4b35c86caa6c0fc7cc61d34dbd,2026-05-20T11:11:31Z,,2026-05-07_003_tap_tests_servo_linear,,,,,,,,,,,,,3,20000,2026-05-07_14-03-00_x315_y315_z60_x_xyz_spindle_alu_tip_no_lock_fs_20000_reciprocating_tap3
tap-tests,Machine FRF and stability/Tap tests/2026-05-07_003_tap_tests_servo_linear/spindle_linear/results/tables/frequency/x/2026-05-07_14-03-00_x315_y315_z60_x_xyz_spindle_alu_tip_no_lock_fs_20000_reciprocating_tap8.csv,derived,345963,142625deaea4b4cfa6acfa314a75859563fddddf857a52711c29ccf71cb5435e,2026-05-20T11:11:36Z,,2026-05-07_003_tap_tests_servo_linear,,,,,,,,,,,,,8,20000,2026-05-07_14-03-00_x315_y315_z60_x_xyz_spindle_alu_tip_no_lock_fs_20000_reciprocating_tap8
tap-tests,Machine FRF and stability/Tap tests/2026-05-07_003_tap_tests_servo_linear/spindle_linear/results/tables/frequency/x/2026-05-07_14-03-00_x315_y315_z60_x_xyz_spindle_alu_tip_no_lock_fs_20000_reciprocating_tap9.csv,derived,346940,149a6b0d4cc4320f2424c0b5a696b533e630bdccaca28d8dc1c6ba7004e71b63,2026-05-20T11:11:40Z,,2026-05-07_003_tap_tests_servo_linear,,,,,,,,,,,,,9,20000,2026-05-07_14-03-00_x315_y315_z60_x_xyz_spindle_alu_tip_no_lock_fs_20000_reciprocating_tap9
tap-tests,Machine FRF and stability/Tap tests/2026-05-07_003_tap_tests_servo_linear/spindle_linear/results/tables/frequency/x/average.csv,derived,347642,2e4008ea50a5e26a5803aab52aae5d5957ff45040a4f42004609c5a653165d44,2026-05-20T11:12:29Z,,2026-05-07_003_tap_tests_servo_linear,,,,,,,,,,,,,,,average
tap-tests,Machine FRF and stability/Tap tests/2026-05-07_003_tap_tests_servo_linear/spindle_linear/results/tables/raw/x/2026-05-07_14-03-00_x315_y315_z60_x_xyz_spindle_alu_tip_no_lock_fs_20000_reciprocating_tap10.csv,derived,348324,ebb521089e1a38e4d4db55ae1257cfc0deb6c0fce9b1e30e118d7b940bfe8ce0,2026-05-20T11:11:44Z,,2026-05-07_003_tap_tests_servo_linear,,,,,,,,,,,,,10,20000,2026-05-07_14-03-00_x315_y315_z60_x_xyz_spindle_alu_tip_no_lock_fs_20000_reciprocating_tap10
tap-tests,Machine FRF and stability/Tap tests/2026-05-07_003_tap_tests_servo_linear/spindle_linear/results/tables/raw/x/2026-05-07_14-03-00_x315_y315_z60_x_xyz_spindle_alu_tip_no_lock_fs_20000_reciprocating_tap11.csv,derived,347609,1799dfe1c44ebb38034ffa61daca8468f7affd14e4efb8fdfcb5f8466a90d148,2026-05-20T11:11:48Z,,2026-05-07_003_tap_tests_servo_linear,,,,,,,,,,,,,11,20000,2026-05-07_14-03-00_x315_y315_z60_x_xyz_spindle_alu_tip_no_lock_fs_20000_reciprocating_tap11
tap-tests,Machine FRF and stability/Tap tests/2026-05-07_003_tap_tests_servo_linear/spindle_linear/results/tables/raw/x/2026-05-07_14-03-00_x315_y315_z60_x_xyz_spindle_alu_tip_no_lock_fs_20000_reciprocating_tap12.csv,derived,347759,d2c49f605717af617ddc252a878201305c5820d44e3810a2a57e7e7d2c5dd0e8,2026-05-20T11:11:52Z,,2026-05-07_003_tap_tests_servo_linear,,,,,,,,,,,,,12,20000,2026-05-07_14-03-00_x315_y315_z60_x_xyz_spindle_alu_tip_no_lock_fs_20000_reciprocating_tap12
tap-tests,Machine FRF and stability/Tap tests/2026-05-07_003_tap_tests_servo_linear/spindle_linear/results/tables/raw/x/2026-05-07_14-03-00_x315_y315_z60_x_xyz_spindle_alu_tip_no_lock_fs_20000_reciprocating_tap13.csv,derived,347638,07ce984451593827d970f576b34520fe5f638bc7ff220cd03dd6efa0e09fdd49,2026-05-20T11:12:00Z,,2026-05-07_003_tap_tests_servo_linear,,,,,,,,,,,,,13,20000,2026-05-07_14-03-00_x315_y315_z60_x_xyz_spindle_alu_tip_no_lock_fs_20000_reciprocating_tap13
tap-tests,Machine FRF and stability/Tap tests/2026-05-07_003_tap_tests_servo_linear/spindle_linear/results/tables/raw/x/2026-05-07_14-03-00_x315_y315_z60_x_xyz_spindle_alu_tip_no_lock_fs_20000_reciprocating_tap16.csv,derived,347666,52c20eb787fd0708bd901c933d24c1176805d99530cf9f00c7739eb825cc9fa7,2026-05-20T11:12:10Z,,2026-05-07_003_tap_tests_servo_linear,,,,,,,,,,,,,16,20000,2026-05-07_14-03-00_x315_y315_z60_x_xyz_spindle_alu_tip_no_lock_fs_20000_reciprocating_tap16
tap-tests,Machine FRF and stability/Tap tests/2026-05-07_003_tap_tests_servo_linear/spindle_linear/results/tables/raw/x/2026-05-07_14-03-00_x315_y315_z60_x_xyz_spindle_alu_tip_no_lock_fs_20000_reciprocating_tap17.csv,derived,348508,8aa2c7afa282f64d1d4e575b73040778fb0960b748265e49dff21f01cc24e410,2026-05-20T11:12:20Z,,2026-05-07_003_tap_tests_servo_linear,,,,,,,,,,,,,17,20000,2026-05-07_14-03-00_x315_y315_z60_x_xyz_spindle_alu_tip_no_lock_fs_20000_reciprocating_tap17
tap-tests,Machine FRF and stability/Tap tests/2026-05-07_003_tap_tests_servo_linear/spindle_linear/results/tables/raw/x/2026-05-07_14-03-00_x315_y315_z60_x_xyz_spindle_alu_tip_no_lock_fs_20000_reciprocating_tap2.csv,derived,348570,057e45efa7e4d9647b0dac74c390e62d8ead2468fbce27cc378e4ba6bde65d41,2026-05-20T11:11:28Z,,2026-05-07_003_tap_tests_servo_linear,,,,,,,,,,,,,2,20000,2026-05-07_14-03-00_x315_y315_z60_x_xyz_spindle_alu_tip_no_lock_fs_20000_reciprocating_tap2
tap-tests,Machine FRF and stability/Tap tests/2026-05-07_003_tap_tests_servo_linear/spindle_linear/results/tables/raw/x/2026-05-07_14-03-00_x315_y315_z60_x_xyz_spindle_alu_tip_no_lock_fs_20000_reciprocating_tap3.csv,derived,347915,07681c441b31e21f811cbe54609cd103ecc51299065702621f46d3f27f4c313e,2026-05-20T11:11:32Z,,2026-05-07_003_tap_tests_servo_linear,,,,,,,,,,,,,3,20000,2026-05-07_14-03-00_x315_y315_z60_x_xyz_spindle_alu_tip_no_lock_fs_20000_reciprocating_tap3
tap-tests,Machine FRF and stability/Tap tests/2026-05-07_003_tap_tests_servo_linear/spindle_linear/results/tables/raw/x/2026-05-07_14-03-00_x315_y315_z60_x_xyz_spindle_alu_tip_no_lock_fs_20000_reciprocating_tap8.csv,derived,348516,6faab98909a71f1b6e2cf645a7964abb001eff47c7d9f512e02acc4e418d9659,2026-05-20T11:11:36Z,,2026-05-07_003_tap_tests_servo_linear,,,,,,,,,,,,,8,20000,2026-05-07_14-03-00_x315_y315_z60_x_xyz_spindle_alu_tip_no_lock_fs_20000_reciprocating_tap8
tap-tests,Machine FRF and stability/Tap tests/2026-05-07_003_tap_tests_servo_linear/spindle_linear/results/tables/raw/x/2026-05-07_14-03-00_x315_y315_z60_x_xyz_spindle_alu_tip_no_lock_fs_20000_reciprocating_tap9.csv,derived,347783,095faabaee3deffa340c0f5b24da0cee28c98368e2b4e2db2b91451204d14c31,2026-05-20T11:11:40Z,,2026-05-07_003_tap_tests_servo_linear,,,,,,,,,,,,,9,20000,2026-05-07_14-03-00_x315_y315_z60_x_xyz_spindle_alu_tip_no_lock_fs_20000_reciprocating_tap9
tap-tests,Machine FRF and stability/Tap tests/2026-05-07_003_tap_tests_servo_linear/spindle_linear/results/tables/time/x/2026-05-07_14-03-00_x315_y315_z60_x_xyz_spindle_alu_tip_no_lock_fs_20000_reciprocating_tap10.csv,derived,738906,2bcad50c8d1ca41b8ee7edb630716ac41a685d3f07e2a834f3ec62ec66ba88de,2026-05-20T11:11:44Z,,2026-05-07_003_tap_tests_servo_linear,,,,,,,,,,,,,10,20000,2026-05-07_14-03-00_x315_y315_z60_x_xyz_spindle_alu_tip_no_lock_fs_20000_reciprocating_tap10
tap-tests,Machine FRF and stability/Tap tests/2026-05-07_003_tap_tests_servo_linear/spindle_linear/results/tables/time/x/2026-05-07_14-03-00_x315_y315_z60_x_xyz_spindle_alu_tip_no_lock_fs_20000_reciprocating_tap11.csv,derived,733844,408d12f3cc1e83fb10ad3255f83eaccc4b87ff52a4d781447829f218003109cc,2026-05-20T11:11:48Z,,2026-05-07_003_tap_tests_servo_linear,,,,,,,,,,,,,11,20000,2026-05-07_14-03-00_x315_y315_z60_x_xyz_spindle_alu_tip_no_lock_fs_20000_reciprocating_tap11
tap-tests,Machine FRF and stability/Tap tests/2026-05-07_003_tap_tests_servo_linear/spindle_linear/results/tables/time/x/2026-05-07_14-03-00_x315_y315_z60_x_xyz_spindle_alu_tip_no_lock_fs_20000_reciprocating_tap12.csv,derived,735181,90e038917f680f8158d20ff380a947723a9991e3c1124add219dc2cc0995a568,2026-05-20T11:11:52Z,,2026-05-07_003_tap_tests_servo_linear,,,,,,,,,,,,,12,20000,2026-05-07_14-03-00_x315_y315_z60_x_xyz_spindle_alu_tip_no_lock_fs_20000_reciprocating_tap12
tap-tests,Machine FRF and stability/Tap tests/2026-05-07_003_tap_tests_servo_linear/spindle_linear/results/tables/time/x/2026-05-07_14-03-00_x315_y315_z60_x_xyz_spindle_alu_tip_no_lock_fs_20000_reciprocating_tap13.csv,derived,731962,cf202ec6d3545bac729b6c39e2fc210627c88d580a4c22028e1faafc066d1090,2026-05-20T11:11:59Z,,2026-05-07_003_tap_tests_servo_linear,,,,,,,,,,,,,13,20000,2026-05-07_14-03-00_x315_y315_z60_x_xyz_spindle_alu_tip_no_lock_fs_20000_reciprocating_tap13
tap-tests,Machine FRF and stability/Tap tests/2026-05-07_003_tap_tests_servo_linear/spindle_linear/results/tables/time/x/2026-05-07_14-03-00_x315_y315_z60_x_xyz_spindle_alu_tip_no_lock_fs_20000_reciprocating_tap16.csv,derived,731748,8b6b1a3ba1172dd9f78c01103f2bad20b1effa2b1ff8bed7b290dcf8d2a6ec17,2026-05-20T11:12:09Z,,2026-05-07_003_tap_tests_servo_linear,,,,,,,,,,,,,16,20000,2026-05-07_14-03-00_x315_y315_z60_x_xyz_spindle_alu_tip_no_lock_fs_20000_reciprocating_tap16
tap-tests,Machine FRF and stability/Tap tests/2026-05-07_003_tap_tests_servo_linear/spindle_linear/results/tables/time/x/2026-05-07_14-03-00_x315_y315_z60_x_xyz_spindle_alu_tip_no_lock_fs_20000_reciprocating_tap17.csv,derived,737616,00bc174bb01b40017dadc59d386fcfbb1b7b52c2fbe77c23b8d73223701fdce2,2026-05-20T11:12:19Z,,2026-05-07_003_tap_tests_servo_linear,,,,,,,,,,,,,17,20000,2026-05-07_14-03-00_x315_y315_z60_x_xyz_spindle_alu_tip_no_lock_fs_20000_reciprocating_tap17
tap-tests,Machine FRF and stability/Tap tests/2026-05-07_003_tap_tests_servo_linear/spindle_linear/results/tables/time/x/2026-05-07_14-03-00_x315_y315_z60_x_xyz_spindle_alu_tip_no_lock_fs_20000_reciprocating_tap2.csv,derived,738197,bd9dbfab4810f219f315735d6c4e6eaa650727e4838f3e8178845cbea7800fa9,2026-05-20T11:11:27Z,,2026-05-07_003_tap_tests_servo_linear,,,,,,,,,,,,,2,20000,2026-05-07_14-03-00_x315_y315_z60_x_xyz_spindle_alu_tip_no_lock_fs_20000_reciprocating_tap2
tap-tests,Machine FRF and stability/Tap tests/2026-05-07_003_tap_tests_servo_linear/spindle_linear/results/tables/time/x/2026-05-07_14-03-00_x315_y315_z60_x_xyz_spindle_alu_tip_no_lock_fs_20000_reciprocating_tap3.csv,derived,735255,c75af8b6cceeb8d7868eed9b47675efe9c06c7047578144ae6240e7bf95858b8,2026-05-20T11:11:31Z,,2026-05-07_003_tap_tests_servo_linear,,,,,,,,,,,,,3,20000,2026-05-07_14-03-00_x315_y315_z60_x_xyz_spindle_alu_tip_no_lock_fs_20000_reciprocating_tap3
tap-tests,Machine FRF and stability/Tap tests/2026-05-07_003_tap_tests_servo_linear/spindle_linear/results/tables/time/x/2026-05-07_14-03-00_x315_y315_z60_x_xyz_spindle_alu_tip_no_lock_fs_20000_reciprocating_tap8.csv,derived,738485,152a06bb960b672887eacd3a5727577d1928e9b6b653f63c0290d96a8c896739,2026-05-20T11:11:36Z,,2026-05-07_003_tap_tests_servo_linear,,,,,,,,,,,,,8,20000,2026-05-07_14-03-00_x315_y315_z60_x_xyz_spindle_alu_tip_no_lock_fs_20000_reciprocating_tap8
tap-tests,Machine FRF and stability/Tap tests/2026-05-07_003_tap_tests_servo_linear/spindle_linear/results/tables/time/x/2026-05-07_14-03-00_x315_y315_z60_x_xyz_spindle_alu_tip_no_lock_fs_20000_reciprocating_tap9.csv,derived,734848,ee78bddbbb3dc3eae28896c55a704c728d3363d51cb64af460e1a4c70b68ddde,2026-05-20T11:11:40Z,,2026-05-07_003_tap_tests_servo_linear,,,,,,,,,,,,,9,20000,2026-05-07_14-03-00_x315_y315_z60_x_xyz_spindle_alu_tip_no_lock_fs_20000_reciprocating_tap9
tap-tests,Machine FRF and stability/Tap tests/2026-05-07_003_tap_tests_servo_linear/spindle_linear/results/tables/time/x/average.csv,derived,761840,965e5afa41fcab84f7429346d5dcc875637944b690fb80c31eb6073cfd72101f,2026-05-20T11:12:29Z,,2026-05-07_003_tap_tests_servo_linear,,,,,,,,,,,,,,,average
tap-tests,Machine FRF and stability/Tap tests/2026-05-07_003_tap_tests_servo_linear/test.WDH,raw,902292,688d256fcbd163817a068c2be661ef33c6195d98f78bb7bbcebce6a8f234d5cb,2026-05-08T09:27:59Z,,2026-05-07_003_tap_tests_servo_linear,,,,,,,,,,,,,,,test
tap-tests,Machine FRF and stability/Tap tests/2026-05-07_003_tap_tests_servo_linear/tool_linear/analysis.json,derived,23608,799b01fe6760fcf59e90af1ffd750639376e867c595368272afef628b51e2b4a,2026-05-20T11:29:37Z,,2026-05-07_003_tap_tests_servo_linear,,,,,,,,,,,,,,,analysis
tap-tests,Machine FRF and stability/Tap tests/2026-05-07_003_tap_tests_servo_linear/tool_linear/results/figures/fft/x/2026-05-07_14-15-00_x315_y315_z60_x_xyz_tool_plastic_tip_no_lock_fs_20000_reciprocating_tap12/fft_magnitude.png,derived,236551,4437727723e4a3fc2786b36c9e224c8416b192679b5522471ea9d7889aeb3448,2026-05-20T11:28:50Z,,2026-05-07_003_tap_tests_servo_linear,,,,,,,,,,,,,,,fft_magnitude
tap-tests,Machine FRF and stability/Tap tests/2026-05-07_003_tap_tests_servo_linear/tool_linear/results/figures/fft/x/2026-05-07_14-15-00_x315_y315_z60_x_xyz_tool_plastic_tip_no_lock_fs_20000_reciprocating_tap13/fft_magnitude.png,derived,235010,1ba74670bd8c5b058d1758ea48000528b0004df7656631d81aa4ed9121350058,2026-05-20T11:28:54Z,,2026-05-07_003_tap_tests_servo_linear,,,,,,,,,,,,,,,fft_magnitude
tap-tests,Machine FRF and stability/Tap tests/2026-05-07_003_tap_tests_servo_linear/tool_linear/results/figures/fft/x/2026-05-07_14-15-00_x315_y315_z60_x_xyz_tool_plastic_tip_no_lock_fs_20000_reciprocating_tap16/fft_magnitude.png,derived,241682,33599066a3f12982b17b238ebc431871fd531e0d374c5c1514625b5e526ea9b7,2026-05-20T11:28:58Z,,2026-05-07_003_tap_tests_servo_linear,,,,,,,,,,,,,,,fft_magnitude
tap-tests,Machine FRF and stability/Tap tests/2026-05-07_003_tap_tests_servo_linear/tool_linear/results/figures/fft/x/2026-05-07_14-15-00_x315_y315_z60_x_xyz_tool_plastic_tip_no_lock_fs_20000_reciprocating_tap19/fft_magnitude.png,derived,242131,ce089693ef6cd4a0588f010f296244a0305a235486dc7f64e6c4924fd3f36fbd,2026-05-20T11:29:02Z,,2026-05-07_003_tap_tests_servo_linear,,,,,,,,,,,,,,,fft_magnitude
tap-tests,Machine FRF and stability/Tap tests/2026-05-07_003_tap_tests_servo_linear/tool_linear/results/figures/fft/x/2026-05-07_14-15-00_x315_y315_z60_x_xyz_tool_plastic_tip_no_lock_fs_20000_reciprocating_tap20/fft_magnitude.png,derived,237024,9d538e595648a2a718e5ca0989c1a42d8b7bad19abcd73e64bdb722e06c19c7f,2026-05-20T11:29:06Z,,2026-05-07_003_tap_tests_servo_linear,,,,,,,,,,,,,,,fft_magnitude
tap-tests,Machine FRF and stability/Tap tests/2026-05-07_003_tap_tests_servo_linear/tool_linear/results/figures/fft/x/2026-05-07_14-15-00_x315_y315_z60_x_xyz_tool_plastic_tip_no_lock_fs_20000_reciprocating_tap21/fft_magnitude.png,derived,239057,48adc435f52ff7991480f1f02ad922be2e4cfc5836ab9ed8d42ff8e5c1660909,2026-05-20T11:29:10Z,,2026-05-07_003_tap_tests_servo_linear,,,,,,,,,,,,,,,fft_magnitude
tap-tests,Machine FRF and stability/Tap tests/2026-05-07_003_tap_tests_servo_linear/tool_linear/results/figures/fft/x/2026-05-07_14-15-00_x315_y315_z60_x_xyz_tool_plastic_tip_no_lock_fs_20000_reciprocating_tap23/fft_magnitude.png,derived,243185,41984a2f857b9b60ffaffd2537078a3b84e3cfd120158b1283fadf6c3b59af98,2026-05-20T11:29:15Z,,2026-05-07_003_tap_tests_servo_linear,,,,,,,,,,,,,,,fft_magnitude
tap-tests,Machine FRF and stability/Tap tests/2026-05-07_003_tap_tests_servo_linear/tool_linear/results/figures/fft/x/2026-05-07_14-15-00_x315_y315_z60_x_xyz_tool_plastic_tip_no_lock_fs_20000_reciprocating_tap24/fft_magnitude.png,derived,244014,9398c0db89155359e97343354901a85294d341daedf0c574206ac812dc2179ad,2026-05-20T11:29:19Z,,2026-05-07_003_tap_tests_servo_linear,,,,,,,,,,,,,,,fft_magnitude
tap-tests,Machine FRF and stability/Tap tests/2026-05-07_003_tap_tests_servo_linear/tool_linear/results/figures/fft/x/2026-05-07_14-15-00_x315_y315_z60_x_xyz_tool_plastic_tip_no_lock_fs_20000_reciprocating_tap25/fft_magnitude.png,derived,244575,8b98662d5c47f0d3eb59ad12b3981d0175d432c2d263927be0c4e61f9ebab0b4,2026-05-20T11:29:23Z,,2026-05-07_003_tap_tests_servo_linear,,,,,,,,,,,,,,,fft_magnitude
tap-tests,Machine FRF and stability/Tap tests/2026-05-07_003_tap_tests_servo_linear/tool_linear/results/figures/fft/x/2026-05-07_14-15-00_x315_y315_z60_x_xyz_tool_plastic_tip_no_lock_fs_20000_reciprocating_tap26/fft_magnitude.png,derived,244833,af8224e1e5adba0a4a1ae6d23abb20ff5119c4fe6f85c9744de69693148c04ce,2026-05-20T11:29:27Z,,2026-05-07_003_tap_tests_servo_linear,,,,,,,,,,,,,,,fft_magnitude
tap-tests,Machine FRF and stability/Tap tests/2026-05-07_003_tap_tests_servo_linear/tool_linear/results/figures/fft/x/average/fft_magnitude.png,derived,233860,cded0d4991c8c34d158190dd6099369577558c17a1e29e129df5fe48afad6294,2026-05-20T11:29:31Z,,2026-05-07_003_tap_tests_servo_linear,,,,,,,,,,,,,,,fft_magnitude
tap-tests,Machine FRF and stability/Tap tests/2026-05-07_003_tap_tests_servo_linear/tool_linear/results/figures/frequency/x/2026-05-07_14-15-00_x315_y315_z60_x_xyz_tool_plastic_tip_no_lock_fs_20000_reciprocating_tap12/bode_acceleration_force.png,derived,118998,46de70bfc29cae4fe1f024cb17c40c6ede15d5ab318fa1a276c41dc5ef28104f,2026-05-20T11:28:48Z,,2026-05-07_003_tap_tests_servo_linear,,,,,,,,,,,,,,,bode_acceleration_force
tap-tests,Machine FRF and stability/Tap tests/2026-05-07_003_tap_tests_servo_linear/tool_linear/results/figures/frequency/x/2026-05-07_14-15-00_x315_y315_z60_x_xyz_tool_plastic_tip_no_lock_fs_20000_reciprocating_tap12/bode_displacement_force.png,derived,118433,10f273fb403f15a4837d35249dc2612a560a17190d3e1a87fe214d6f1706a27c,2026-05-20T11:28:48Z,,2026-05-07_003_tap_tests_servo_linear,,,,,,,,,,,,,,,bode_displacement_force
tap-tests,Machine FRF and stability/Tap tests/2026-05-07_003_tap_tests_servo_linear/tool_linear/results/figures/frequency/x/2026-05-07_14-15-00_x315_y315_z60_x_xyz_tool_plastic_tip_no_lock_fs_20000_reciprocating_tap12/coherence.png,derived,77833,454ad76e919b2c6be5028c35dfa511a213f531eed0ef97eb565d17261fa3a2a2,2026-05-20T11:28:47Z,,2026-05-07_003_tap_tests_servo_linear,,,,,,,,,,,,,,,coherence
tap-tests,Machine FRF and stability/Tap tests/2026-05-07_003_tap_tests_servo_linear/tool_linear/results/figures/frequency/x/2026-05-07_14-15-00_x315_y315_z60_x_xyz_tool_plastic_tip_no_lock_fs_20000_reciprocating_tap12/force_psd.png,derived,77535,0cb74af945583dd6ba4b5e49a28efb7b8cd6f19c37c05f21b4dc1baf515d70a1,2026-05-20T11:28:48Z,,2026-05-07_003_tap_tests_servo_linear,,,,,,,,,,,,,,,force_psd
tap-tests,Machine FRF and stability/Tap tests/2026-05-07_003_tap_tests_servo_linear/tool_linear/results/figures/frequency/x/2026-05-07_14-15-00_x315_y315_z60_x_xyz_tool_plastic_tip_no_lock_fs_20000_reciprocating_tap13/bode_acceleration_force.png,derived,122854,4197a64e79fa39da660cc6064a59603ebb9e45c43984888b938e97e1acd4fa67,2026-05-20T11:28:52Z,,2026-05-07_003_tap_tests_servo_linear,,,,,,,,,,,,,,,bode_acceleration_force
tap-tests,Machine FRF and stability/Tap tests/2026-05-07_003_tap_tests_servo_linear/tool_linear/results/figures/frequency/x/2026-05-07_14-15-00_x315_y315_z60_x_xyz_tool_plastic_tip_no_lock_fs_20000_reciprocating_tap13/bode_displacement_force.png,derived,122189,82aa3d9afb7da3f1a5c9af699152a08a2369e2e30fd1236a5cf3a29f4461fb9c,2026-05-20T11:28:52Z,,2026-05-07_003_tap_tests_servo_linear,,,,,,,,,,,,,,,bode_displacement_force
tap-tests,Machine FRF and stability/Tap tests/2026-05-07_003_tap_tests_servo_linear/tool_linear/results/figures/frequency/x/2026-05-07_14-15-00_x315_y315_z60_x_xyz_tool_plastic_tip_no_lock_fs_20000_reciprocating_tap13/coherence.png,derived,79015,e1873bfb8c3ba43a40fd87214d6be1a17b89a495bf04183e606a6180f3e2d6e5,2026-05-20T11:28:51Z,,2026-05-07_003_tap_tests_servo_linear,,,,,,,,,,,,,,,coherence
tap-tests,Machine FRF and stability/Tap tests/2026-05-07_003_tap_tests_servo_linear/tool_linear/results/figures/frequency/x/2026-05-07_14-15-00_x315_y315_z60_x_xyz_tool_plastic_tip_no_lock_fs_20000_reciprocating_tap13/force_psd.png,derived,75534,bda02eeed6051360890c3aba38fadaf0711832eebb3ea70ae3782ff21a7dca85,2026-05-20T11:28:53Z,,2026-05-07_003_tap_tests_servo_linear,,,,,,,,,,,,,,,force_psd
tap-tests,Machine FRF and stability/Tap tests/2026-05-07_003_tap_tests_servo_linear/tool_linear/results/figures/frequency/x/2026-05-07_14-15-00_x315_y315_z60_x_xyz_tool_plastic_tip_no_lock_fs_20000_reciprocating_tap16/bode_acceleration_force.png,derived,128997,4958b535f4b0d7856a102e825cc4ae5e8d35a08d73119d4c58cd3664092e1f92,2026-05-20T11:28:56Z,,2026-05-07_003_tap_tests_servo_linear,,,,,,,,,,,,,,,bode_acceleration_force
tap-tests,Machine FRF and stability/Tap tests/2026-05-07_003_tap_tests_servo_linear/tool_linear/results/figures/frequency/x/2026-05-07_14-15-00_x315_y315_z60_x_xyz_tool_plastic_tip_no_lock_fs_20000_reciprocating_tap16/bode_displacement_force.png,derived,125943,83491d0b8e34e28d8665248793f45871f3c574818a5bcddbfa8263b14ed6c7d9,2026-05-20T11:28:56Z,,2026-05-07_003_tap_tests_servo_linear,,,,,,,,,,,,,,,bode_displacement_force
tap-tests,Machine FRF and stability/Tap tests/2026-05-07_003_tap_tests_servo_linear/tool_linear/results/figures/frequency/x/2026-05-07_14-15-00_x315_y315_z60_x_xyz_tool_plastic_tip_no_lock_fs_20000_reciprocating_tap16/coherence.png,derived,76888,ca02d6c8319311376a2bede0785edde78db31b478b4646b63070c11f49268490,2026-05-20T11:28:55Z,,2026-05-07_003_tap_tests_servo_linear,,,,,,,,,,,,,,,coherence
tap-tests,Machine FRF and stability/Tap tests/2026-05-07_003_tap_tests_servo_linear/tool_linear/results/figures/frequency/x/2026-05-07_14-15-00_x315_y315_z60_x_xyz_tool_plastic_tip_no_lock_fs_20000_reciprocating_tap16/force_psd.png,derived,73321,5650e8c1d6a5fb0466805822fd0575d98815ca6f75404340a0a27a7e975544ea,2026-05-20T11:28:57Z,,2026-05-07_003_tap_tests_servo_linear,,,,,,,,,,,,,,,force_psd
tap-tests,Machine FRF and stability/Tap tests/2026-05-07_003_tap_tests_servo_linear/tool_linear/results/figures/frequency/x/2026-05-07_14-15-00_x315_y315_z60_x_xyz_tool_plastic_tip_no_lock_fs_20000_reciprocating_tap19/bode_acceleration_force.png,derived,126889,4393e1cbe4a7afc9eebc0c12a6460e025b45a531d0c4a527c9941aa14f206ffe,2026-05-20T11:29:01Z,,2026-05-07_003_tap_tests_servo_linear,,,,,,,,,,,,,,,bode_acceleration_force
tap-tests,Machine FRF and stability/Tap tests/2026-05-07_003_tap_tests_servo_linear/tool_linear/results/figures/frequency/x/2026-05-07_14-15-00_x315_y315_z60_x_xyz_tool_plastic_tip_no_lock_fs_20000_reciprocating_tap19/bode_displacement_force.png,derived,123315,c425004fce55666ae5913aebea8f61aa75b42eeb15620c1c14b6d4d496818b80,2026-05-20T11:29:00Z,,2026-05-07_003_tap_tests_servo_linear,,,,,,,,,,,,,,,bode_displacement_force
tap-tests,Machine FRF and stability/Tap tests/2026-05-07_003_tap_tests_servo_linear/tool_linear/results/figures/frequency/x/2026-05-07_14-15-00_x315_y315_z60_x_xyz_tool_plastic_tip_no_lock_fs_20000_reciprocating_tap19/coherence.png,derived,79946,ab97d9cd2d0190fb2acb8bf385ad2228574b1d6646e8ce86911a9c3772f427b8,2026-05-20T11:29:00Z,,2026-05-07_003_tap_tests_servo_linear,,,,,,,,,,,,,,,coherence
tap-tests,Machine FRF and stability/Tap tests/2026-05-07_003_tap_tests_servo_linear/tool_linear/results/figures/frequency/x/2026-05-07_14-15-00_x315_y315_z60_x_xyz_tool_plastic_tip_no_lock_fs_20000_reciprocating_tap19/force_psd.png,derived,70745,3175f51a1142fac909a97c81715cce0b2e30a075baed646e98a6e1dea8bbbaf5,2026-05-20T11:29:01Z,,2026-05-07_003_tap_tests_servo_linear,,,,,,,,,,,,,,,force_psd
tap-tests,Machine FRF and stability/Tap tests/2026-05-07_003_tap_tests_servo_linear/tool_linear/results/figures/frequency/x/2026-05-07_14-15-00_x315_y315_z60_x_xyz_tool_plastic_tip_no_lock_fs_20000_reciprocating_tap20/bode_acceleration_force.png,derived,122473,2e131521d7f2a2ae1a3d46c7123a7e3d36a5cd5755083752c9f99031941a8166,2026-05-20T11:29:05Z,,2026-05-07_003_tap_tests_servo_linear,,,,,,,,,,,,,,,bode_acceleration_force
tap-tests,Machine FRF and stability/Tap tests/2026-05-07_003_tap_tests_servo_linear/tool_linear/results/figures/frequency/x/2026-05-07_14-15-00_x315_y315_z60_x_xyz_tool_plastic_tip_no_lock_fs_20000_reciprocating_tap20/bode_displacement_force.png,derived,123659,b115bf92d09c8a2383c95c4be91966af36e6bc3154e0bc13025cae32a9ba29e7,2026-05-20T11:29:04Z,,2026-05-07_003_tap_tests_servo_linear,,,,,,,,,,,,,,,bode_displacement_force
tap-tests,Machine FRF and stability/Tap tests/2026-05-07_003_tap_tests_servo_linear/tool_linear/results/figures/frequency/x/2026-05-07_14-15-00_x315_y315_z60_x_xyz_tool_plastic_tip_no_lock_fs_20000_reciprocating_tap20/coherence.png,derived,79195,defd6b504460eb0e3438cbefc4552f1c8fb3fe02c4514a729666a3357813644b,2026-05-20T11:29:04Z,,2026-05-07_003_tap_tests_servo_linear,,,,,,,,,,,,,,,coherence
tap-tests,Machine FRF and stability/Tap tests/2026-05-07_003_tap_tests_servo_linear/tool_linear/results/figures/frequency/x/2026-05-07_14-15-00_x315_y315_z60_x_xyz_tool_plastic_tip_no_lock_fs_20000_reciprocating_tap20/force_psd.png,derived,72416,9972b9c31a6b50d840817c781ab911558a54e1cfbad357b4352f9e90e21125e1,2026-05-20T11:29:05Z,,2026-05-07_003_tap_tests_servo_linear,,,,,,,,,,,,,,,force_psd
tap-tests,Machine FRF and stability/Tap tests/2026-05-07_003_tap_tests_servo_linear/tool_linear/results/figures/frequency/x/2026-05-07_14-15-00_x315_y315_z60_x_xyz_tool_plastic_tip_no_lock_fs_20000_reciprocating_tap21/bode_acceleration_force.png,derived,129974,b65c186e36e4ab47201ead063fe4963224a7f08bd755502036ccdb894788c1ce,2026-05-20T11:29:09Z,,2026-05-07_003_tap_tests_servo_linear,,,,,,,,,,,,,,,bode_acceleration_force
tap-tests,Machine FRF and stability/Tap tests/2026-05-07_003_tap_tests_servo_linear/tool_linear/results/figures/frequency/x/2026-05-07_14-15-00_x315_y315_z60_x_xyz_tool_plastic_tip_no_lock_fs_20000_reciprocating_tap21/bode_displacement_force.png,derived,127065,866c6cdf021b674b04bb832ae0bcc17f3e35d34c4815d4f904391754ecd58f40,2026-05-20T11:29:09Z,,2026-05-07_003_tap_tests_servo_linear,,,,,,,,,,,,,,,bode_displacement_force
tap-tests,Machine FRF and stability/Tap tests/2026-05-07_003_tap_tests_servo_linear/tool_linear/results/figures/frequency/x/2026-05-07_14-15-00_x315_y315_z60_x_xyz_tool_plastic_tip_no_lock_fs_20000_reciprocating_tap21/coherence.png,derived,76419,bcb8dedfb662e8f7282f513c6b0f26d27d3a2fac3774e25bdeb800a053b5a1a4,2026-05-20T11:29:08Z,,2026-05-07_003_tap_tests_servo_linear,,,,,,,,,,,,,,,coherence
tap-tests,Machine FRF and stability/Tap tests/2026-05-07_003_tap_tests_servo_linear/tool_linear/results/figures/frequency/x/2026-05-07_14-15-00_x315_y315_z60_x_xyz_tool_plastic_tip_no_lock_fs_20000_reciprocating_tap21/force_psd.png,derived,71484,912c5291f3a39b2a78f2ca7399d694516bd1aa50768f7dd18a28e01c4b835837,2026-05-20T11:29:10Z,,2026-05-07_003_tap_tests_servo_linear,,,,,,,,,,,,,,,force_psd
tap-tests,Machine FRF and stability/Tap tests/2026-05-07_003_tap_tests_servo_linear/tool_linear/results/figures/frequency/x/2026-05-07_14-15-00_x315_y315_z60_x_xyz_tool_plastic_tip_no_lock_fs_20000_reciprocating_tap23/bode_acceleration_force.png,derived,124349,0b3d648419b4ba87243225d4ed6f2ccc0ed06f2d17d8b81ab9d70f807328971e,2026-05-20T11:29:13Z,,2026-05-07_003_tap_tests_servo_linear,,,,,,,,,,,,,,,bode_acceleration_force
tap-tests,Machine FRF and stability/Tap tests/2026-05-07_003_tap_tests_servo_linear/tool_linear/results/figures/frequency/x/2026-05-07_14-15-00_x315_y315_z60_x_xyz_tool_plastic_tip_no_lock_fs_20000_reciprocating_tap23/bode_displacement_force.png,derived,122294,9e8d36e66d8881e5d638188f7511603264cc6dafc7c91c50b787fd2ed114420a,2026-05-20T11:29:13Z,,2026-05-07_003_tap_tests_servo_linear,,,,,,,,,,,,,,,bode_displacement_force
tap-tests,Machine FRF and stability/Tap tests/2026-05-07_003_tap_tests_servo_linear/tool_linear/results/figures/frequency/x/2026-05-07_14-15-00_x315_y315_z60_x_xyz_tool_plastic_tip_no_lock_fs_20000_reciprocating_tap23/coherence.png,derived,79942,f4c4e0aab4dc21f1c2342b982b23aed0a09b64893ee69270d61e7b64d8d443c5,2026-05-20T11:29:12Z,,2026-05-07_003_tap_tests_servo_linear,,,,,,,,,,,,,,,coherence
tap-tests,Machine FRF and stability/Tap tests/2026-05-07_003_tap_tests_servo_linear/tool_linear/results/figures/frequency/x/2026-05-07_14-15-00_x315_y315_z60_x_xyz_tool_plastic_tip_no_lock_fs_20000_reciprocating_tap23/force_psd.png,derived,72443,f487e6997de7c292a9fbacba78a3d00027a0780e2446313d23f32ff4133c1c87,2026-05-20T11:29:14Z,,2026-05-07_003_tap_tests_servo_linear,,,,,,,,,,,,,,,force_psd
tap-tests,Machine FRF and stability/Tap tests/2026-05-07_003_tap_tests_servo_linear/tool_linear/results/figures/frequency/x/2026-05-07_14-15-00_x315_y315_z60_x_xyz_tool_plastic_tip_no_lock_fs_20000_reciprocating_tap24/bode_acceleration_force.png,derived,123395,916739e3ad2f74b408a5a279903a3e29238b4053e7e28d2fa7060870f0b51316,2026-05-20T11:29:18Z,,2026-05-07_003_tap_tests_servo_linear,,,,,,,,,,,,,,,bode_acceleration_force
tap-tests,Machine FRF and stability/Tap tests/2026-05-07_003_tap_tests_servo_linear/tool_linear/results/figures/frequency/x/2026-05-07_14-15-00_x315_y315_z60_x_xyz_tool_plastic_tip_no_lock_fs_20000_reciprocating_tap24/bode_displacement_force.png,derived,119341,6f6885d353df43547996d81dace3917b12150617ae48acafeff56100a96c1bad,2026-05-20T11:29:17Z,,2026-05-07_003_tap_tests_servo_linear,,,,,,,,,,,,,,,bode_displacement_force
tap-tests,Machine FRF and stability/Tap tests/2026-05-07_003_tap_tests_servo_linear/tool_linear/results/figures/frequency/x/2026-05-07_14-15-00_x315_y315_z60_x_xyz_tool_plastic_tip_no_lock_fs_20000_reciprocating_tap24/coherence.png,derived,82710,ebcec86100e273a5f95df941de2af1eee079ebe6a5e47845817d67aa055cad54,2026-05-20T11:29:17Z,,2026-05-07_003_tap_tests_servo_linear,,,,,,,,,,,,,,,coherence
tap-tests,Machine FRF and stability/Tap tests/2026-05-07_003_tap_tests_servo_linear/tool_linear/results/figures/frequency/x/2026-05-07_14-15-00_x315_y315_z60_x_xyz_tool_plastic_tip_no_lock_fs_20000_reciprocating_tap24/force_psd.png,derived,79260,10829aa8db61855bf645d9d142d8fc165de421e84e7cf75fa28f249154fb76b9,2026-05-20T11:29:18Z,,2026-05-07_003_tap_tests_servo_linear,,,,,,,,,,,,,,,force_psd
tap-tests,Machine FRF and stability/Tap tests/2026-05-07_003_tap_tests_servo_linear/tool_linear/results/figures/frequency/x/2026-05-07_14-15-00_x315_y315_z60_x_xyz_tool_plastic_tip_no_lock_fs_20000_reciprocating_tap25/bode_acceleration_force.png,derived,125520,e8970bdab0f631eddd7748810ff020c08ce051bfd4b9abcf8b4fab0b96cfcd37,2026-05-20T11:29:22Z,,2026-05-07_003_tap_tests_servo_linear,,,,,,,,,,,,,,,bode_acceleration_force
tap-tests,Machine FRF and stability/Tap tests/2026-05-07_003_tap_tests_servo_linear/tool_linear/results/figures/frequency/x/2026-05-07_14-15-00_x315_y315_z60_x_xyz_tool_plastic_tip_no_lock_fs_20000_reciprocating_tap25/bode_displacement_force.png,derived,122521,8c70564d74f00751ef5050915676d878e3cb7d0f953ce6460833eb48791c5f80,2026-05-20T11:29:21Z,,2026-05-07_003_tap_tests_servo_linear,,,,,,,,,,,,,,,bode_displacement_force
tap-tests,Machine FRF and stability/Tap tests/2026-05-07_003_tap_tests_servo_linear/tool_linear/results/figures/frequency/x/2026-05-07_14-15-00_x315_y315_z60_x_xyz_tool_plastic_tip_no_lock_fs_20000_reciprocating_tap25/coherence.png,derived,74677,282cc10f9c6ced778eec4028379113861f5f6f53cb6e6ea380a7551d26623a1e,2026-05-20T11:29:21Z,,2026-05-07_003_tap_tests_servo_linear,,,,,,,,,,,,,,,coherence
tap-tests,Machine FRF and stability/Tap tests/2026-05-07_003_tap_tests_servo_linear/tool_linear/results/figures/frequency/x/2026-05-07_14-15-00_x315_y315_z60_x_xyz_tool_plastic_tip_no_lock_fs_20000_reciprocating_tap25/force_psd.png,derived,73661,f484505a741d80e596956c8ec5dfe10da5896863bc0a49d896ed17453aad883f,2026-05-20T11:29:22Z,,2026-05-07_003_tap_tests_servo_linear,,,,,,,,,,,,,,,force_psd
tap-tests,Machine FRF and stability/Tap tests/2026-05-07_003_tap_tests_servo_linear/tool_linear/results/figures/frequency/x/2026-05-07_14-15-00_x315_y315_z60_x_xyz_tool_plastic_tip_no_lock_fs_20000_reciprocating_tap26/bode_acceleration_force.png,derived,129028,b218855eea9ff2fc2a5bd8595f0aabae786e2952322ae850d977a6fe8861f5ba,2026-05-20T11:29:26Z,,2026-05-07_003_tap_tests_servo_linear,,,,,,,,,,,,,,,bode_acceleration_force
tap-tests,Machine FRF and stability/Tap tests/2026-05-07_003_tap_tests_servo_linear/tool_linear/results/figures/frequency/x/2026-05-07_14-15-00_x315_y315_z60_x_xyz_tool_plastic_tip_no_lock_fs_20000_reciprocating_tap26/bode_displacement_force.png,derived,126861,0b9f432da616a2d24296a889f2f497c4482a1ea2b4c53a3272b1db2f29212f27,2026-05-20T11:29:26Z,,2026-05-07_003_tap_tests_servo_linear,,,,,,,,,,,,,,,bode_displacement_force
tap-tests,Machine FRF and stability/Tap tests/2026-05-07_003_tap_tests_servo_linear/tool_linear/results/figures/frequency/x/2026-05-07_14-15-00_x315_y315_z60_x_xyz_tool_plastic_tip_no_lock_fs_20000_reciprocating_tap26/coherence.png,derived,77170,0d4b2cd0737d6f06a3a401c7140ac11edd1f174be8fb24d0fad770b0c906dd1a,2026-05-20T11:29:25Z,,2026-05-07_003_tap_tests_servo_linear,,,,,,,,,,,,,,,coherence
tap-tests,Machine FRF and stability/Tap tests/2026-05-07_003_tap_tests_servo_linear/tool_linear/results/figures/frequency/x/2026-05-07_14-15-00_x315_y315_z60_x_xyz_tool_plastic_tip_no_lock_fs_20000_reciprocating_tap26/force_psd.png,derived,71725,b14d9e26059769130e6b2a3d7fb5d7fbb489b5aa45b49ad1487187054b154416,2026-05-20T11:29:26Z,,2026-05-07_003_tap_tests_servo_linear,,,,,,,,,,,,,,,force_psd
tap-tests,Machine FRF and stability/Tap tests/2026-05-07_003_tap_tests_servo_linear/tool_linear/results/figures/frequency/x/average/bode_acceleration_force.png,derived,126378,d6b1bac19efe11bee40b38223b37302962c2f08b744ce341c7e80e886ec638cf,2026-05-20T11:29:30Z,,2026-05-07_003_tap_tests_servo_linear,,,,,,,,,,,,,,,bode_acceleration_force
tap-tests,Machine FRF and stability/Tap tests/2026-05-07_003_tap_tests_servo_linear/tool_linear/results/figures/frequency/x/average/bode_displacement_force.png,derived,109737,7c28eea54b451a5fff693af30df3eca1c199a34cacc234ed0ba1f02ec4ee65d1,2026-05-20T11:29:30Z,,2026-05-07_003_tap_tests_servo_linear,,,,,,,,,,,,,,,bode_displacement_force
tap-tests,Machine FRF and stability/Tap tests/2026-05-07_003_tap_tests_servo_linear/tool_linear/results/figures/frequency/x/average/coherence.png,derived,73800,2bac60587c9ac410df036437e5be129c3a8ddbe27abd479265d0a84d20e14b4d,2026-05-20T11:29:29Z,,2026-05-07_003_tap_tests_servo_linear,,,,,,,,,,,,,,,coherence
tap-tests,Machine FRF and stability/Tap tests/2026-05-07_003_tap_tests_servo_linear/tool_linear/results/figures/frequency/x/average/force_psd.png,derived,65960,1b38ccce30f6942af698b7c2d10da4dc0a126b9c1f59bd806f8ab69aafad1c6e,2026-05-20T11:29:30Z,,2026-05-07_003_tap_tests_servo_linear,,,,,,,,,,,,,,,force_psd
tap-tests,Machine FRF and stability/Tap tests/2026-05-07_003_tap_tests_servo_linear/tool_linear/results/figures/raw/x/2026-05-07_14-15-00_x315_y315_z60_x_xyz_tool_plastic_tip_no_lock_fs_20000_reciprocating_tap12/mosaic.png,derived,234756,6874b58eabeacde00ab0d2a74e308ee8decad4ab01ed4af37083c0157d38276d,2026-05-20T11:28:49Z,,2026-05-07_003_tap_tests_servo_linear,,,,,,,,,,,,,,,mosaic
tap-tests,Machine FRF and stability/Tap tests/2026-05-07_003_tap_tests_servo_linear/tool_linear/results/figures/raw/x/2026-05-07_14-15-00_x315_y315_z60_x_xyz_tool_plastic_tip_no_lock_fs_20000_reciprocating_tap13/mosaic.png,derived,234646,ac57a0202a2d61e0a727f28a376e69a4ea2ac303f0604a9e76a8e4a02b6790f5,2026-05-20T11:28:53Z,,2026-05-07_003_tap_tests_servo_linear,,,,,,,,,,,,,,,mosaic
tap-tests,Machine FRF and stability/Tap tests/2026-05-07_003_tap_tests_servo_linear/tool_linear/results/figures/raw/x/2026-05-07_14-15-00_x315_y315_z60_x_xyz_tool_plastic_tip_no_lock_fs_20000_reciprocating_tap16/mosaic.png,derived,241807,ef0b96410f386ab89fdc383989f042dee8be860049bcdb1008d373af41bc57b8,2026-05-20T11:28:57Z,,2026-05-07_003_tap_tests_servo_linear,,,,,,,,,,,,,,,mosaic
tap-tests,Machine FRF and stability/Tap tests/2026-05-07_003_tap_tests_servo_linear/tool_linear/results/figures/raw/x/2026-05-07_14-15-00_x315_y315_z60_x_xyz_tool_plastic_tip_no_lock_fs_20000_reciprocating_tap19/mosaic.png,derived,244916,db4f88347fbf046f36595ccd0db269116648a80c355848a7f0649999e5815fd5,2026-05-20T11:29:02Z,,2026-05-07_003_tap_tests_servo_linear,,,,,,,,,,,,,,,mosaic
tap-tests,Machine FRF and stability/Tap tests/2026-05-07_003_tap_tests_servo_linear/tool_linear/results/figures/raw/x/2026-05-07_14-15-00_x315_y315_z60_x_xyz_tool_plastic_tip_no_lock_fs_20000_reciprocating_tap20/mosaic.png,derived,234407,9d45331ff786d58feb39023ce8348e7afd678a34a23562e3fb9e9b92f59cfec6,2026-05-20T11:29:06Z,,2026-05-07_003_tap_tests_servo_linear,,,,,,,,,,,,,,,mosaic
tap-tests,Machine FRF and stability/Tap tests/2026-05-07_003_tap_tests_servo_linear/tool_linear/results/figures/raw/x/2026-05-07_14-15-00_x315_y315_z60_x_xyz_tool_plastic_tip_no_lock_fs_20000_reciprocating_tap21/mosaic.png,derived,242896,3524564b6a976f59dc44b66bc61dc8bd6d3bfea34e24598ede5985a8a7df9903,2026-05-20T11:29:10Z,,2026-05-07_003_tap_tests_servo_linear,,,,,,,,,,,,,,,mosaic
tap-tests,Machine FRF and stability/Tap tests/2026-05-07_003_tap_tests_servo_linear/tool_linear/results/figures/raw/x/2026-05-07_14-15-00_x315_y315_z60_x_xyz_tool_plastic_tip_no_lock_fs_20000_reciprocating_tap23/mosaic.png,derived,246382,27a0b2832a44e66fd4a8d851c212014b73bdb536673a4530eac264ed3cc815ef,2026-05-20T11:29:14Z,,2026-05-07_003_tap_tests_servo_linear,,,,,,,,,,,,,,,mosaic
tap-tests,Machine FRF and stability/Tap tests/2026-05-07_003_tap_tests_servo_linear/tool_linear/results/figures/raw/x/2026-05-07_14-15-00_x315_y315_z60_x_xyz_tool_plastic_tip_no_lock_fs_20000_reciprocating_tap24/mosaic.png,derived,251164,3145221c06a6aed151d659a7b17ad713e5f19cf2c87689726fcf137e1555ef1e,2026-05-20T11:29:19Z,,2026-05-07_003_tap_tests_servo_linear,,,,,,,,,,,,,,,mosaic
tap-tests,Machine FRF and stability/Tap tests/2026-05-07_003_tap_tests_servo_linear/tool_linear/results/figures/raw/x/2026-05-07_14-15-00_x315_y315_z60_x_xyz_tool_plastic_tip_no_lock_fs_20000_reciprocating_tap25/mosaic.png,derived,243858,bc0fb664e2eb7ae95a6ee1311b96b7a703db7f869260cd6db8b0b485be2c49a8,2026-05-20T11:29:23Z,,2026-05-07_003_tap_tests_servo_linear,,,,,,,,,,,,,,,mosaic
tap-tests,Machine FRF and stability/Tap tests/2026-05-07_003_tap_tests_servo_linear/tool_linear/results/figures/raw/x/2026-05-07_14-15-00_x315_y315_z60_x_xyz_tool_plastic_tip_no_lock_fs_20000_reciprocating_tap26/mosaic.png,derived,241868,79008682e74a0206b195911b005d15105a3820eb1aca6a8e6ea218b73ecdbae6,2026-05-20T11:29:27Z,,2026-05-07_003_tap_tests_servo_linear,,,,,,,,,,,,,,,mosaic
tap-tests,Machine FRF and stability/Tap tests/2026-05-07_003_tap_tests_servo_linear/tool_linear/results/figures/time/x/2026-05-07_14-15-00_x315_y315_z60_x_xyz_tool_plastic_tip_no_lock_fs_20000_reciprocating_tap12/force.png,derived,47818,1e729cac5bf5657c6d58afac1e74479de94e4c447abdfc5d61f6c4a7433d599a,2026-05-20T11:28:46Z,,2026-05-07_003_tap_tests_servo_linear,,,,,,,,,,,,,,,force
tap-tests,Machine FRF and stability/Tap tests/2026-05-07_003_tap_tests_servo_linear/tool_linear/results/figures/time/x/2026-05-07_14-15-00_x315_y315_z60_x_xyz_tool_plastic_tip_no_lock_fs_20000_reciprocating_tap12/force_detrended.png,derived,52124,9e5e0afd6538ced6d90f78a934524050aeaa64849a5b36a51148bf595b6f8224,2026-05-20T11:28:46Z,,2026-05-07_003_tap_tests_servo_linear,,,,,,,,,,,,,,,force_detrended
tap-tests,Machine FRF and stability/Tap tests/2026-05-07_003_tap_tests_servo_linear/tool_linear/results/figures/time/x/2026-05-07_14-15-00_x315_y315_z60_x_xyz_tool_plastic_tip_no_lock_fs_20000_reciprocating_tap12/force_window.png,derived,43347,ae01667c9ec6fc2713524d8a52bbe007c2c6de1c090c169879a51335092e4a19,2026-05-20T11:28:46Z,,2026-05-07_003_tap_tests_servo_linear,,,,,,,,,,,,,,,force_window
tap-tests,Machine FRF and stability/Tap tests/2026-05-07_003_tap_tests_servo_linear/tool_linear/results/figures/time/x/2026-05-07_14-15-00_x315_y315_z60_x_xyz_tool_plastic_tip_no_lock_fs_20000_reciprocating_tap12/force_windowed.png,derived,36760,8be49d8c87d0b655bbda5bd564b1acdd8d7495321c3deef5a60f524d9d8a663e,2026-05-20T11:28:46Z,,2026-05-07_003_tap_tests_servo_linear,,,,,,,,,,,,,,,force_windowed
tap-tests,Machine FRF and stability/Tap tests/2026-05-07_003_tap_tests_servo_linear/tool_linear/results/figures/time/x/2026-05-07_14-15-00_x315_y315_z60_x_xyz_tool_plastic_tip_no_lock_fs_20000_reciprocating_tap12/response.png,derived,55496,e5100503ac1ac40d96b585911dce7acf4fecd1e8dc2b197413f9f86a2e97415c,2026-05-20T11:28:46Z,,2026-05-07_003_tap_tests_servo_linear,,,,,,,,,,,,,,,response
tap-tests,Machine FRF and stability/Tap tests/2026-05-07_003_tap_tests_servo_linear/tool_linear/results/figures/time/x/2026-05-07_14-15-00_x315_y315_z60_x_xyz_tool_plastic_tip_no_lock_fs_20000_reciprocating_tap12/response_detrended.png,derived,60293,eafad67ec29969a6a0ef3bd6596675c85d11402519d02d5b2b8440a6e05c8a96,2026-05-20T11:28:46Z,,2026-05-07_003_tap_tests_servo_linear,,,,,,,,,,,,,,,response_detrended
tap-tests,Machine FRF and stability/Tap tests/2026-05-07_003_tap_tests_servo_linear/tool_linear/results/figures/time/x/2026-05-07_14-15-00_x315_y315_z60_x_xyz_tool_plastic_tip_no_lock_fs_20000_reciprocating_tap12/response_wiener.png,derived,55140,483933bceaa3f582a66c685ccdcacc91f7ebd0813a06334e2b8245c8922d2a5e,2026-05-20T11:28:47Z,,2026-05-07_003_tap_tests_servo_linear,,,,,,,,,,,,,,,response_wiener
tap-tests,Machine FRF and stability/Tap tests/2026-05-07_003_tap_tests_servo_linear/tool_linear/results/figures/time/x/2026-05-07_14-15-00_x315_y315_z60_x_xyz_tool_plastic_tip_no_lock_fs_20000_reciprocating_tap12/response_window.png,derived,65048,bcce4877d7e21194b600a455ffcce862304784b4d117ca6178ffc53d436e0e52,2026-05-20T11:28:47Z,,2026-05-07_003_tap_tests_servo_linear,,,,,,,,,,,,,,,response_window
tap-tests,Machine FRF and stability/Tap tests/2026-05-07_003_tap_tests_servo_linear/tool_linear/results/figures/time/x/2026-05-07_14-15-00_x315_y315_z60_x_xyz_tool_plastic_tip_no_lock_fs_20000_reciprocating_tap12/response_windowed.png,derived,53875,a05a26e85833ba6cc88cd6f87088221ae72b460d5e407dbfffcc867a445f32cd,2026-05-20T11:28:47Z,,2026-05-07_003_tap_tests_servo_linear,,,,,,,,,,,,,,,response_windowed
tap-tests,Machine FRF and stability/Tap tests/2026-05-07_003_tap_tests_servo_linear/tool_linear/results/figures/time/x/2026-05-07_14-15-00_x315_y315_z60_x_xyz_tool_plastic_tip_no_lock_fs_20000_reciprocating_tap13/force.png,derived,46801,ec6dd7e18b145b0e78f24c8e638f8ab1da7e93a2ec54a6964213b432d4428ec9,2026-05-20T11:28:50Z,,2026-05-07_003_tap_tests_servo_linear,,,,,,,,,,,,,,,force
tap-tests,Machine FRF and stability/Tap tests/2026-05-07_003_tap_tests_servo_linear/tool_linear/results/figures/time/x/2026-05-07_14-15-00_x315_y315_z60_x_xyz_tool_plastic_tip_no_lock_fs_20000_reciprocating_tap13/force_detrended.png,derived,51730,f61f6ce0309b7583c47e7e7f32c54744ee1c3d954123a34e67e2fb23d722d148,2026-05-20T11:28:50Z,,2026-05-07_003_tap_tests_servo_linear,,,,,,,,,,,,,,,force_detrended
tap-tests,Machine FRF and stability/Tap tests/2026-05-07_003_tap_tests_servo_linear/tool_linear/results/figures/time/x/2026-05-07_14-15-00_x315_y315_z60_x_xyz_tool_plastic_tip_no_lock_fs_20000_reciprocating_tap13/force_window.png,derived,43259,2e82512c2c9b02021ea3b571a6ef6f35ef811ffb9b5bde2121ac3c4854694bec,2026-05-20T11:28:51Z,,2026-05-07_003_tap_tests_servo_linear,,,,,,,,,,,,,,,force_window
tap-tests,Machine FRF and stability/Tap tests/2026-05-07_003_tap_tests_servo_linear/tool_linear/results/figures/time/x/2026-05-07_14-15-00_x315_y315_z60_x_xyz_tool_plastic_tip_no_lock_fs_20000_reciprocating_tap13/force_windowed.png,derived,36982,37888eb60b35831252b60e9292ad03b808757e473c8811005074bda081bec6c0,2026-05-20T11:28:51Z,,2026-05-07_003_tap_tests_servo_linear,,,,,,,,,,,,,,,force_windowed
tap-tests,Machine FRF and stability/Tap tests/2026-05-07_003_tap_tests_servo_linear/tool_linear/results/figures/time/x/2026-05-07_14-15-00_x315_y315_z60_x_xyz_tool_plastic_tip_no_lock_fs_20000_reciprocating_tap13/response.png,derived,56348,6e461eba959e5d9a4f5a2244b50a806624c53c9f8370d584c410b087373afb65,2026-05-20T11:28:50Z,,2026-05-07_003_tap_tests_servo_linear,,,,,,,,,,,,,,,response
tap-tests,Machine FRF and stability/Tap tests/2026-05-07_003_tap_tests_servo_linear/tool_linear/results/figures/time/x/2026-05-07_14-15-00_x315_y315_z60_x_xyz_tool_plastic_tip_no_lock_fs_20000_reciprocating_tap13/response_detrended.png,derived,56858,4f6a8397477b56d6df393835e3645cd65a47f777352cf615c744fc908bbc0a95,2026-05-20T11:28:51Z,,2026-05-07_003_tap_tests_servo_linear,,,,,,,,,,,,,,,response_detrended
tap-tests,Machine FRF and stability/Tap tests/2026-05-07_003_tap_tests_servo_linear/tool_linear/results/figures/time/x/2026-05-07_14-15-00_x315_y315_z60_x_xyz_tool_plastic_tip_no_lock_fs_20000_reciprocating_tap13/response_wiener.png,derived,50981,3f1cf3b9604c5a37ef5afaaedab0941d74e615a422ec7def1deaf6851e2a9971,2026-05-20T11:28:51Z,,2026-05-07_003_tap_tests_servo_linear,,,,,,,,,,,,,,,response_wiener
tap-tests,Machine FRF and stability/Tap tests/2026-05-07_003_tap_tests_servo_linear/tool_linear/results/figures/time/x/2026-05-07_14-15-00_x315_y315_z60_x_xyz_tool_plastic_tip_no_lock_fs_20000_reciprocating_tap13/response_window.png,derived,62769,7dd505156bb6bc9aa1d38cc6122bc237fdab8983cc5e7572e5dda6ded600ff87,2026-05-20T11:28:51Z,,2026-05-07_003_tap_tests_servo_linear,,,,,,,,,,,,,,,response_window
tap-tests,Machine FRF and stability/Tap tests/2026-05-07_003_tap_tests_servo_linear/tool_linear/results/figures/time/x/2026-05-07_14-15-00_x315_y315_z60_x_xyz_tool_plastic_tip_no_lock_fs_20000_reciprocating_tap13/response_windowed.png,derived,49628,c2788982b270b08e9f425f1ad0180386ffa470d18f2c94d09e9d35379f9024e1,2026-05-20T11:28:51Z,,2026-05-07_003_tap_tests_servo_linear,,,,,,,,,,,,,,,response_windowed
tap-tests,Machine FRF and stability/Tap tests/2026-05-07_003_tap_tests_servo_linear/tool_linear/results/figures/time/x/2026-05-07_14-15-00_x315_y315_z60_x_xyz_tool_plastic_tip_no_lock_fs_20000_reciprocating_tap16/force.png,derived,46558,9c3f7d6f7ce70d5023fde9c1a205edfb4e29dc2e6d5a27caea179a9728ee4e1a,2026-05-20T11:28:54Z,,2026-05-07_003_tap_tests_servo_linear,,,,,,,,,,,,,,,force
tap-tests,Machine FRF and stability/Tap tests/2026-05-07_003_tap_tests_servo_linear/tool_linear/results/figures/time/x/2026-05-07_14-15-00_x315_y315_z60_x_xyz_tool_plastic_tip_no_lock_fs_20000_reciprocating_tap16/force_detrended.png,derived,51222,ffb72c4eaf24b994b66240eafa6794554ec677b74c887ffad6f0fbc96bdc768e,2026-05-20T11:28:54Z,,2026-05-07_003_tap_tests_servo_linear,,,,,,,,,,,,,,,force_detrended
tap-tests,Machine FRF and stability/Tap tests/2026-05-07_003_tap_tests_servo_linear/tool_linear/results/figures/time/x/2026-05-07_14-15-00_x315_y315_z60_x_xyz_tool_plastic_tip_no_lock_fs_20000_reciprocating_tap16/force_window.png,derived,41753,09ec8453b83d2b4c25969c0b8b5c3c445ab1869e157ce5898a308b76db3d434f,2026-05-20T11:28:55Z,,2026-05-07_003_tap_tests_servo_linear,,,,,,,,,,,,,,,force_window
tap-tests,Machine FRF and stability/Tap tests/2026-05-07_003_tap_tests_servo_linear/tool_linear/results/figures/time/x/2026-05-07_14-15-00_x315_y315_z60_x_xyz_tool_plastic_tip_no_lock_fs_20000_reciprocating_tap16/force_windowed.png,derived,35955,acb6de00e26821a23fe92826c6239d8b4ab58dd15b3630f3e3e6d8d5fd56b9db,2026-05-20T11:28:55Z,,2026-05-07_003_tap_tests_servo_linear,,,,,,,,,,,,,,,force_windowed
tap-tests,Machine FRF and stability/Tap tests/2026-05-07_003_tap_tests_servo_linear/tool_linear/results/figures/time/x/2026-05-07_14-15-00_x315_y315_z60_x_xyz_tool_plastic_tip_no_lock_fs_20000_reciprocating_tap16/response.png,derived,54829,ffcfe732f6283d82ff02faa738f62d37f73a8f4ab9e2636e1d523f286892771c,2026-05-20T11:28:54Z,,2026-05-07_003_tap_tests_servo_linear,,,,,,,,,,,,,,,response
tap-tests,Machine FRF and stability/Tap tests/2026-05-07_003_tap_tests_servo_linear/tool_linear/results/figures/time/x/2026-05-07_14-15-00_x315_y315_z60_x_xyz_tool_plastic_tip_no_lock_fs_20000_reciprocating_tap16/response_detrended.png,derived,57955,7a98f5e82993de5071ca5d3f5fe9199498ee0d6c6bdc2f14be0e7853157419de,2026-05-20T11:28:55Z,,2026-05-07_003_tap_tests_servo_linear,,,,,,,,,,,,,,,response_detrended
tap-tests,Machine FRF and stability/Tap tests/2026-05-07_003_tap_tests_servo_linear/tool_linear/results/figures/time/x/2026-05-07_14-15-00_x315_y315_z60_x_xyz_tool_plastic_tip_no_lock_fs_20000_reciprocating_tap16/response_wiener.png,derived,51453,284c65d14029d0a3dc969fa2a470d214c450971fe12a55c8cd7b38506e967025,2026-05-20T11:28:55Z,,2026-05-07_003_tap_tests_servo_linear,,,,,,,,,,,,,,,response_wiener
tap-tests,Machine FRF and stability/Tap tests/2026-05-07_003_tap_tests_servo_linear/tool_linear/results/figures/time/x/2026-05-07_14-15-00_x315_y315_z60_x_xyz_tool_plastic_tip_no_lock_fs_20000_reciprocating_tap16/response_window.png,derived,60867,65471d0f5816f9ed95492aa46cd0f12fc2439e1a5e5a24c76426f3a0fcd6fe3b,2026-05-20T11:28:55Z,,2026-05-07_003_tap_tests_servo_linear,,,,,,,,,,,,,,,response_window
tap-tests,Machine FRF and stability/Tap tests/2026-05-07_003_tap_tests_servo_linear/tool_linear/results/figures/time/x/2026-05-07_14-15-00_x315_y315_z60_x_xyz_tool_plastic_tip_no_lock_fs_20000_reciprocating_tap16/response_windowed.png,derived,49800,b74116a108d8f241e8b16e4ff08d5f410799b55704c739e34bcb67a94fd20d9e,2026-05-20T11:28:55Z,,2026-05-07_003_tap_tests_servo_linear,,,,,,,,,,,,,,,response_windowed
tap-tests,Machine FRF and stability/Tap tests/2026-05-07_003_tap_tests_servo_linear/tool_linear/results/figures/time/x/2026-05-07_14-15-00_x315_y315_z60_x_xyz_tool_plastic_tip_no_lock_fs_20000_reciprocating_tap19/force.png,derived,46267,e4d6e488857e641bd67bc4090f814a5e90acf8492e04201aed7066d3bb9bfe5b,2026-05-20T11:28:59Z,,2026-05-07_003_tap_tests_servo_linear,,,,,,,,,,,,,,,force
tap-tests,Machine FRF and stability/Tap tests/2026-05-07_003_tap_tests_servo_linear/tool_linear/results/figures/time/x/2026-05-07_14-15-00_x315_y315_z60_x_xyz_tool_plastic_tip_no_lock_fs_20000_reciprocating_tap19/force_detrended.png,derived,51274,67fba450eac17d1e4db0e2681263d4af3af0ccbedc6ba596c838d1587b48a194,2026-05-20T11:28:59Z,,2026-05-07_003_tap_tests_servo_linear,,,,,,,,,,,,,,,force_detrended
tap-tests,Machine FRF and stability/Tap tests/2026-05-07_003_tap_tests_servo_linear/tool_linear/results/figures/time/x/2026-05-07_14-15-00_x315_y315_z60_x_xyz_tool_plastic_tip_no_lock_fs_20000_reciprocating_tap19/force_window.png,derived,41737,1734be6fcd087d80c62d14889668cd2623799b756c07f9665d66a57d97922aa2,2026-05-20T11:28:59Z,,2026-05-07_003_tap_tests_servo_linear,,,,,,,,,,,,,,,force_window
tap-tests,Machine FRF and stability/Tap tests/2026-05-07_003_tap_tests_servo_linear/tool_linear/results/figures/time/x/2026-05-07_14-15-00_x315_y315_z60_x_xyz_tool_plastic_tip_no_lock_fs_20000_reciprocating_tap19/force_windowed.png,derived,35818,227178546f108f0b6c39b3d3c59b1000ac3d9cc5990bd29ff1debcfbdbfb9192,2026-05-20T11:28:59Z,,2026-05-07_003_tap_tests_servo_linear,,,,,,,,,,,,,,,force_windowed
tap-tests,Machine FRF and stability/Tap tests/2026-05-07_003_tap_tests_servo_linear/tool_linear/results/figures/time/x/2026-05-07_14-15-00_x315_y315_z60_x_xyz_tool_plastic_tip_no_lock_fs_20000_reciprocating_tap19/response.png,derived,54509,999599fe5e3adc0a527d556183096416c6306cf8ccfdf3915e5328a17d163dab,2026-05-20T11:28:59Z,,2026-05-07_003_tap_tests_servo_linear,,,,,,,,,,,,,,,response
tap-tests,Machine FRF and stability/Tap tests/2026-05-07_003_tap_tests_servo_linear/tool_linear/results/figures/time/x/2026-05-07_14-15-00_x315_y315_z60_x_xyz_tool_plastic_tip_no_lock_fs_20000_reciprocating_tap19/response_detrended.png,derived,57249,906598579e69e2ee8f4a9417730db8cbc94a01802da1b1f54967f5d692a5d8a9,2026-05-20T11:28:59Z,,2026-05-07_003_tap_tests_servo_linear,,,,,,,,,,,,,,,response_detrended
tap-tests,Machine FRF and stability/Tap tests/2026-05-07_003_tap_tests_servo_linear/tool_linear/results/figures/time/x/2026-05-07_14-15-00_x315_y315_z60_x_xyz_tool_plastic_tip_no_lock_fs_20000_reciprocating_tap19/response_wiener.png,derived,50678,71ae78a0fa036e1f2952f511d5defe16b0efdd5815f20f51c5f754c9008cc61f,2026-05-20T11:28:59Z,,2026-05-07_003_tap_tests_servo_linear,,,,,,,,,,,,,,,response_wiener
tap-tests,Machine FRF and stability/Tap tests/2026-05-07_003_tap_tests_servo_linear/tool_linear/results/figures/time/x/2026-05-07_14-15-00_x315_y315_z60_x_xyz_tool_plastic_tip_no_lock_fs_20000_reciprocating_tap19/response_window.png,derived,62733,72ec3212fd543bec5db6e74b3f265a2317f54a6769348ebf11e4f7f808e5f2f3,2026-05-20T11:28:59Z,,2026-05-07_003_tap_tests_servo_linear,,,,,,,,,,,,,,,response_window
tap-tests,Machine FRF and stability/Tap tests/2026-05-07_003_tap_tests_servo_linear/tool_linear/results/figures/time/x/2026-05-07_14-15-00_x315_y315_z60_x_xyz_tool_plastic_tip_no_lock_fs_20000_reciprocating_tap19/response_windowed.png,derived,49320,e4b09f0f6f86cb3dcde41b4d5c224524de163d4495ca80e191fe7d97f923e81c,2026-05-20T11:29:00Z,,2026-05-07_003_tap_tests_servo_linear,,,,,,,,,,,,,,,response_windowed
tap-tests,Machine FRF and stability/Tap tests/2026-05-07_003_tap_tests_servo_linear/tool_linear/results/figures/time/x/2026-05-07_14-15-00_x315_y315_z60_x_xyz_tool_plastic_tip_no_lock_fs_20000_reciprocating_tap20/force.png,derived,46123,1e0f0e975c97a0052873a4d2056b14684bc1220a463b6e0e25b9748f4a8b0ad8,2026-05-20T11:29:03Z,,2026-05-07_003_tap_tests_servo_linear,,,,,,,,,,,,,,,force
tap-tests,Machine FRF and stability/Tap tests/2026-05-07_003_tap_tests_servo_linear/tool_linear/results/figures/time/x/2026-05-07_14-15-00_x315_y315_z60_x_xyz_tool_plastic_tip_no_lock_fs_20000_reciprocating_tap20/force_detrended.png,derived,50584,4478952895f3994ffbe77d044895728c69cdacf61f4d5d3a5fda0d66cc3cfc1e,2026-05-20T11:29:03Z,,2026-05-07_003_tap_tests_servo_linear,,,,,,,,,,,,,,,force_detrended
tap-tests,Machine FRF and stability/Tap tests/2026-05-07_003_tap_tests_servo_linear/tool_linear/results/figures/time/x/2026-05-07_14-15-00_x315_y315_z60_x_xyz_tool_plastic_tip_no_lock_fs_20000_reciprocating_tap20/force_window.png,derived,43321,c58c786135a5934231b8fbf2d00ffcb02114f8968ef327541bc90274c7a1c33f,2026-05-20T11:29:03Z,,2026-05-07_003_tap_tests_servo_linear,,,,,,,,,,,,,,,force_window
tap-tests,Machine FRF and stability/Tap tests/2026-05-07_003_tap_tests_servo_linear/tool_linear/results/figures/time/x/2026-05-07_14-15-00_x315_y315_z60_x_xyz_tool_plastic_tip_no_lock_fs_20000_reciprocating_tap20/force_windowed.png,derived,36341,6ba2c4c1657a6720b99e2064d0a9dfae0ab78dbf3f387129afd6aef304cb44b5,2026-05-20T11:29:03Z,,2026-05-07_003_tap_tests_servo_linear,,,,,,,,,,,,,,,force_windowed
tap-tests,Machine FRF and stability/Tap tests/2026-05-07_003_tap_tests_servo_linear/tool_linear/results/figures/time/x/2026-05-07_14-15-00_x315_y315_z60_x_xyz_tool_plastic_tip_no_lock_fs_20000_reciprocating_tap20/response.png,derived,56362,d80e1c4aa106e9d0cdd8a078831343f080886901d89dfe0d2d494a6de3808e6f,2026-05-20T11:29:03Z,,2026-05-07_003_tap_tests_servo_linear,,,,,,,,,,,,,,,response
tap-tests,Machine FRF and stability/Tap tests/2026-05-07_003_tap_tests_servo_linear/tool_linear/results/figures/time/x/2026-05-07_14-15-00_x315_y315_z60_x_xyz_tool_plastic_tip_no_lock_fs_20000_reciprocating_tap20/response_detrended.png,derived,59323,47a58925c0f16df78414095dff8f2d50f9ab89712f150e6541c7588b7b6fd14e,2026-05-20T11:29:03Z,,2026-05-07_003_tap_tests_servo_linear,,,,,,,,,,,,,,,response_detrended
tap-tests,Machine FRF and stability/Tap tests/2026-05-07_003_tap_tests_servo_linear/tool_linear/results/figures/time/x/2026-05-07_14-15-00_x315_y315_z60_x_xyz_tool_plastic_tip_no_lock_fs_20000_reciprocating_tap20/response_wiener.png,derived,53467,182905f95a9d2dba39c025ceaca1276cdf470c2ddac05bd831f6c61dfb870ad9,2026-05-20T11:29:03Z,,2026-05-07_003_tap_tests_servo_linear,,,,,,,,,,,,,,,response_wiener
tap-tests,Machine FRF and stability/Tap tests/2026-05-07_003_tap_tests_servo_linear/tool_linear/results/figures/time/x/2026-05-07_14-15-00_x315_y315_z60_x_xyz_tool_plastic_tip_no_lock_fs_20000_reciprocating_tap20/response_window.png,derived,64821,fb1a6726736830993057b7ba4a1f6a06464a8afa78106a5c27125ef48bfba98e,2026-05-20T11:29:04Z,,2026-05-07_003_tap_tests_servo_linear,,,,,,,,,,,,,,,response_window
tap-tests,Machine FRF and stability/Tap tests/2026-05-07_003_tap_tests_servo_linear/tool_linear/results/figures/time/x/2026-05-07_14-15-00_x315_y315_z60_x_xyz_tool_plastic_tip_no_lock_fs_20000_reciprocating_tap20/response_windowed.png,derived,52037,9f8c066a88d2c84d5468d031ccbe87588364074bf7f807a4ab3524003007bb30,2026-05-20T11:29:04Z,,2026-05-07_003_tap_tests_servo_linear,,,,,,,,,,,,,,,response_windowed
tap-tests,Machine FRF and stability/Tap tests/2026-05-07_003_tap_tests_servo_linear/tool_linear/results/figures/time/x/2026-05-07_14-15-00_x315_y315_z60_x_xyz_tool_plastic_tip_no_lock_fs_20000_reciprocating_tap21/force.png,derived,48512,3deb7e8dfa0afe2cb69c38e275abcb05ae647b32ed2f92207e78e36285a12568,2026-05-20T11:29:07Z,,2026-05-07_003_tap_tests_servo_linear,,,,,,,,,,,,,,,force
tap-tests,Machine FRF and stability/Tap tests/2026-05-07_003_tap_tests_servo_linear/tool_linear/results/figures/time/x/2026-05-07_14-15-00_x315_y315_z60_x_xyz_tool_plastic_tip_no_lock_fs_20000_reciprocating_tap21/force_detrended.png,derived,50911,9d9a4b8d405f631339f5b375d40edf388b54b0446ce871a2b37ac2303e7218b2,2026-05-20T11:29:07Z,,2026-05-07_003_tap_tests_servo_linear,,,,,,,,,,,,,,,force_detrended
tap-tests,Machine FRF and stability/Tap tests/2026-05-07_003_tap_tests_servo_linear/tool_linear/results/figures/time/x/2026-05-07_14-15-00_x315_y315_z60_x_xyz_tool_plastic_tip_no_lock_fs_20000_reciprocating_tap21/force_window.png,derived,41763,146102594fb0b47587c62dfd92840fa6a286f2d6e06cbe984ef584ef836d07a3,2026-05-20T11:29:07Z,,2026-05-07_003_tap_tests_servo_linear,,,,,,,,,,,,,,,force_window
tap-tests,Machine FRF and stability/Tap tests/2026-05-07_003_tap_tests_servo_linear/tool_linear/results/figures/time/x/2026-05-07_14-15-00_x315_y315_z60_x_xyz_tool_plastic_tip_no_lock_fs_20000_reciprocating_tap21/force_windowed.png,derived,35298,73154474685b00c81b57c6092b01b3f5f16bcee1250366c147bea6925a8413c9,2026-05-20T11:29:08Z,,2026-05-07_003_tap_tests_servo_linear,,,,,,,,,,,,,,,force_windowed
tap-tests,Machine FRF and stability/Tap tests/2026-05-07_003_tap_tests_servo_linear/tool_linear/results/figures/time/x/2026-05-07_14-15-00_x315_y315_z60_x_xyz_tool_plastic_tip_no_lock_fs_20000_reciprocating_tap21/response.png,derived,56913,c85a6a679cebde5d684585c3ecc83006aa77e03f8e804c4080db50b79b87d146,2026-05-20T11:29:07Z,,2026-05-07_003_tap_tests_servo_linear,,,,,,,,,,,,,,,response
tap-tests,Machine FRF and stability/Tap tests/2026-05-07_003_tap_tests_servo_linear/tool_linear/results/figures/time/x/2026-05-07_14-15-00_x315_y315_z60_x_xyz_tool_plastic_tip_no_lock_fs_20000_reciprocating_tap21/response_detrended.png,derived,57233,e4814d8d625e4764343acf3fe41ae1f246423e8912152ab4018ca7f669cf8649,2026-05-20T11:29:08Z,,2026-05-07_003_tap_tests_servo_linear,,,,,,,,,,,,,,,response_detrended
tap-tests,Machine FRF and stability/Tap tests/2026-05-07_003_tap_tests_servo_linear/tool_linear/results/figures/time/x/2026-05-07_14-15-00_x315_y315_z60_x_xyz_tool_plastic_tip_no_lock_fs_20000_reciprocating_tap21/response_wiener.png,derived,50990,fa70772e765b334af78951d5addec076e0a856dccd20070262bfd96d1e29ff47,2026-05-20T11:29:08Z,,2026-05-07_003_tap_tests_servo_linear,,,,,,,,,,,,,,,response_wiener
tap-tests,Machine FRF and stability/Tap tests/2026-05-07_003_tap_tests_servo_linear/tool_linear/results/figures/time/x/2026-05-07_14-15-00_x315_y315_z60_x_xyz_tool_plastic_tip_no_lock_fs_20000_reciprocating_tap21/response_window.png,derived,62820,a9c0b918e131aa5a469d5db6ff8cdf28bcd1e349674966ef8a70f2b0bfb148fa,2026-05-20T11:29:08Z,,2026-05-07_003_tap_tests_servo_linear,,,,,,,,,,,,,,,response_window
tap-tests,Machine FRF and stability/Tap tests/2026-05-07_003_tap_tests_servo_linear/tool_linear/results/figures/time/x/2026-05-07_14-15-00_x315_y315_z60_x_xyz_tool_plastic_tip_no_lock_fs_20000_reciprocating_tap21/response_windowed.png,derived,49640,8e0582bc1a4aea52ee962617d0c665b5c8bb496f2aa3c26a303fce80f68ece15,2026-05-20T11:29:08Z,,2026-05-07_003_tap_tests_servo_linear,,,,,,,,,,,,,,,response_windowed
tap-tests,Machine FRF and stability/Tap tests/2026-05-07_003_tap_tests_servo_linear/tool_linear/results/figures/time/x/2026-05-07_14-15-00_x315_y315_z60_x_xyz_tool_plastic_tip_no_lock_fs_20000_reciprocating_tap23/force.png,derived,46393,d9a2f877d91d5c625ebfdeaf4fdd390fea8d1ee0849d0c5d6898e5e324a8cdf2,2026-05-20T11:29:11Z,,2026-05-07_003_tap_tests_servo_linear,,,,,,,,,,,,,,,force
tap-tests,Machine FRF and stability/Tap tests/2026-05-07_003_tap_tests_servo_linear/tool_linear/results/figures/time/x/2026-05-07_14-15-00_x315_y315_z60_x_xyz_tool_plastic_tip_no_lock_fs_20000_reciprocating_tap23/force_detrended.png,derived,50355,9974f23e74d52be7c0d997cce5615a589a9d348104c4c3722dcdff20108fbfdd,2026-05-20T11:29:11Z,,2026-05-07_003_tap_tests_servo_linear,,,,,,,,,,,,,,,force_detrended
tap-tests,Machine FRF and stability/Tap tests/2026-05-07_003_tap_tests_servo_linear/tool_linear/results/figures/time/x/2026-05-07_14-15-00_x315_y315_z60_x_xyz_tool_plastic_tip_no_lock_fs_20000_reciprocating_tap23/force_window.png,derived,41759,8baec6bd1109d03a77bd3727d21ddfda924d9a77c716c32ffc686a5a015da845,2026-05-20T11:29:11Z,,2026-05-07_003_tap_tests_servo_linear,,,,,,,,,,,,,,,force_window
tap-tests,Machine FRF and stability/Tap tests/2026-05-07_003_tap_tests_servo_linear/tool_linear/results/figures/time/x/2026-05-07_14-15-00_x315_y315_z60_x_xyz_tool_plastic_tip_no_lock_fs_20000_reciprocating_tap23/force_windowed.png,derived,35006,5bc899e31ac416471629251bf68df93b93662722ee9751a971e987f352ffca6e,2026-05-20T11:29:12Z,,2026-05-07_003_tap_tests_servo_linear,,,,,,,,,,,,,,,force_windowed
tap-tests,Machine FRF and stability/Tap tests/2026-05-07_003_tap_tests_servo_linear/tool_linear/results/figures/time/x/2026-05-07_14-15-00_x315_y315_z60_x_xyz_tool_plastic_tip_no_lock_fs_20000_reciprocating_tap23/response.png,derived,56732,13eaf35c8d2f42cdc4199eaa93a70d87f7cd6e560bd22b463ca65e2c9159def9,2026-05-20T11:29:11Z,,2026-05-07_003_tap_tests_servo_linear,,,,,,,,,,,,,,,response
tap-tests,Machine FRF and stability/Tap tests/2026-05-07_003_tap_tests_servo_linear/tool_linear/results/figures/time/x/2026-05-07_14-15-00_x315_y315_z60_x_xyz_tool_plastic_tip_no_lock_fs_20000_reciprocating_tap23/response_detrended.png,derived,57689,9bad9b9cbf5904590de9e15c391ca9ca499b696e226fb93ce0075d6c70f1154a,2026-05-20T11:29:12Z,,2026-05-07_003_tap_tests_servo_linear,,,,,,,,,,,,,,,response_detrended
tap-tests,Machine FRF and stability/Tap tests/2026-05-07_003_tap_tests_servo_linear/tool_linear/results/figures/time/x/2026-05-07_14-15-00_x315_y315_z60_x_xyz_tool_plastic_tip_no_lock_fs_20000_reciprocating_tap23/response_wiener.png,derived,51643,9c98ee0e6a65033c651e07fad3efb2581d1ec40cb7184770f74ca2569c3458d7,2026-05-20T11:29:12Z,,2026-05-07_003_tap_tests_servo_linear,,,,,,,,,,,,,,,response_wiener
tap-tests,Machine FRF and stability/Tap tests/2026-05-07_003_tap_tests_servo_linear/tool_linear/results/figures/time/x/2026-05-07_14-15-00_x315_y315_z60_x_xyz_tool_plastic_tip_no_lock_fs_20000_reciprocating_tap23/response_window.png,derived,62673,ec8d0614db8f14ecc53996216a93cf433c550d4d69423e6d8c8bafa73ae759d4,2026-05-20T11:29:12Z,,2026-05-07_003_tap_tests_servo_linear,,,,,,,,,,,,,,,response_window
tap-tests,Machine FRF and stability/Tap tests/2026-05-07_003_tap_tests_servo_linear/tool_linear/results/figures/time/x/2026-05-07_14-15-00_x315_y315_z60_x_xyz_tool_plastic_tip_no_lock_fs_20000_reciprocating_tap23/response_windowed.png,derived,49404,11722649a28ca1dbdba24558f0cc1a6707c0a3eea2e193e917186298f5b8db8b,2026-05-20T11:29:12Z,,2026-05-07_003_tap_tests_servo_linear,,,,,,,,,,,,,,,response_windowed
tap-tests,Machine FRF and stability/Tap tests/2026-05-07_003_tap_tests_servo_linear/tool_linear/results/figures/time/x/2026-05-07_14-15-00_x315_y315_z60_x_xyz_tool_plastic_tip_no_lock_fs_20000_reciprocating_tap24/force.png,derived,52234,6633e91181da1b340130d560e327c987971febf0f03ce15db2ffef696064cd83,2026-05-20T11:29:16Z,,2026-05-07_003_tap_tests_servo_linear,,,,,,,,,,,,,,,force
tap-tests,Machine FRF and stability/Tap tests/2026-05-07_003_tap_tests_servo_linear/tool_linear/results/figures/time/x/2026-05-07_14-15-00_x315_y315_z60_x_xyz_tool_plastic_tip_no_lock_fs_20000_reciprocating_tap24/force_detrended.png,derived,54293,4335a68c65ea2e856fe7d52b231ff71c76cfd86ec599e8e13501097140e943f5,2026-05-20T11:29:16Z,,2026-05-07_003_tap_tests_servo_linear,,,,,,,,,,,,,,,force_detrended
tap-tests,Machine FRF and stability/Tap tests/2026-05-07_003_tap_tests_servo_linear/tool_linear/results/figures/time/x/2026-05-07_14-15-00_x315_y315_z60_x_xyz_tool_plastic_tip_no_lock_fs_20000_reciprocating_tap24/force_window.png,derived,42671,9b803c74b19a9d35dcd54f06a10f01277022353808249dbc97f00d99e929d97c,2026-05-20T11:29:16Z,,2026-05-07_003_tap_tests_servo_linear,,,,,,,,,,,,,,,force_window
tap-tests,Machine FRF and stability/Tap tests/2026-05-07_003_tap_tests_servo_linear/tool_linear/results/figures/time/x/2026-05-07_14-15-00_x315_y315_z60_x_xyz_tool_plastic_tip_no_lock_fs_20000_reciprocating_tap24/force_windowed.png,derived,37223,5eee7fd53a3d229acb7c071e2eb16c726e1ed5a1a2211656f2c66b7688c40709,2026-05-20T11:29:16Z,,2026-05-07_003_tap_tests_servo_linear,,,,,,,,,,,,,,,force_windowed
tap-tests,Machine FRF and stability/Tap tests/2026-05-07_003_tap_tests_servo_linear/tool_linear/results/figures/time/x/2026-05-07_14-15-00_x315_y315_z60_x_xyz_tool_plastic_tip_no_lock_fs_20000_reciprocating_tap24/response.png,derived,58715,9cf8dd4506a36e9b47beba8d7f2b98f9676067f07c351ebef814eeaf205ee9fa,2026-05-20T11:29:16Z,,2026-05-07_003_tap_tests_servo_linear,,,,,,,,,,,,,,,response
tap-tests,Machine FRF and stability/Tap tests/2026-05-07_003_tap_tests_servo_linear/tool_linear/results/figures/time/x/2026-05-07_14-15-00_x315_y315_z60_x_xyz_tool_plastic_tip_no_lock_fs_20000_reciprocating_tap24/response_detrended.png,derived,60853,a19f152505183e35f7cfa38c8afae0b71cd8cf3e6e73074d72106119a88e0736,2026-05-20T11:29:16Z,,2026-05-07_003_tap_tests_servo_linear,,,,,,,,,,,,,,,response_detrended
tap-tests,Machine FRF and stability/Tap tests/2026-05-07_003_tap_tests_servo_linear/tool_linear/results/figures/time/x/2026-05-07_14-15-00_x315_y315_z60_x_xyz_tool_plastic_tip_no_lock_fs_20000_reciprocating_tap24/response_wiener.png,derived,52827,1c8e65ccd321e76902da0c52a15993e810bbca91a2fae75726982b36e4a9232d,2026-05-20T11:29:16Z,,2026-05-07_003_tap_tests_servo_linear,,,,,,,,,,,,,,,response_wiener
tap-tests,Machine FRF and stability/Tap tests/2026-05-07_003_tap_tests_servo_linear/tool_linear/results/figures/time/x/2026-05-07_14-15-00_x315_y315_z60_x_xyz_tool_plastic_tip_no_lock_fs_20000_reciprocating_tap24/response_window.png,derived,62161,ec52e109ef82a8a78a01bccfb974edc0144cd9547e25e7bb713c3886ae40f4ca,2026-05-20T11:29:16Z,,2026-05-07_003_tap_tests_servo_linear,,,,,,,,,,,,,,,response_window
tap-tests,Machine FRF and stability/Tap tests/2026-05-07_003_tap_tests_servo_linear/tool_linear/results/figures/time/x/2026-05-07_14-15-00_x315_y315_z60_x_xyz_tool_plastic_tip_no_lock_fs_20000_reciprocating_tap24/response_windowed.png,derived,50483,e1596ac266ec608ca4def445e0d36193beb2886943ca333b8a37af99acf9c631,2026-05-20T11:29:17Z,,2026-05-07_003_tap_tests_servo_linear,,,,,,,,,,,,,,,response_windowed
tap-tests,Machine FRF and stability/Tap tests/2026-05-07_003_tap_tests_servo_linear/tool_linear/results/figures/time/x/2026-05-07_14-15-00_x315_y315_z60_x_xyz_tool_plastic_tip_no_lock_fs_20000_reciprocating_tap25/force.png,derived,46772,a17dc65ae3727274f3742afc101267c8fe384922bcd6a5a7a8982380c7ef309b,2026-05-20T11:29:19Z,,2026-05-07_003_tap_tests_servo_linear,,,,,,,,,,,,,,,force
tap-tests,Machine FRF and stability/Tap tests/2026-05-07_003_tap_tests_servo_linear/tool_linear/results/figures/time/x/2026-05-07_14-15-00_x315_y315_z60_x_xyz_tool_plastic_tip_no_lock_fs_20000_reciprocating_tap25/force_detrended.png,derived,51128,e1b064d073599a2c06bdea1c8a5e31646d2c062afe9fe10c212e27ff80308d29,2026-05-20T11:29:20Z,,2026-05-07_003_tap_tests_servo_linear,,,,,,,,,,,,,,,force_detrended
tap-tests,Machine FRF and stability/Tap tests/2026-05-07_003_tap_tests_servo_linear/tool_linear/results/figures/time/x/2026-05-07_14-15-00_x315_y315_z60_x_xyz_tool_plastic_tip_no_lock_fs_20000_reciprocating_tap25/force_window.png,derived,43322,55a4129b754e59a760d8bc162ddac02ac867b0b79089b2f474bac33a2c6995f2,2026-05-20T11:29:20Z,,2026-05-07_003_tap_tests_servo_linear,,,,,,,,,,,,,,,force_window
tap-tests,Machine FRF and stability/Tap tests/2026-05-07_003_tap_tests_servo_linear/tool_linear/results/figures/time/x/2026-05-07_14-15-00_x315_y315_z60_x_xyz_tool_plastic_tip_no_lock_fs_20000_reciprocating_tap25/force_windowed.png,derived,36508,3324bda052b1893e49c275b52b2c832279ccf156e519bd73864975bdf0bc6dbe,2026-05-20T11:29:20Z,,2026-05-07_003_tap_tests_servo_linear,,,,,,,,,,,,,,,force_windowed
tap-tests,Machine FRF and stability/Tap tests/2026-05-07_003_tap_tests_servo_linear/tool_linear/results/figures/time/x/2026-05-07_14-15-00_x315_y315_z60_x_xyz_tool_plastic_tip_no_lock_fs_20000_reciprocating_tap25/response.png,derived,56397,c532ae01513e5e3634809d8372938cb6bfd4167a53d4f52dc662009ce6a8eb50,2026-05-20T11:29:20Z,,2026-05-07_003_tap_tests_servo_linear,,,,,,,,,,,,,,,response
tap-tests,Machine FRF and stability/Tap tests/2026-05-07_003_tap_tests_servo_linear/tool_linear/results/figures/time/x/2026-05-07_14-15-00_x315_y315_z60_x_xyz_tool_plastic_tip_no_lock_fs_20000_reciprocating_tap25/response_detrended.png,derived,58699,de67d51d3f8c286a3b84140736488bfb70a6154c6b6ba52d3d183a08771e2c77,2026-05-20T11:29:20Z,,2026-05-07_003_tap_tests_servo_linear,,,,,,,,,,,,,,,response_detrended
tap-tests,Machine FRF and stability/Tap tests/2026-05-07_003_tap_tests_servo_linear/tool_linear/results/figures/time/x/2026-05-07_14-15-00_x315_y315_z60_x_xyz_tool_plastic_tip_no_lock_fs_20000_reciprocating_tap25/response_wiener.png,derived,52835,49aa1fb5828ec8fd5c60ef582378b8ec70494ebc8c6074a0fdf2c6ac735acb4c,2026-05-20T11:29:20Z,,2026-05-07_003_tap_tests_servo_linear,,,,,,,,,,,,,,,response_wiener
tap-tests,Machine FRF and stability/Tap tests/2026-05-07_003_tap_tests_servo_linear/tool_linear/results/figures/time/x/2026-05-07_14-15-00_x315_y315_z60_x_xyz_tool_plastic_tip_no_lock_fs_20000_reciprocating_tap25/response_window.png,derived,62687,cadeb31a739a16303b90a61d148298c18c4d4896870ee16a4033d1505c30146a,2026-05-20T11:29:20Z,,2026-05-07_003_tap_tests_servo_linear,,,,,,,,,,,,,,,response_window
tap-tests,Machine FRF and stability/Tap tests/2026-05-07_003_tap_tests_servo_linear/tool_linear/results/figures/time/x/2026-05-07_14-15-00_x315_y315_z60_x_xyz_tool_plastic_tip_no_lock_fs_20000_reciprocating_tap25/response_windowed.png,derived,51652,f2eea5e9a497477f765b998e589f9537ffdf5d37566c7eb854c73b2561989a73,2026-05-20T11:29:21Z,,2026-05-07_003_tap_tests_servo_linear,,,,,,,,,,,,,,,response_windowed
tap-tests,Machine FRF and stability/Tap tests/2026-05-07_003_tap_tests_servo_linear/tool_linear/results/figures/time/x/2026-05-07_14-15-00_x315_y315_z60_x_xyz_tool_plastic_tip_no_lock_fs_20000_reciprocating_tap26/force.png,derived,46622,10486a7db61ce36f4eb9d6f4e78c91436fb2d21f48f82de5aa7aa31edfdc1523,2026-05-20T11:29:24Z,,2026-05-07_003_tap_tests_servo_linear,,,,,,,,,,,,,,,force
tap-tests,Machine FRF and stability/Tap tests/2026-05-07_003_tap_tests_servo_linear/tool_linear/results/figures/time/x/2026-05-07_14-15-00_x315_y315_z60_x_xyz_tool_plastic_tip_no_lock_fs_20000_reciprocating_tap26/force_detrended.png,derived,51155,1e8e0eecf1aa95ddf73b646e29a5604d34e48670148fb745fb260cb6bf2f4867,2026-05-20T11:29:24Z,,2026-05-07_003_tap_tests_servo_linear,,,,,,,,,,,,,,,force_detrended
tap-tests,Machine FRF and stability/Tap tests/2026-05-07_003_tap_tests_servo_linear/tool_linear/results/figures/time/x/2026-05-07_14-15-00_x315_y315_z60_x_xyz_tool_plastic_tip_no_lock_fs_20000_reciprocating_tap26/force_window.png,derived,41804,40703e8f649cc1cc0bbe7f9078e8e3fb7c4e70e6a6ac19b578d76fe75cc615db,2026-05-20T11:29:24Z,,2026-05-07_003_tap_tests_servo_linear,,,,,,,,,,,,,,,force_window
tap-tests,Machine FRF and stability/Tap tests/2026-05-07_003_tap_tests_servo_linear/tool_linear/results/figures/time/x/2026-05-07_14-15-00_x315_y315_z60_x_xyz_tool_plastic_tip_no_lock_fs_20000_reciprocating_tap26/force_windowed.png,derived,35300,208a333c9887be7893494bfe2faa3e8f640ca2f92b6f3e52e423f2d09d8d5697,2026-05-20T11:29:24Z,,2026-05-07_003_tap_tests_servo_linear,,,,,,,,,,,,,,,force_windowed
tap-tests,Machine FRF and stability/Tap tests/2026-05-07_003_tap_tests_servo_linear/tool_linear/results/figures/time/x/2026-05-07_14-15-00_x315_y315_z60_x_xyz_tool_plastic_tip_no_lock_fs_20000_reciprocating_tap26/response.png,derived,55768,377cde336c17ea90b8d4b1c60ebcb9ced0e8cea9172c72e0a11c4b89c21a4a18,2026-05-20T11:29:24Z,,2026-05-07_003_tap_tests_servo_linear,,,,,,,,,,,,,,,response
tap-tests,Machine FRF and stability/Tap tests/2026-05-07_003_tap_tests_servo_linear/tool_linear/results/figures/time/x/2026-05-07_14-15-00_x315_y315_z60_x_xyz_tool_plastic_tip_no_lock_fs_20000_reciprocating_tap26/response_detrended.png,derived,56399,20b8aa0cb75355b2e9c3aa87864736f0f37188c524abadcf2b6c51cd17f0170b,2026-05-20T11:29:25Z,,2026-05-07_003_tap_tests_servo_linear,,,,,,,,,,,,,,,response_detrended
tap-tests,Machine FRF and stability/Tap tests/2026-05-07_003_tap_tests_servo_linear/tool_linear/results/figures/time/x/2026-05-07_14-15-00_x315_y315_z60_x_xyz_tool_plastic_tip_no_lock_fs_20000_reciprocating_tap26/response_wiener.png,derived,50562,f6f23e4a5af7e9c52399bfd05fa594ba687a1cadf0da26f3add1f0acd52d2f6e,2026-05-20T11:29:25Z,,2026-05-07_003_tap_tests_servo_linear,,,,,,,,,,,,,,,response_wiener
tap-tests,Machine FRF and stability/Tap tests/2026-05-07_003_tap_tests_servo_linear/tool_linear/results/figures/time/x/2026-05-07_14-15-00_x315_y315_z60_x_xyz_tool_plastic_tip_no_lock_fs_20000_reciprocating_tap26/response_window.png,derived,62750,f03d170df9ca61b647d83d9bd8a51ea3a04f0ba55f11b4d60079dfdd6e10d076,2026-05-20T11:29:25Z,,2026-05-07_003_tap_tests_servo_linear,,,,,,,,,,,,,,,response_window
tap-tests,Machine FRF and stability/Tap tests/2026-05-07_003_tap_tests_servo_linear/tool_linear/results/figures/time/x/2026-05-07_14-15-00_x315_y315_z60_x_xyz_tool_plastic_tip_no_lock_fs_20000_reciprocating_tap26/response_windowed.png,derived,48856,a7966e26b13005e600f307e574a6657a71914175fcd31bd9f0e66530c745eef8,2026-05-20T11:29:25Z,,2026-05-07_003_tap_tests_servo_linear,,,,,,,,,,,,,,,response_windowed
tap-tests,Machine FRF and stability/Tap tests/2026-05-07_003_tap_tests_servo_linear/tool_linear/results/figures/time/x/average/force.png,derived,45223,838a70fb7a519051903f79ead6a7b2644a85729bee7b770647b6777715cb0fcb,2026-05-20T11:29:28Z,,2026-05-07_003_tap_tests_servo_linear,,,,,,,,,,,,,,,force
tap-tests,Machine FRF and stability/Tap tests/2026-05-07_003_tap_tests_servo_linear/tool_linear/results/figures/time/x/average/force_detrended.png,derived,46316,1c6646427b1a24c6274df0cdab170f15dcf7e2080662969abeffa8c46feec439,2026-05-20T11:29:28Z,,2026-05-07_003_tap_tests_servo_linear,,,,,,,,,,,,,,,force_detrended
tap-tests,Machine FRF and stability/Tap tests/2026-05-07_003_tap_tests_servo_linear/tool_linear/results/figures/time/x/average/force_window.png,derived,44501,faa153f0f087ef4a05deceae1fde80b78017513c81f7b7dcaae62c6893116d2a,2026-05-20T11:29:28Z,,2026-05-07_003_tap_tests_servo_linear,,,,,,,,,,,,,,,force_window
tap-tests,Machine FRF and stability/Tap tests/2026-05-07_003_tap_tests_servo_linear/tool_linear/results/figures/time/x/average/force_windowed.png,derived,37136,31b2ea79c0b37f959f691d6a9ed9c5e66682f2e05ab1abc5d993c7f29a808c13,2026-05-20T11:29:28Z,,2026-05-07_003_tap_tests_servo_linear,,,,,,,,,,,,,,,force_windowed
tap-tests,Machine FRF and stability/Tap tests/2026-05-07_003_tap_tests_servo_linear/tool_linear/results/figures/time/x/average/response.png,derived,58669,5ba63e9c41159b83053cab8733bd57105e2f88f89ee87ae4a241c4fda749ee78,2026-05-20T11:29:28Z,,2026-05-07_003_tap_tests_servo_linear,,,,,,,,,,,,,,,response
tap-tests,Machine FRF and stability/Tap tests/2026-05-07_003_tap_tests_servo_linear/tool_linear/results/figures/time/x/average/response_detrended.png,derived,57639,bda330bea6cbc1014d97b837d217a239875126742b3b203ab234a5c52710028d,2026-05-20T11:29:29Z,,2026-05-07_003_tap_tests_servo_linear,,,,,,,,,,,,,,,response_detrended
tap-tests,Machine FRF and stability/Tap tests/2026-05-07_003_tap_tests_servo_linear/tool_linear/results/figures/time/x/average/response_wiener.png,derived,53317,ced579b49a0a0dcd8f97aee6c246f5cf102b2f0c1017288227e43b5b74b844ab,2026-05-20T11:29:29Z,,2026-05-07_003_tap_tests_servo_linear,,,,,,,,,,,,,,,response_wiener
tap-tests,Machine FRF and stability/Tap tests/2026-05-07_003_tap_tests_servo_linear/tool_linear/results/figures/time/x/average/response_window.png,derived,65936,ff42ad99b99d00dcae557032e145dbff54bf753276d60828fceb0dc7a8e44153,2026-05-20T11:29:29Z,,2026-05-07_003_tap_tests_servo_linear,,,,,,,,,,,,,,,response_window
tap-tests,Machine FRF and stability/Tap tests/2026-05-07_003_tap_tests_servo_linear/tool_linear/results/figures/time/x/average/response_windowed.png,derived,51537,c25a36d1ee57abc2b7c9d00e5246a7619f9d19c5bd0b7a19784fbf374656d763,2026-05-20T11:29:29Z,,2026-05-07_003_tap_tests_servo_linear,,,,,,,,,,,,,,,response_windowed
tap-tests,Machine FRF and stability/Tap tests/2026-05-07_003_tap_tests_servo_linear/tool_linear/results/logs/export_log.json,derived,20727,3a9c462e3a1538c280ce90c2000a8e4383cdded11095ed3cd0dbbd977f495ccc,2026-05-20T11:29:31Z,,2026-05-07_003_tap_tests_servo_linear,,,,,,,,,,,,,,,export_log
tap-tests,Machine FRF and stability/Tap tests/2026-05-07_003_tap_tests_servo_linear/tool_linear/results/tables/fft/x/2026-05-07_14-15-00_x315_y315_z60_x_xyz_tool_plastic_tip_no_lock_fs_20000_reciprocating_tap12.csv,derived,864865,5c6ebac14b538de000842b3d913227e8e1356bbbdd886782ab3c273bf61a2b3d,2026-05-20T11:28:46Z,,2026-05-07_003_tap_tests_servo_linear,,,,,,,,,,,,,12,20000,2026-05-07_14-15-00_x315_y315_z60_x_xyz_tool_plastic_tip_no_lock_fs_20000_reciprocating_tap12
tap-tests,Machine FRF and stability/Tap tests/2026-05-07_003_tap_tests_servo_linear/tool_linear/results/tables/fft/x/2026-05-07_14-15-00_x315_y315_z60_x_xyz_tool_plastic_tip_no_lock_fs_20000_reciprocating_tap13.csv,derived,865063,f7f78488ac835d024df35c3dab83bbcb7bea3ec78d00cced1e15507dc3cf87d9,2026-05-20T11:28:50Z,,2026-05-07_003_tap_tests_servo_linear,,,,,,,,,,,,,13,20000,2026-05-07_14-15-00_x315_y315_z60_x_xyz_tool_plastic_tip_no_lock_fs_20000_reciprocating_tap13
tap-tests,Machine FRF and stability/Tap tests/2026-05-07_003_tap_tests_servo_linear/tool_linear/results/tables/fft/x/2026-05-07_14-15-00_x315_y315_z60_x_xyz_tool_plastic_tip_no_lock_fs_20000_reciprocating_tap16.csv,derived,864909,2548cfc9f9b50f03ac55ff7179cb9f1db7edb400cb64653ce480250788b01953,2026-05-20T11:28:54Z,,2026-05-07_003_tap_tests_servo_linear,,,,,,,,,,,,,16,20000,2026-05-07_14-15-00_x315_y315_z60_x_xyz_tool_plastic_tip_no_lock_fs_20000_reciprocating_tap16
tap-tests,Machine FRF and stability/Tap tests/2026-05-07_003_tap_tests_servo_linear/tool_linear/results/tables/fft/x/2026-05-07_14-15-00_x315_y315_z60_x_xyz_tool_plastic_tip_no_lock_fs_20000_reciprocating_tap19.csv,derived,865231,8125ceab99c273c8ba257f7f6bebc214a6c68454835c4ca352852a72d129adce,2026-05-20T11:28:58Z,,2026-05-07_003_tap_tests_servo_linear,,,,,,,,,,,,,19,20000,2026-05-07_14-15-00_x315_y315_z60_x_xyz_tool_plastic_tip_no_lock_fs_20000_reciprocating_tap19
tap-tests,Machine FRF and stability/Tap tests/2026-05-07_003_tap_tests_servo_linear/tool_linear/results/tables/fft/x/2026-05-07_14-15-00_x315_y315_z60_x_xyz_tool_plastic_tip_no_lock_fs_20000_reciprocating_tap20.csv,derived,864936,86af27719ffc0a14cbc5991d9264c1c77dcb4deb86f0a64350d6b125780cb0a1,2026-05-20T11:29:02Z,,2026-05-07_003_tap_tests_servo_linear,,,,,,,,,,,,,20,20000,2026-05-07_14-15-00_x315_y315_z60_x_xyz_tool_plastic_tip_no_lock_fs_20000_reciprocating_tap20
tap-tests,Machine FRF and stability/Tap tests/2026-05-07_003_tap_tests_servo_linear/tool_linear/results/tables/fft/x/2026-05-07_14-15-00_x315_y315_z60_x_xyz_tool_plastic_tip_no_lock_fs_20000_reciprocating_tap21.csv,derived,864670,bc8c81905b7a59b3c645af452ddc22c0bc497d6d35213254af8b5470372cc639,2026-05-20T11:29:07Z,,2026-05-07_003_tap_tests_servo_linear,,,,,,,,,,,,,21,20000,2026-05-07_14-15-00_x315_y315_z60_x_xyz_tool_plastic_tip_no_lock_fs_20000_reciprocating_tap21
tap-tests,Machine FRF and stability/Tap tests/2026-05-07_003_tap_tests_servo_linear/tool_linear/results/tables/fft/x/2026-05-07_14-15-00_x315_y315_z60_x_xyz_tool_plastic_tip_no_lock_fs_20000_reciprocating_tap23.csv,derived,865094,aa5c71890a7b91009947080526b835607eab44c589b10c8affbbc01346b53737,2026-05-20T11:29:11Z,,2026-05-07_003_tap_tests_servo_linear,,,,,,,,,,,,,23,20000,2026-05-07_14-15-00_x315_y315_z60_x_xyz_tool_plastic_tip_no_lock_fs_20000_reciprocating_tap23
tap-tests,Machine FRF and stability/Tap tests/2026-05-07_003_tap_tests_servo_linear/tool_linear/results/tables/fft/x/2026-05-07_14-15-00_x315_y315_z60_x_xyz_tool_plastic_tip_no_lock_fs_20000_reciprocating_tap24.csv,derived,864825,44d21dd8076530ff3527d36d858abe6acba8a648ed3b366ab7e5cfc242b973c8,2026-05-20T11:29:15Z,,2026-05-07_003_tap_tests_servo_linear,,,,,,,,,,,,,24,20000,2026-05-07_14-15-00_x315_y315_z60_x_xyz_tool_plastic_tip_no_lock_fs_20000_reciprocating_tap24
tap-tests,Machine FRF and stability/Tap tests/2026-05-07_003_tap_tests_servo_linear/tool_linear/results/tables/fft/x/2026-05-07_14-15-00_x315_y315_z60_x_xyz_tool_plastic_tip_no_lock_fs_20000_reciprocating_tap25.csv,derived,864551,5b28813b5216438341e03f482b0d2222db31647351139afdd74a38a8de542553,2026-05-20T11:29:19Z,,2026-05-07_003_tap_tests_servo_linear,,,,,,,,,,,,,25,20000,2026-05-07_14-15-00_x315_y315_z60_x_xyz_tool_plastic_tip_no_lock_fs_20000_reciprocating_tap25
tap-tests,Machine FRF and stability/Tap tests/2026-05-07_003_tap_tests_servo_linear/tool_linear/results/tables/fft/x/2026-05-07_14-15-00_x315_y315_z60_x_xyz_tool_plastic_tip_no_lock_fs_20000_reciprocating_tap26.csv,derived,864512,53c2aa998c9a0e900f5999f435a1e20a99606389a6cec3f17dcae1750cbd50b0,2026-05-20T11:29:24Z,,2026-05-07_003_tap_tests_servo_linear,,,,,,,,,,,,,26,20000,2026-05-07_14-15-00_x315_y315_z60_x_xyz_tool_plastic_tip_no_lock_fs_20000_reciprocating_tap26
tap-tests,Machine FRF and stability/Tap tests/2026-05-07_003_tap_tests_servo_linear/tool_linear/results/tables/fft/x/average.csv,derived,868743,910dd56f7e5e9814e226d6d421d7bf1a9567470f3606b6c31e4b30f7b4a8ad53,2026-05-20T11:29:28Z,,2026-05-07_003_tap_tests_servo_linear,,,,,,,,,,,,,,,average
tap-tests,Machine FRF and stability/Tap tests/2026-05-07_003_tap_tests_servo_linear/tool_linear/results/tables/frequency/x/2026-05-07_14-15-00_x315_y315_z60_x_xyz_tool_plastic_tip_no_lock_fs_20000_reciprocating_tap12.csv,derived,349199,99b38f895f00b7a97458d46604f9fcb82b68271a1ef6406f882fc1c0bb2318a7,2026-05-20T11:28:45Z,,2026-05-07_003_tap_tests_servo_linear,,,,,,,,,,,,,12,20000,2026-05-07_14-15-00_x315_y315_z60_x_xyz_tool_plastic_tip_no_lock_fs_20000_reciprocating_tap12
tap-tests,Machine FRF and stability/Tap tests/2026-05-07_003_tap_tests_servo_linear/tool_linear/results/tables/frequency/x/2026-05-07_14-15-00_x315_y315_z60_x_xyz_tool_plastic_tip_no_lock_fs_20000_reciprocating_tap13.csv,derived,349622,05de363ffbad740b2a76b9100858ccdbec795c7861aaf2bb8e3897310a5a2a80,2026-05-20T11:28:50Z,,2026-05-07_003_tap_tests_servo_linear,,,,,,,,,,,,,13,20000,2026-05-07_14-15-00_x315_y315_z60_x_xyz_tool_plastic_tip_no_lock_fs_20000_reciprocating_tap13
tap-tests,Machine FRF and stability/Tap tests/2026-05-07_003_tap_tests_servo_linear/tool_linear/results/tables/frequency/x/2026-05-07_14-15-00_x315_y315_z60_x_xyz_tool_plastic_tip_no_lock_fs_20000_reciprocating_tap16.csv,derived,349605,3ea20937b8c036d5380c3dd43cc731305fca3a6e25c9f7c6d4f77a6a681e7927,2026-05-20T11:28:54Z,,2026-05-07_003_tap_tests_servo_linear,,,,,,,,,,,,,16,20000,2026-05-07_14-15-00_x315_y315_z60_x_xyz_tool_plastic_tip_no_lock_fs_20000_reciprocating_tap16
tap-tests,Machine FRF and stability/Tap tests/2026-05-07_003_tap_tests_servo_linear/tool_linear/results/tables/frequency/x/2026-05-07_14-15-00_x315_y315_z60_x_xyz_tool_plastic_tip_no_lock_fs_20000_reciprocating_tap19.csv,derived,349904,c85171a4f9169ab710eac0d114a239438dabc0b616e026edb6d4d99215fbe85d,2026-05-20T11:28:58Z,,2026-05-07_003_tap_tests_servo_linear,,,,,,,,,,,,,19,20000,2026-05-07_14-15-00_x315_y315_z60_x_xyz_tool_plastic_tip_no_lock_fs_20000_reciprocating_tap19
tap-tests,Machine FRF and stability/Tap tests/2026-05-07_003_tap_tests_servo_linear/tool_linear/results/tables/frequency/x/2026-05-07_14-15-00_x315_y315_z60_x_xyz_tool_plastic_tip_no_lock_fs_20000_reciprocating_tap20.csv,derived,350192,a886e8c7901a78e522a7e0bb20154b1d06e74a89ab6d322a5a4527b3ebdcaadb,2026-05-20T11:29:02Z,,2026-05-07_003_tap_tests_servo_linear,,,,,,,,,,,,,20,20000,2026-05-07_14-15-00_x315_y315_z60_x_xyz_tool_plastic_tip_no_lock_fs_20000_reciprocating_tap20
tap-tests,Machine FRF and stability/Tap tests/2026-05-07_003_tap_tests_servo_linear/tool_linear/results/tables/frequency/x/2026-05-07_14-15-00_x315_y315_z60_x_xyz_tool_plastic_tip_no_lock_fs_20000_reciprocating_tap21.csv,derived,349636,0dd89555ce90c4bd3046bb0011f613571dc15c70cabe4789d1944c0d9e3a75bd,2026-05-20T11:29:07Z,,2026-05-07_003_tap_tests_servo_linear,,,,,,,,,,,,,21,20000,2026-05-07_14-15-00_x315_y315_z60_x_xyz_tool_plastic_tip_no_lock_fs_20000_reciprocating_tap21
tap-tests,Machine FRF and stability/Tap tests/2026-05-07_003_tap_tests_servo_linear/tool_linear/results/tables/frequency/x/2026-05-07_14-15-00_x315_y315_z60_x_xyz_tool_plastic_tip_no_lock_fs_20000_reciprocating_tap23.csv,derived,350165,4ca627161ead69f0791643eb81af483de2b592886be7fb039a8f60f32a5a1197,2026-05-20T11:29:11Z,,2026-05-07_003_tap_tests_servo_linear,,,,,,,,,,,,,23,20000,2026-05-07_14-15-00_x315_y315_z60_x_xyz_tool_plastic_tip_no_lock_fs_20000_reciprocating_tap23
tap-tests,Machine FRF and stability/Tap tests/2026-05-07_003_tap_tests_servo_linear/tool_linear/results/tables/frequency/x/2026-05-07_14-15-00_x315_y315_z60_x_xyz_tool_plastic_tip_no_lock_fs_20000_reciprocating_tap24.csv,derived,350291,c054fefefdf3fabcfcfc6e85cfb0fa28dc90ac97e87fbae03b977be8eecd0ff4,2026-05-20T11:29:15Z,,2026-05-07_003_tap_tests_servo_linear,,,,,,,,,,,,,24,20000,2026-05-07_14-15-00_x315_y315_z60_x_xyz_tool_plastic_tip_no_lock_fs_20000_reciprocating_tap24
tap-tests,Machine FRF and stability/Tap tests/2026-05-07_003_tap_tests_servo_linear/tool_linear/results/tables/frequency/x/2026-05-07_14-15-00_x315_y315_z60_x_xyz_tool_plastic_tip_no_lock_fs_20000_reciprocating_tap25.csv,derived,350181,0705afdfbc06185c781882ad006e4f5e694642fa47061a1286a8b4863baa1532,2026-05-20T11:29:19Z,,2026-05-07_003_tap_tests_servo_linear,,,,,,,,,,,,,25,20000,2026-05-07_14-15-00_x315_y315_z60_x_xyz_tool_plastic_tip_no_lock_fs_20000_reciprocating_tap25
tap-tests,Machine FRF and stability/Tap tests/2026-05-07_003_tap_tests_servo_linear/tool_linear/results/tables/frequency/x/2026-05-07_14-15-00_x315_y315_z60_x_xyz_tool_plastic_tip_no_lock_fs_20000_reciprocating_tap26.csv,derived,348486,fd29006278ea3fb11d838f91a07d3cfb62528d95af70af7a40c505044bb27910,2026-05-20T11:29:24Z,,2026-05-07_003_tap_tests_servo_linear,,,,,,,,,,,,,26,20000,2026-05-07_14-15-00_x315_y315_z60_x_xyz_tool_plastic_tip_no_lock_fs_20000_reciprocating_tap26
tap-tests,Machine FRF and stability/Tap tests/2026-05-07_003_tap_tests_servo_linear/tool_linear/results/tables/frequency/x/average.csv,derived,351769,c92f1763ad7696eaf2ab61020f059006c9bafaa4c5ec1b4d85d1b4b2c6b38fe8,2026-05-20T11:29:28Z,,2026-05-07_003_tap_tests_servo_linear,,,,,,,,,,,,,,,average
tap-tests,Machine FRF and stability/Tap tests/2026-05-07_003_tap_tests_servo_linear/tool_linear/results/tables/raw/x/2026-05-07_14-15-00_x315_y315_z60_x_xyz_tool_plastic_tip_no_lock_fs_20000_reciprocating_tap12.csv,derived,349712,c596f6fb41317aff073c22ac21a91350d31a2cc9eb947431c62b93a928b0fb89,2026-05-20T11:28:46Z,,2026-05-07_003_tap_tests_servo_linear,,,,,,,,,,,,,12,20000,2026-05-07_14-15-00_x315_y315_z60_x_xyz_tool_plastic_tip_no_lock_fs_20000_reciprocating_tap12
tap-tests,Machine FRF and stability/Tap tests/2026-05-07_003_tap_tests_servo_linear/tool_linear/results/tables/raw/x/2026-05-07_14-15-00_x315_y315_z60_x_xyz_tool_plastic_tip_no_lock_fs_20000_reciprocating_tap13.csv,derived,349511,d1e43ef125a8362279a2ad34d0f29fdb8e4b407b7aa93aff1607c6fbd944a8ea,2026-05-20T11:28:50Z,,2026-05-07_003_tap_tests_servo_linear,,,,,,,,,,,,,13,20000,2026-05-07_14-15-00_x315_y315_z60_x_xyz_tool_plastic_tip_no_lock_fs_20000_reciprocating_tap13
tap-tests,Machine FRF and stability/Tap tests/2026-05-07_003_tap_tests_servo_linear/tool_linear/results/tables/raw/x/2026-05-07_14-15-00_x315_y315_z60_x_xyz_tool_plastic_tip_no_lock_fs_20000_reciprocating_tap16.csv,derived,349460,ff6ceae1e0adcdc2543e0d856b906ff62da74a37378a956120e0d89161085fa7,2026-05-20T11:28:54Z,,2026-05-07_003_tap_tests_servo_linear,,,,,,,,,,,,,16,20000,2026-05-07_14-15-00_x315_y315_z60_x_xyz_tool_plastic_tip_no_lock_fs_20000_reciprocating_tap16
tap-tests,Machine FRF and stability/Tap tests/2026-05-07_003_tap_tests_servo_linear/tool_linear/results/tables/raw/x/2026-05-07_14-15-00_x315_y315_z60_x_xyz_tool_plastic_tip_no_lock_fs_20000_reciprocating_tap19.csv,derived,349569,f4f7d176879604bce87dec40a684369c9d66ab5b0a69d3bdc8f8045f91f2af09,2026-05-20T11:28:58Z,,2026-05-07_003_tap_tests_servo_linear,,,,,,,,,,,,,19,20000,2026-05-07_14-15-00_x315_y315_z60_x_xyz_tool_plastic_tip_no_lock_fs_20000_reciprocating_tap19
tap-tests,Machine FRF and stability/Tap tests/2026-05-07_003_tap_tests_servo_linear/tool_linear/results/tables/raw/x/2026-05-07_14-15-00_x315_y315_z60_x_xyz_tool_plastic_tip_no_lock_fs_20000_reciprocating_tap20.csv,derived,349597,47916ad6ab95f8ad478d6bc8caa41131b842c78b35c7fd5ea98698295a89f7ea,2026-05-20T11:29:02Z,,2026-05-07_003_tap_tests_servo_linear,,,,,,,,,,,,,20,20000,2026-05-07_14-15-00_x315_y315_z60_x_xyz_tool_plastic_tip_no_lock_fs_20000_reciprocating_tap20
tap-tests,Machine FRF and stability/Tap tests/2026-05-07_003_tap_tests_servo_linear/tool_linear/results/tables/raw/x/2026-05-07_14-15-00_x315_y315_z60_x_xyz_tool_plastic_tip_no_lock_fs_20000_reciprocating_tap21.csv,derived,349650,d9e0e9b585d7fb099bbace6439a13ea5d4a75258c2b3cb29dc0bfa416d653e73,2026-05-20T11:29:07Z,,2026-05-07_003_tap_tests_servo_linear,,,,,,,,,,,,,21,20000,2026-05-07_14-15-00_x315_y315_z60_x_xyz_tool_plastic_tip_no_lock_fs_20000_reciprocating_tap21
tap-tests,Machine FRF and stability/Tap tests/2026-05-07_003_tap_tests_servo_linear/tool_linear/results/tables/raw/x/2026-05-07_14-15-00_x315_y315_z60_x_xyz_tool_plastic_tip_no_lock_fs_20000_reciprocating_tap23.csv,derived,349676,46561ba7d9073aea43ad119f3bdd47e71873806aefef9f32c0610a9250f90cc2,2026-05-20T11:29:11Z,,2026-05-07_003_tap_tests_servo_linear,,,,,,,,,,,,,23,20000,2026-05-07_14-15-00_x315_y315_z60_x_xyz_tool_plastic_tip_no_lock_fs_20000_reciprocating_tap23
tap-tests,Machine FRF and stability/Tap tests/2026-05-07_003_tap_tests_servo_linear/tool_linear/results/tables/raw/x/2026-05-07_14-15-00_x315_y315_z60_x_xyz_tool_plastic_tip_no_lock_fs_20000_reciprocating_tap24.csv,derived,349640,0459ffeece6c7e093d0041d3264350731015651d68e45b17566812e692ac8195,2026-05-20T11:29:15Z,,2026-05-07_003_tap_tests_servo_linear,,,,,,,,,,,,,24,20000,2026-05-07_14-15-00_x315_y315_z60_x_xyz_tool_plastic_tip_no_lock_fs_20000_reciprocating_tap24
tap-tests,Machine FRF and stability/Tap tests/2026-05-07_003_tap_tests_servo_linear/tool_linear/results/tables/raw/x/2026-05-07_14-15-00_x315_y315_z60_x_xyz_tool_plastic_tip_no_lock_fs_20000_reciprocating_tap25.csv,derived,349591,9f080da221d5f8e8ecfdfa7cb74305c321a0587c34c9f987fd59486695d347dd,2026-05-20T11:29:19Z,,2026-05-07_003_tap_tests_servo_linear,,,,,,,,,,,,,25,20000,2026-05-07_14-15-00_x315_y315_z60_x_xyz_tool_plastic_tip_no_lock_fs_20000_reciprocating_tap25
tap-tests,Machine FRF and stability/Tap tests/2026-05-07_003_tap_tests_servo_linear/tool_linear/results/tables/raw/x/2026-05-07_14-15-00_x315_y315_z60_x_xyz_tool_plastic_tip_no_lock_fs_20000_reciprocating_tap26.csv,derived,349518,0628f0a844a58933b4ed53ad0156398ef9e3bf47fbac8f8b2336a0584de439d8,2026-05-20T11:29:24Z,,2026-05-07_003_tap_tests_servo_linear,,,,,,,,,,,,,26,20000,2026-05-07_14-15-00_x315_y315_z60_x_xyz_tool_plastic_tip_no_lock_fs_20000_reciprocating_tap26
tap-tests,Machine FRF and stability/Tap tests/2026-05-07_003_tap_tests_servo_linear/tool_linear/results/tables/time/x/2026-05-07_14-15-00_x315_y315_z60_x_xyz_tool_plastic_tip_no_lock_fs_20000_reciprocating_tap12.csv,derived,715527,a7f386ce03c453597323939f358d679dc914a8575683cc7eb5cd5b0641995f32,2026-05-20T11:28:45Z,,2026-05-07_003_tap_tests_servo_linear,,,,,,,,,,,,,12,20000,2026-05-07_14-15-00_x315_y315_z60_x_xyz_tool_plastic_tip_no_lock_fs_20000_reciprocating_tap12
tap-tests,Machine FRF and stability/Tap tests/2026-05-07_003_tap_tests_servo_linear/tool_linear/results/tables/time/x/2026-05-07_14-15-00_x315_y315_z60_x_xyz_tool_plastic_tip_no_lock_fs_20000_reciprocating_tap13.csv,derived,716425,90fbf113f265aa5b3b090b42322412ed09b88caffe1f47894276bb84ae94ba02,2026-05-20T11:28:50Z,,2026-05-07_003_tap_tests_servo_linear,,,,,,,,,,,,,13,20000,2026-05-07_14-15-00_x315_y315_z60_x_xyz_tool_plastic_tip_no_lock_fs_20000_reciprocating_tap13
tap-tests,Machine FRF and stability/Tap tests/2026-05-07_003_tap_tests_servo_linear/tool_linear/results/tables/time/x/2026-05-07_14-15-00_x315_y315_z60_x_xyz_tool_plastic_tip_no_lock_fs_20000_reciprocating_tap16.csv,derived,715140,1b18555d9b0c87999b01c6c9c914e750ac2e3e2b32c9fc32e1edbf2ff8bcc8d7,2026-05-20T11:28:54Z,,2026-05-07_003_tap_tests_servo_linear,,,,,,,,,,,,,16,20000,2026-05-07_14-15-00_x315_y315_z60_x_xyz_tool_plastic_tip_no_lock_fs_20000_reciprocating_tap16
tap-tests,Machine FRF and stability/Tap tests/2026-05-07_003_tap_tests_servo_linear/tool_linear/results/tables/time/x/2026-05-07_14-15-00_x315_y315_z60_x_xyz_tool_plastic_tip_no_lock_fs_20000_reciprocating_tap19.csv,derived,715654,12fadfe0c3bc612129180c8ea5f25a762f870928c098d8db09209d57b5930755,2026-05-20T11:28:58Z,,2026-05-07_003_tap_tests_servo_linear,,,,,,,,,,,,,19,20000,2026-05-07_14-15-00_x315_y315_z60_x_xyz_tool_plastic_tip_no_lock_fs_20000_reciprocating_tap19
tap-tests,Machine FRF and stability/Tap tests/2026-05-07_003_tap_tests_servo_linear/tool_linear/results/tables/time/x/2026-05-07_14-15-00_x315_y315_z60_x_xyz_tool_plastic_tip_no_lock_fs_20000_reciprocating_tap20.csv,derived,714837,e1ddf72913b08ae2a2a67e4d16d5ee42361c543b4f2183c5d3fa7a5cd48c3cff,2026-05-20T11:29:02Z,,2026-05-07_003_tap_tests_servo_linear,,,,,,,,,,,,,20,20000,2026-05-07_14-15-00_x315_y315_z60_x_xyz_tool_plastic_tip_no_lock_fs_20000_reciprocating_tap20
tap-tests,Machine FRF and stability/Tap tests/2026-05-07_003_tap_tests_servo_linear/tool_linear/results/tables/time/x/2026-05-07_14-15-00_x315_y315_z60_x_xyz_tool_plastic_tip_no_lock_fs_20000_reciprocating_tap21.csv,derived,716837,e62b96a48f66010183ef74fe80dd09458c8747f4aa00e081b2315c991a76bc61,2026-05-20T11:29:07Z,,2026-05-07_003_tap_tests_servo_linear,,,,,,,,,,,,,21,20000,2026-05-07_14-15-00_x315_y315_z60_x_xyz_tool_plastic_tip_no_lock_fs_20000_reciprocating_tap21
tap-tests,Machine FRF and stability/Tap tests/2026-05-07_003_tap_tests_servo_linear/tool_linear/results/tables/time/x/2026-05-07_14-15-00_x315_y315_z60_x_xyz_tool_plastic_tip_no_lock_fs_20000_reciprocating_tap23.csv,derived,716885,0ad0ccc2d6f7e7dceb40a2ffe57735d3c7b5cbe8b46bbba5a62da9ff214d0c17,2026-05-20T11:29:11Z,,2026-05-07_003_tap_tests_servo_linear,,,,,,,,,,,,,23,20000,2026-05-07_14-15-00_x315_y315_z60_x_xyz_tool_plastic_tip_no_lock_fs_20000_reciprocating_tap23
tap-tests,Machine FRF and stability/Tap tests/2026-05-07_003_tap_tests_servo_linear/tool_linear/results/tables/time/x/2026-05-07_14-15-00_x315_y315_z60_x_xyz_tool_plastic_tip_no_lock_fs_20000_reciprocating_tap24.csv,derived,716915,55b96d31eb01784fca1caf8f974f56e63b353e40efc4305864dd26959a8c55d9,2026-05-20T11:29:15Z,,2026-05-07_003_tap_tests_servo_linear,,,,,,,,,,,,,24,20000,2026-05-07_14-15-00_x315_y315_z60_x_xyz_tool_plastic_tip_no_lock_fs_20000_reciprocating_tap24
tap-tests,Machine FRF and stability/Tap tests/2026-05-07_003_tap_tests_servo_linear/tool_linear/results/tables/time/x/2026-05-07_14-15-00_x315_y315_z60_x_xyz_tool_plastic_tip_no_lock_fs_20000_reciprocating_tap25.csv,derived,716525,658ad899f76061a10d07f74933fcc68b13a15c82bc6ba30b2ec92113f226ad77,2026-05-20T11:29:19Z,,2026-05-07_003_tap_tests_servo_linear,,,,,,,,,,,,,25,20000,2026-05-07_14-15-00_x315_y315_z60_x_xyz_tool_plastic_tip_no_lock_fs_20000_reciprocating_tap25
tap-tests,Machine FRF and stability/Tap tests/2026-05-07_003_tap_tests_servo_linear/tool_linear/results/tables/time/x/2026-05-07_14-15-00_x315_y315_z60_x_xyz_tool_plastic_tip_no_lock_fs_20000_reciprocating_tap26.csv,derived,716870,1a727bac3429a512d5c0f16243137dd205129b2292f770e9488dbe1b454cca4c,2026-05-20T11:29:23Z,,2026-05-07_003_tap_tests_servo_linear,,,,,,,,,,,,,26,20000,2026-05-07_14-15-00_x315_y315_z60_x_xyz_tool_plastic_tip_no_lock_fs_20000_reciprocating_tap26
tap-tests,Machine FRF and stability/Tap tests/2026-05-07_003_tap_tests_servo_linear/tool_linear/results/tables/time/x/average.csv,derived,763442,54a1e185a95b4b16ef6ae703a88723dc7eaf005c9f69f5f56f503d61f16cdd24,2026-05-20T11:29:27Z,,2026-05-07_003_tap_tests_servo_linear,,,,,,,,,,,,,,,average
tap-tests,Machine FRF and stability/Tap tests/results/spindle_bode.csv,derived,166995,f6f26ab0a409648a7ba6c0b701251dac7df75546fc5abce1f80b1423e328d1a9,2026-05-20T11:19:06Z,,,,,,,,,,,,,,,,,spindle_bode
tap-tests,Machine FRF and stability/Tap tests/results/spindle_bode.png,derived,337351,5ac6427f27a3289b79e9ff6fe347f4fd3cbd0035694803baaae6322a80956e2d,2026-05-20T11:18:16Z,,,,,,,,,,,,,,,,,spindle_bode
tap-tests,Machine FRF and stability/Tap tests/results/spindle_real.csv,derived,96345,594b5d3aa282d911d4fb062855c436f1841b03a200961b2e0ddd769df1212f68,2026-05-20T11:18:44Z,,,,,,,,,,,,,,,,,spindle_real
tap-tests,Machine FRF and stability/Tap tests/results/spindle_real.png,derived,181741,a11bc81234c831a37e138f28094fd35f78f6aea1540d8ce6f9dfd6faf5212d26,2026-05-20T11:18:31Z,,,,,,,,,,,,,,,,,spindle_real
tap-tests,Machine FRF and stability/Tap tests/results/tool_bode.csv,derived,165087,35e830c5f0c60580f993d256da9f0d774a3a4273166acf6b43edc8e57f4a496c,2026-05-20T11:32:03Z,,,,,,,,,,,,,,,,,tool_bode
tap-tests,Machine FRF and stability/Tap tests/results/tool_bode.png,derived,343394,b39463c99bbfd88a903196295e36dafb946cfde8841277ec150ff7d2ee7477d4,2026-05-20T11:32:40Z,,,,,,,,,,,,,,,,,tool_bode
tap-tests,Machine FRF and stability/Tap tests/results/tool_real.csv,derived,96461,6fd0e9e3915572ba9777e062e56a7467b2d2de02fbe848ca4c5cbff4c50383c4,2026-05-20T11:32:18Z,,,,,,,,,,,,,,,,,tool_real
tap-tests,Machine FRF and stability/Tap tests/results/tool_real.png,derived,178193,27414ef6072c558839500984532fd22d288223f6dbbc50ed80e7c3add10da2fa,2026-05-20T11:32:31Z,,,,,,,,,,,,,,,,,tool_real
odrive-setup,Odrive setup/noise_motor_accelerometers_1.WDH,raw,3201172,0ed52fc62738fa6bbd1ab6a548c0e5edee88e3219f0d8561cec8fc96400c103b,2026-08-21T14:56:40Z,,,,,,,,,,,,,,,,,noise_motor_accelerometers_1
odrive-setup,Odrive setup/Torque mode and CAN.txt,other,1812,0ff8e37375bfd4d970a8103cd60cc811a8872487af54900cefcf93523332b559,2026-01-09T09:09:59Z,,,,,,,,,,,,,,,,,Torque mode and CAN
system-identification,System identification/input waveforms/impulse_sample1001_1.0Nm_fs_8000.0Hz_N2000.csv,derived,68204,19d99e5015268de54cfb861d4a2b5e236b6feb66b80fe597b42280e74b514229,2026-04-03T08:24:58Z,,,,,,,,,,,,,,,,8000,impulse_sample1001_1.0Nm_fs_8000.0Hz_N2000
system-identification,System identification/input waveforms/multisine_20.0-800.0Hz_fs_8000.0Hz_df_1.0Hz_N400.csv,derived,14565,d6f43db213290b08f47b0047d16d8a2729fff12797bf0d08466a16064bcc1be0,2026-03-25T15:18:54Z,,,,,,,,,,,,,,,,8000,multisine_20.0-800.0Hz_fs_8000.0Hz_df_1.0Hz_N400
system-identification,System identification/input waveforms/multisine_20.0-800.0Hz_fs_8000.0Hz_df_4.0Hz_N2000.csv,derived,71424,55246fa8779f9817a63ed14f6d11ed740c31cfc3b66b435358d9b58dc280147d,2026-03-27T11:02:46Z,,,,,,,,,,,,,,,,8000,multisine_20.0-800.0Hz_fs_8000.0Hz_df_4.0Hz_N2000
system-identification,System identification/input waveforms/multisine_4.0-800.0Hz_fs_8000.0Hz_df_1.0Hz_N2000.csv,derived,71222,e88439e02ffd9b27a8a571f1a88052dde9b3850f4d54bc1fe03763b1171ce642,2026-03-06T14:34:27Z,,,,,,,,,,,,,,,,8000,multisine_4.0-800.0Hz_fs_8000.0Hz_df_1.0Hz_N2000
system-identification,System identification/input waveforms/multisine_50.0-800.0Hz_fs_8000.0Hz_df_1.0Hz_N160.csv,derived,6054,9cb1effe86492089267c6a0640c7cb9d216dee3813224951893591dbbba8fc38,2026-03-26T10:19:44Z,,,,,,,,,,,,,,,,8000,multisine_50.0-800.0Hz_fs_8000.0Hz_df_1.0Hz_N160
system-identification,System identification/input waveforms/multisine_50.0-800.0Hz_fs_8000.0Hz_df_4.0Hz_N2000.csv,derived,71421,eba1d512dde67595b1392b37b6eee71f2f5fb7c7adec640ea0e089d900f9ea9d,2026-03-27T11:01:27Z,,,,,,,,,,,,,,,,8000,multisine_50.0-800.0Hz_fs_8000.0Hz_df_4.0Hz_N2000
system-identification,System identification/input waveforms/prbs_1.0Nm_fs_8000.0Hz_N2000.csv,derived,69220,74c2f1221ac16b99045815903e0625ec370c04347dcbcc41bde0e3847bdaa4d1,2026-04-03T08:17:09Z,,,,,,,,,,,,,,,,8000,prbs_1.0Nm_fs_8000.0Hz_N2000
system-identification,System identification/input waveforms/prbs_fswitch_1000.0Hz_1.0Nm_fs_8000.0Hz_N2000.csv,derived,69169,f6e514d00f7217ff2eace6d41b48e47877f31663f67529bc3d75e5da8b377ca6,2026-04-03T08:24:36Z,,,,,,,,,,,,,,,,8000,prbs_fswitch_1000.0Hz_1.0Nm_fs_8000.0Hz_N2000
system-identification,System identification/input waveforms/pulse_sample1001_8samp_1.0Nm_fs_8000.0Hz_N2000.csv,derived,68305,522b7891cf0df387c5ec02aed96400e4548c08dfa2f013ad1a87979cd234960f,2026-04-03T08:31:09Z,,,,,,,,,,,,,,,,8000,pulse_sample1001_8samp_1.0Nm_fs_8000.0Hz_N2000
system-identification,System identification/input waveforms/sine_0.2Hz_0.5Nm_fs_400.0Hz_N2000.csv,derived,69158,4ce917100aae9d24fdfb4c4cf3b40a2c1301bab5cbb1634c67603e37158cb00c,2026-03-31T09:30:47Z,,,,,,,,,,,,,,,,400,sine_0.2Hz_0.5Nm_fs_400.0Hz_N2000
system-identification,System identification/input waveforms/sine_400.0Hz_1.0Nm_fs_8000.0Hz_N2000.csv,derived,69164,935a0ee793603419559fcac0c6dc61d517f9b76be9ca2260b13775c8381089cb,2026-03-31T12:20:49Z,,,,,,,,,,,,,,,,8000,sine_400.0Hz_1.0Nm_fs_8000.0Hz_N2000
system-identification,System identification/input waveforms/sine_50.0Hz_1.0Nm_fs_400.0Hz_N2000.csv,derived,69156,3d83540a00271aba120dd31feba37174a2e03e3fbc397c22228f87efa1a0ca0e,2026-03-31T09:54:42Z,,,,,,,,,,,,,,,,400,sine_50.0Hz_1.0Nm_fs_400.0Hz_N2000
system-identification,System identification/input waveforms/sine_50.0Hz_1.0Nm_fs_8000.0Hz_N1600.csv,derived,55365,dd88c138c1661421171fd103f79a924b13e324abc79d0cbe12867f648a551d87,2026-03-31T11:02:06Z,,,,,,,,,,,,,,,,8000,sine_50.0Hz_1.0Nm_fs_8000.0Hz_N1600
system-identification,System identification/input waveforms/tf_torque_pos_20260206_160229.csv,derived,839,cf15f32e2bb3cef9e37ac466828366df44081497b04554871efcff7fd63fcec2,2026-02-06T15:02:42Z,,,,,,,,,,,,,,,,,tf_torque_pos_20260206_160229
system-identification,System identification/input waveforms/tf_torque_pos_20260206_161644.csv,derived,7830,6cda945571a34373b09a9b28efc94786b3cae08e800a1724bc4cb507526400f0,2026-02-06T15:30:05Z,,,,,,,,,,,,,,,,,tf_torque_pos_20260206_161644
system-identification,System identification/input waveforms/tf_torque_pos_20260209_111451.csv,derived,303,e465b0f89a63fe788d3ca532a2c081d63eaefe8342a94521ab095901d1e760df,2026-02-09T10:14:54Z,,,,,,,,,,,,,,,,,tf_torque_pos_20260209_111451
system-identification,System identification/test_adc_bit_resolution.WDH,raw,1266836,124fcd0619eeba1324a0601d5b1b8a5080fb17db32949d6d39c8ac5b190f1b56,2026-03-31T11:54:35Z,,,,,,,,,,,,,,,,,test_adc_bit_resolution
system-identification,System identification/test_adc_bit_resolution2.WDH,raw,1158292,ef125a8f4b4db385f06d72db2841a025e16bdf3f60c5831edc73823b9179cef2,2026-03-31T11:56:27Z,,,,,,,,,,,,,,,,,test_adc_bit_resolution2
system-identification,System identification/test_sine_wave_50Hz.WDH,raw,2610324,7edd16153717a755c5d550c8dec8a14205c844fdc0b6a4ae6c3b6f707df84846,2026-04-01T07:14:59Z,,,,,,,,,,,,,,,,,test_sine_wave_50Hz
system-identification,System identification/test_sine_wave_50Hz_fixed_spring_2.WDH,raw,4115604,fdc4f9180bbf482ebf93befb53fafe3a5514ae9c1db647dfa8eb655fcc3ed549,2026-04-01T14:01:07Z,,,,,,,,,,,,,,,,,test_sine_wave_50Hz_fixed_spring_2
system-identification,System identification/test_sine_wave_80Hz_0.5Nm_fixed_spring.WDH,raw,3531924,705e1130c4df5cda4373375d3d548bd07b1e9144c93c9782806367b4d6916219,2026-04-01T14:05:32Z,,,,,,,,,,,,,,,,,test_sine_wave_80Hz_0.5Nm_fixed_spring
system-identification,System identification/test_sine_wave_80Hz_0.5Nm_fixed_spring_recalibrate.WDH,raw,3955860,eefdbce04b78dce1d83ab6ea38b3857cb8a34952b6f2bc5c111a294783c95aaa,2026-04-01T14:10:53Z,,,,,,,,,,,,,,,,,test_sine_wave_80Hz_0.5Nm_fixed_spring_recalibrate
