2025-12-08 14:34:45,977 [INFO] Activator:176 - 


2025-12-08 14:34:45,978 [INFO] Activator:177 - !SESSION log4j initialized
2025-12-08 14:34:48,448 [INFO] LogOutputStream:77 - [STDOUT_REDIRECT] 
2025-12-08 14:34:50,206 [INFO] ApplicationProperties:184 - Using Application install path: C:\ST\STM32CubeIDE_1.19.0\STM32CubeIDE\plugins\com.st.stm32cube.common.mx_6.15.0.202507011659
2025-12-08 14:34:50,225 [INFO] DbMcusXml:78 - Set database path to: C:\ST\STM32CubeIDE_1.19.0\STM32CubeIDE\plugins\com.st.stm32cube.common.mx_6.15.0.202507011659\\db\/mcu/
2025-12-08 14:34:50,225 [INFO] ApiDb:274 - Set plugin database path to: C:\ST\STM32CubeIDE_1.19.0\STM32CubeIDE\plugins\com.st.stm32cube.common.mx_6.15.0.202507011659\\db\/plugins/boardmanager/
2025-12-08 14:34:50,226 [WARN] ApiDb:259 - Overriding images path with different value:  => C:\ST\STM32CubeIDE_1.19.0\STM32CubeIDE\plugins\com.st.stm32cube.common.mx_6.15.0.202507011659\\db\/plugins/mcufinder/images/
2025-12-08 14:34:50,234 [INFO] ApiDb:250 - Set database path to: C:\Users\niels\.stmcufinder\plugins\mcufinder//mcu/
2025-12-08 14:34:50,235 [INFO] DbMcusAds:125 - Set database path to: C:\Users\niels\.stmcufinder\plugins\mcufinder//mcu/
2025-12-08 14:34:50,237 [INFO] CrossReferenceDbSqlite:203 - Set database path to: C:\Users\niels\.stmcufinder\plugins\mcufinder//mcu/cs/
2025-12-08 14:34:50,352 [INFO] RulesReader:64 - Compatibility file has been processed (317 Rules)
2025-12-08 14:34:50,453 [INFO] DbMcusXml:78 - Set database path to: C:\ST\STM32CubeIDE_1.19.0\STM32CubeIDE\plugins\com.st.stm32cube.common.mx_6.15.0.202507011659\\db\/mcu/
2025-12-08 14:34:50,453 [INFO] ApiDb:274 - Set plugin database path to: C:\ST\STM32CubeIDE_1.19.0\STM32CubeIDE\plugins\com.st.stm32cube.common.mx_6.15.0.202507011659\\db\/plugins/boardmanager/
2025-12-08 14:34:50,453 [INFO] ApiDb:261 - Set plugin images path to: C:\ST\STM32CubeIDE_1.19.0\STM32CubeIDE\plugins\com.st.stm32cube.common.mx_6.15.0.202507011659\\db\/plugins/mcufinder/images/
2025-12-08 14:34:50,453 [WARN] DbFile:41 - Overriding database path with different value: C:\Users\niels\.stmcufinder\plugins\mcufinder/ => C:\Users\niels\.stmcufinder\plugins\mcufinder
2025-12-08 14:34:50,453 [INFO] ApiDb:250 - Set database path to: C:\Users\niels\.stmcufinder\plugins\mcufinder//mcu/
2025-12-08 14:34:50,453 [WARN] DbFile:41 - Overriding database path with different value: C:\Users\niels\.stmcufinder\plugins\mcufinder/ => C:\Users\niels\.stmcufinder\plugins\mcufinder
2025-12-08 14:34:50,453 [INFO] DbMcusAds:125 - Set database path to: C:\Users\niels\.stmcufinder\plugins\mcufinder//mcu/
2025-12-08 14:34:50,454 [WARN] DbFile:41 - Overriding database path with different value: C:\Users\niels\.stmcufinder\plugins\mcufinder/ => C:\Users\niels\.stmcufinder\plugins\mcufinder
2025-12-08 14:34:50,454 [WARN] DbFile:41 - Overriding database path with different value: C:\Users\niels\.stmcufinder\plugins\mcufinder/ => C:\Users\niels\.stmcufinder\plugins\mcufinder
2025-12-08 14:34:50,454 [INFO] CrossReferenceDbSqlite:203 - Set database path to: C:\Users\niels\.stmcufinder\plugins\mcufinder//mcu/cs/
2025-12-08 14:34:50,532 [INFO] MainPanel:274 - HeapMemory: 268435456
2025-12-08 14:34:50,653 [INFO] DbMcusXml:78 - Set database path to: C:\ST\STM32CubeIDE_1.19.0\STM32CubeIDE\plugins\com.st.stm32cube.common.mx_6.15.0.202507011659\\db\/mcu/
2025-12-08 14:34:50,653 [INFO] ApiDb:274 - Set plugin database path to: C:\ST\STM32CubeIDE_1.19.0\STM32CubeIDE\plugins\com.st.stm32cube.common.mx_6.15.0.202507011659\\db\/plugins/boardmanager/
2025-12-08 14:34:50,653 [INFO] ApiDb:261 - Set plugin images path to: C:\ST\STM32CubeIDE_1.19.0\STM32CubeIDE\plugins\com.st.stm32cube.common.mx_6.15.0.202507011659\\db\/plugins/mcufinder/images/
2025-12-08 14:34:50,653 [WARN] DbFile:41 - Overriding database path with different value: C:\Users\niels\.stmcufinder\plugins\mcufinder/ => C:\Users\niels\.stmcufinder\plugins\mcufinder
2025-12-08 14:34:50,653 [INFO] ApiDb:250 - Set database path to: C:\Users\niels\.stmcufinder\plugins\mcufinder//mcu/
2025-12-08 14:34:50,653 [WARN] DbFile:41 - Overriding database path with different value: C:\Users\niels\.stmcufinder\plugins\mcufinder/ => C:\Users\niels\.stmcufinder\plugins\mcufinder
2025-12-08 14:34:50,654 [INFO] DbMcusAds:125 - Set database path to: C:\Users\niels\.stmcufinder\plugins\mcufinder//mcu/
2025-12-08 14:34:50,654 [WARN] DbFile:41 - Overriding database path with different value: C:\Users\niels\.stmcufinder\plugins\mcufinder/ => C:\Users\niels\.stmcufinder\plugins\mcufinder
2025-12-08 14:34:50,654 [WARN] DbFile:41 - Overriding database path with different value: C:\Users\niels\.stmcufinder\plugins\mcufinder/ => C:\Users\niels\.stmcufinder\plugins\mcufinder
2025-12-08 14:34:50,654 [INFO] CrossReferenceDbSqlite:203 - Set database path to: C:\Users\niels\.stmcufinder\plugins\mcufinder//mcu/cs/
2025-12-08 14:34:50,670 [INFO] ApplicationProperties:184 - Using Application install path: C:\ST\STM32CubeIDE_1.19.0\STM32CubeIDE\plugins\com.st.stm32cube.common.mx_6.15.0.202507011659
2025-12-08 14:34:50,671 [INFO] PluginManage:196 - Search for loadable plugins [exclusion list=, ]
2025-12-08 14:34:50,672 [INFO] PluginManage:310 - Check plugin analytics
2025-12-08 14:34:50,908 [INFO] AnalyticsPlugin:253 - Accepted Software Licenses: 
2025-12-08 14:34:50,908 [INFO] AnalyticsPlugin:255 - Accepted CMSIS Pack Licenses: 
2025-12-08 14:34:50,909 [INFO] AnalyticsPlugin:257 - Accepted Firmware Licenses: FW.H7.1.12.0,FW.G4.1.6.0
2025-12-08 14:34:50,919 [INFO] PluginManage:359 - Loaded plugin analytics (category:tool,tabindex:-1)
2025-12-08 14:34:50,919 [INFO] PluginManage:310 - Check plugin cadmodel
2025-12-08 14:34:50,931 [INFO] CADModel:105 - Init CAD model plugin
2025-12-08 14:34:50,931 [INFO] PluginManage:359 - Loaded plugin cadmodel (category:power,tabindex:5)
2025-12-08 14:34:50,932 [INFO] PluginManage:310 - Check plugin clock
2025-12-08 14:34:50,961 [INFO] PluginManage:359 - Loaded plugin clock (category:base,tabindex:2)
2025-12-08 14:34:50,962 [INFO] PluginManage:310 - Check plugin ddr
2025-12-08 14:34:50,965 [INFO] PluginManage:359 - Loaded plugin ddr (category:tool,tabindex:6)
2025-12-08 14:34:50,966 [INFO] PluginManage:310 - Check plugin filemanager
2025-12-08 14:34:51,117 [INFO] PluginManage:359 - Loaded plugin filemanager (category:base,tabindex:10)
2025-12-08 14:34:51,117 [INFO] PluginManage:310 - Check plugin ipmanager
2025-12-08 14:34:51,124 [INFO] PluginManage:359 - Loaded plugin ipmanager (category:base,tabindex:5)
2025-12-08 14:34:51,124 [INFO] PluginManage:310 - Check plugin lpbam
2025-12-08 14:34:51,131 [INFO] PluginManage:359 - Loaded plugin lpbam (category:base,tabindex:0)
2025-12-08 14:34:51,132 [INFO] PluginManage:310 - Check plugin memorymap
2025-12-08 14:34:51,144 [INFO] PluginManage:359 - Loaded plugin memorymap (category:base,tabindex:4)
2025-12-08 14:34:51,144 [INFO] PluginManage:310 - Check plugin pinoutandconfiguration
2025-12-08 14:34:51,153 [INFO] PluginManage:359 - Loaded plugin pinoutandconfiguration (category:base,tabindex:1)
2025-12-08 14:34:51,153 [INFO] PluginManage:310 - Check plugin pinoutconfig
2025-12-08 14:34:51,238 [WARN] SupportedApi:132 - Cannot load RTOS API schema: s4s-elt-must-match.1: The content of 'definitions' must match (annotation?, (simpleType | complexType)?, (unique | key | keyref)*)). A problem was found starting at: attribute.
2025-12-08 14:34:51,373 [INFO] PluginManage:359 - Loaded plugin pinoutconfig (category:base,tabindex:0)
2025-12-08 14:34:51,373 [INFO] PluginManage:310 - Check plugin power
2025-12-08 14:34:51,382 [INFO] PluginManage:359 - Loaded plugin power (category:power,tabindex:4)
2025-12-08 14:34:51,382 [INFO] PluginManage:310 - Check plugin projectmanager
2025-12-08 14:34:51,394 [INFO] McuFinderGlobals:63 - Set McuFinder mode to 2 (CubeIDE integrated)
2025-12-08 14:34:51,400 [INFO] PluginManage:359 - Loaded plugin projectmanager (category:projectmanager,tabindex:4)
2025-12-08 14:34:51,401 [INFO] PluginManage:310 - Check plugin rif
2025-12-08 14:34:51,414 [INFO] PluginManage:359 - Loaded plugin rif (category:base,tabindex:3)
2025-12-08 14:34:51,414 [INFO] PluginManage:310 - Check plugin thirdparty
2025-12-08 14:34:51,566 [WARN] IntegrityCheckThread:84 - waiting for thirdparty lock release [integrity check]
2025-12-08 14:34:51,567 [INFO] IntegrityCheckThread:86 - entering critical section [integrity check]
2025-12-08 14:34:51,567 [INFO] PluginManage:359 - Loaded plugin thirdparty (category:base,tabindex:-1)
2025-12-08 14:34:51,567 [INFO] ThirdPartyUpdaterWithRetryManager:70 - Updater plugin not ready yet. [1/15]
2025-12-08 14:34:51,567 [INFO] PluginManage:310 - Check plugin tools
2025-12-08 14:34:51,572 [INFO] PluginManage:359 - Loaded plugin tools (category:base,tabindex:7)
2025-12-08 14:34:51,572 [INFO] PluginManage:310 - Check plugin tutovideos
2025-12-08 14:34:51,790 [INFO] PluginManage:359 - Loaded plugin tutovideos (category:base,tabindex:-1)
2025-12-08 14:34:51,790 [INFO] PluginManage:310 - Check plugin updater
2025-12-08 14:34:51,810 [INFO] PluginManage:359 - Loaded plugin updater (category:base,tabindex:12)
2025-12-08 14:34:51,810 [INFO] PluginManage:310 - Check plugin userauth
2025-12-08 14:34:51,814 [INFO] UserAuth:118 - Init User Auth plugin
2025-12-08 14:34:51,814 [INFO] PluginManage:359 - Loaded plugin userauth (category:base,tabindex:14)
2025-12-08 14:34:51,815 [INFO] PluginManage:283 - PluginManage : Loaded plugins [18]
2025-12-08 14:34:52,004 [INFO] PinOutPanel:1589 - setPackage(No Configuration,No Configuration)
2025-12-08 14:34:52,089 [INFO] CADModel:165 - CPN selected for project level
2025-12-08 14:34:52,089 [INFO] CADModel:114 - Register for checkConnection events
2025-12-08 14:34:52,104 [INFO] IPUIPlugin:80 - create IPUIPlugin
2025-12-08 14:34:52,104 [INFO] PluginManager:220 - loadIPPluginJar : add adc
2025-12-08 14:34:52,107 [INFO] IPUIPlugin:80 - create IPUIPlugin
2025-12-08 14:34:52,108 [INFO] PluginManager:220 - loadIPPluginJar : add aes
2025-12-08 14:34:52,111 [INFO] IPUIPlugin:80 - create IPUIPlugin
2025-12-08 14:34:52,111 [INFO] PluginManager:220 - loadIPPluginJar : add can
2025-12-08 14:34:52,113 [INFO] IPUIPlugin:80 - create IPUIPlugin
2025-12-08 14:34:52,113 [INFO] PluginManager:220 - loadIPPluginJar : add comp
2025-12-08 14:34:52,116 [INFO] IPUIPlugin:80 - create IPUIPlugin
2025-12-08 14:34:52,116 [INFO] PluginManager:220 - loadIPPluginJar : add cryp
2025-12-08 14:34:52,119 [INFO] IPUIPlugin:80 - create IPUIPlugin
2025-12-08 14:34:52,119 [INFO] PluginManager:220 - loadIPPluginJar : add ddr_ctrl_phy
2025-12-08 14:34:52,122 [INFO] IPUIPlugin:80 - create IPUIPlugin
2025-12-08 14:34:52,122 [INFO] PluginManager:220 - loadIPPluginJar : add dfsdm
2025-12-08 14:34:52,127 [INFO] IPUIPlugin:80 - create IPUIPlugin
2025-12-08 14:34:52,127 [INFO] PluginManager:220 - loadIPPluginJar : add dma
2025-12-08 14:34:52,129 [INFO] IPUIPlugin:80 - create IPUIPlugin
2025-12-08 14:34:52,129 [INFO] PluginManager:220 - loadIPPluginJar : add dma3
2025-12-08 14:34:52,132 [INFO] IPUIPlugin:80 - create IPUIPlugin
2025-12-08 14:34:52,132 [INFO] PluginManager:220 - loadIPPluginJar : add extmemmanager
2025-12-08 14:34:52,134 [INFO] IPUIPlugin:80 - create IPUIPlugin
2025-12-08 14:34:52,134 [INFO] PluginManager:220 - loadIPPluginJar : add fatfs
2025-12-08 14:34:52,137 [INFO] IPUIPlugin:80 - create IPUIPlugin
2025-12-08 14:34:52,137 [INFO] PluginManager:220 - loadIPPluginJar : add fmc
2025-12-08 14:34:52,145 [INFO] IPUIPlugin:80 - create IPUIPlugin
2025-12-08 14:34:52,145 [INFO] PluginManager:220 - loadIPPluginJar : add freertos
2025-12-08 14:34:52,147 [INFO] IPUIPlugin:80 - create IPUIPlugin
2025-12-08 14:34:52,147 [INFO] PluginManager:220 - loadIPPluginJar : add genericplugin
2025-12-08 14:34:52,150 [INFO] IPUIPlugin:80 - create IPUIPlugin
2025-12-08 14:34:52,150 [INFO] PluginManager:220 - loadIPPluginJar : add gfxmmu
2025-12-08 14:34:52,154 [INFO] IPUIPlugin:80 - create IPUIPlugin
2025-12-08 14:34:52,154 [INFO] PluginManager:220 - loadIPPluginJar : add gic
2025-12-08 14:34:52,158 [INFO] IPUIPlugin:80 - create IPUIPlugin
2025-12-08 14:34:52,158 [INFO] PluginManager:220 - loadIPPluginJar : add gpio
2025-12-08 14:34:52,162 [INFO] IPUIPlugin:80 - create IPUIPlugin
2025-12-08 14:34:52,162 [INFO] PluginManager:220 - loadIPPluginJar : add gtzc
2025-12-08 14:34:52,165 [INFO] IPUIPlugin:80 - create IPUIPlugin
2025-12-08 14:34:52,165 [INFO] PluginManager:220 - loadIPPluginJar : add hash
2025-12-08 14:34:52,169 [INFO] IPUIPlugin:80 - create IPUIPlugin
2025-12-08 14:34:52,170 [INFO] PluginManager:220 - loadIPPluginJar : add i2c
2025-12-08 14:34:52,172 [INFO] IPUIPlugin:80 - create IPUIPlugin
2025-12-08 14:34:52,172 [INFO] PluginManager:220 - loadIPPluginJar : add i2s
2025-12-08 14:34:52,175 [INFO] IPUIPlugin:80 - create IPUIPlugin
2025-12-08 14:34:52,175 [INFO] PluginManager:220 - loadIPPluginJar : add i3c
2025-12-08 14:34:52,179 [INFO] IPUIPlugin:80 - create IPUIPlugin
2025-12-08 14:34:52,179 [INFO] PluginManager:220 - loadIPPluginJar : add ipddr
2025-12-08 14:34:52,186 [INFO] IPUIPlugin:80 - create IPUIPlugin
2025-12-08 14:34:52,186 [INFO] PluginManager:220 - loadIPPluginJar : add linkedlist
2025-12-08 14:34:52,190 [INFO] IPUIPlugin:80 - create IPUIPlugin
2025-12-08 14:34:52,190 [INFO] PluginManager:220 - loadIPPluginJar : add lorawan
2025-12-08 14:34:52,192 [INFO] IPUIPlugin:80 - create IPUIPlugin
2025-12-08 14:34:52,192 [INFO] PluginManager:220 - loadIPPluginJar : add ltdc
2025-12-08 14:34:52,196 [INFO] IPUIPlugin:80 - create IPUIPlugin
2025-12-08 14:34:52,196 [INFO] PluginManager:220 - loadIPPluginJar : add mdma
2025-12-08 14:34:52,200 [INFO] IPUIPlugin:80 - create IPUIPlugin
2025-12-08 14:34:52,200 [INFO] PluginManager:220 - loadIPPluginJar : add nvic
2025-12-08 14:34:52,204 [INFO] IPUIPlugin:80 - create IPUIPlugin
2025-12-08 14:34:52,204 [INFO] PluginManager:220 - loadIPPluginJar : add opamp
2025-12-08 14:34:52,207 [INFO] IPUIPlugin:80 - create IPUIPlugin
2025-12-08 14:34:52,208 [INFO] PluginManager:220 - loadIPPluginJar : add openamp
2025-12-08 14:34:52,210 [INFO] IPUIPlugin:80 - create IPUIPlugin
2025-12-08 14:34:52,211 [INFO] PluginManager:220 - loadIPPluginJar : add pdm2pcm
2025-12-08 14:34:52,215 [INFO] IPUIPlugin:80 - create IPUIPlugin
2025-12-08 14:34:52,217 [INFO] PluginManager:220 - loadIPPluginJar : add plateformsettings
2025-12-08 14:34:52,219 [INFO] IPUIPlugin:80 - create IPUIPlugin
2025-12-08 14:34:52,219 [INFO] PluginManager:220 - loadIPPluginJar : add quadspi
2025-12-08 14:34:52,222 [INFO] IPUIPlugin:80 - create IPUIPlugin
2025-12-08 14:34:52,222 [INFO] PluginManager:220 - loadIPPluginJar : add radio
2025-12-08 14:34:52,225 [INFO] IPUIPlugin:80 - create IPUIPlugin
2025-12-08 14:34:52,225 [INFO] PluginManager:220 - loadIPPluginJar : add resmgrutility
2025-12-08 14:34:52,228 [INFO] IPUIPlugin:80 - create IPUIPlugin
2025-12-08 14:34:52,228 [INFO] PluginManager:220 - loadIPPluginJar : add sai
2025-12-08 14:34:52,230 [INFO] IPUIPlugin:80 - create IPUIPlugin
2025-12-08 14:34:52,230 [INFO] PluginManager:220 - loadIPPluginJar : add spi
2025-12-08 14:34:52,235 [INFO] IPUIPlugin:80 - create IPUIPlugin
2025-12-08 14:34:52,235 [INFO] PluginManager:220 - loadIPPluginJar : add stm32_wpan
2025-12-08 14:34:52,236 [INFO] IPUIPlugin:80 - create IPUIPlugin
2025-12-08 14:34:52,237 [INFO] PluginManager:220 - loadIPPluginJar : add tim
2025-12-08 14:34:52,240 [INFO] IPUIPlugin:80 - create IPUIPlugin
2025-12-08 14:34:52,240 [INFO] PluginManager:220 - loadIPPluginJar : add touchsensing
2025-12-08 14:34:52,242 [INFO] IPUIPlugin:80 - create IPUIPlugin
2025-12-08 14:34:52,242 [INFO] PluginManager:220 - loadIPPluginJar : add tracer_emb
2025-12-08 14:34:52,244 [INFO] IPUIPlugin:80 - create IPUIPlugin
2025-12-08 14:34:52,244 [INFO] PluginManager:220 - loadIPPluginJar : add ts
2025-12-08 14:34:52,246 [INFO] IPUIPlugin:80 - create IPUIPlugin
2025-12-08 14:34:52,246 [INFO] PluginManager:220 - loadIPPluginJar : add tsc
2025-12-08 14:34:52,247 [INFO] IPUIPlugin:80 - create IPUIPlugin
2025-12-08 14:34:52,247 [INFO] PluginManager:220 - loadIPPluginJar : add ucpd
2025-12-08 14:34:52,250 [INFO] IPUIPlugin:80 - create IPUIPlugin
2025-12-08 14:34:52,250 [INFO] PluginManager:220 - loadIPPluginJar : add usart
2025-12-08 14:34:52,254 [INFO] IPUIPlugin:80 - create IPUIPlugin
2025-12-08 14:34:52,254 [INFO] PluginManager:220 - loadIPPluginJar : add usbx
2025-12-08 14:34:52,374 [FATAL] Updater:351 - Updater called before beeing initialized
2025-12-08 14:34:52,413 [INFO] RulesReader:64 - Compatibility file has been processed (317 Rules)
2025-12-08 14:34:52,431 [INFO] RulesReader:64 - Compatibility file has been processed (317 Rules)
2025-12-08 14:34:52,446 [INFO] CADModel:165 - CPN selected for project level
2025-12-08 14:34:52,446 [INFO] CADModel:114 - Register for checkConnection events
2025-12-08 14:34:52,446 [FATAL] Updater:351 - Updater called before beeing initialized
2025-12-08 14:34:52,447 [ERROR] CADModel:125 - Updater not yet initialized, retry later 
2025-12-08 14:34:52,606 [FATAL] Updater:351 - Updater called before beeing initialized
2025-12-08 14:34:52,608 [INFO] CADModel:165 - CPN selected for project level
2025-12-08 14:34:52,608 [INFO] CADModel:114 - Register for checkConnection events
2025-12-08 14:34:52,608 [FATAL] Updater:351 - Updater called before beeing initialized
2025-12-08 14:34:52,608 [ERROR] CADModel:125 - Updater not yet initialized, retry later 
2025-12-08 14:34:52,611 [FATAL] Updater:351 - Updater called before beeing initialized
2025-12-08 14:34:52,717 [FATAL] Updater:351 - Updater called before beeing initialized
2025-12-08 14:34:52,721 [INFO] DbMcusAds:53 - JSON generation date=Fri Dec 05 10:13:14 CET 2025 (1764925994139)
2025-12-08 14:34:52,721 [FATAL] Updater:351 - Updater called before beeing initialized
2025-12-08 14:34:52,764 [WARN] DetailPanel:346 - Failed to get advertising image, set to default
2025-12-08 14:34:52,845 [FATAL] Updater:351 - Updater called before beeing initialized
2025-12-08 14:34:52,847 [FATAL] Updater:351 - Updater called before beeing initialized
2025-12-08 14:34:52,848 [FATAL] Updater:351 - Updater called before beeing initialized
2025-12-08 14:34:52,848 [WARN] DetailPanel:346 - Failed to get advertising image, set to default
2025-12-08 14:34:52,849 [FATAL] Updater:351 - Updater called before beeing initialized
2025-12-08 14:34:52,894 [ERROR] Updater:1198 - MainUpdater not yet initialized. External WinMGr cannot be set.
2025-12-08 14:34:52,896 [INFO] Updater:1134 - Updater Version found : 6.15.0
2025-12-08 14:34:52,914 [INFO] ApplicationProperties:184 - Using Application install path: C:\ST\STM32CubeIDE_1.19.0\STM32CubeIDE\plugins\com.st.stm32cube.common.mx_6.15.0.202507011659
2025-12-08 14:34:54,491 [ERROR] LogOutputStream:75 - [STDERR_REDIRECT] Dec 08, 2025 2:34:54 PM java.util.prefs.WindowsPreferences <init>
2025-12-08 14:34:54,494 [ERROR] LogOutputStream:75 - [STDERR_REDIRECT] WARNING: Could not open/create prefs root node Software\JavaSoft\Prefs at root 0xffffffff80000002. Windows RegCreateKeyEx(...) returned error code 5.
2025-12-08 14:34:54,495 [ERROR] LogOutputStream:75 - [STDERR_REDIRECT] 
2025-12-08 14:34:54,568 [INFO] ThirdPartyUpdaterWithRetryManager:70 - Updater plugin not ready yet. [2/15]
2025-12-08 14:34:54,933 [INFO] MainUpdater:2872 - connection check result : 10
2025-12-08 14:34:54,935 [INFO] MainUpdater:289 - Updater Check For Update Now.
2025-12-08 14:34:54,935 [INFO] MicroXplorer:498 - Change Database Version : DB.6.0.150
2025-12-08 14:34:54,985 [INFO] McuFinderGlobals:63 - Set McuFinder mode to 2 (CubeIDE integrated)
2025-12-08 14:34:54,987 [INFO] UserAuth:487 - Internet connection configuration mode: 1
2025-12-08 14:34:55,044 [INFO] JxBrowserEngine:152 - Initiate JxBrowser Engine with user profile folder
2025-12-08 14:34:55,145 [INFO] CheckServerUpdateThread:120 - End of CheckServer Thread
2025-12-08 14:34:55,196 [INFO] MainUpdater:2872 - connection check result : 10
2025-12-08 14:34:55,687 [INFO] ApiDb:581 - Connected to CubeFinder SQLite database (C:\Users\niels\.stmcufinder\plugins\mcufinder\mcu\cube-finder-db.db)
2025-12-08 14:34:55,856 [INFO] ApiDb:668 - CubeFinder database Data Model version=2.1
2025-12-08 14:34:55,856 [INFO] ApiDb:669 - CubeFinder database Configuration version=3.0.39
2025-12-08 14:34:55,856 [INFO] ApiDb:670 - CubeFinder database generation date=2025-11-05 (1762334721)
2025-12-08 14:34:55,856 [INFO] ApiDb:671 - CubeFinder database FW Pack versions=[FP-ATR-ASTRA1_V2.0.0, FP-SNS-FLIGHT1_V5.1.0, FP-SNS-MOTENV1_V5.1.0, FP-SNS-MOTENVWB1_V1.4.0, FP-SNS-SMARTAG2_V1.2.0, FP-SNS-STBOX1_V2.1.0, STM32Cube_FW_C0_V1.4.0, STM32Cube_FW_F4_V1.28.3, STM32Cube_FW_F7_V1.17.4, STM32Cube_FW_G0_V1.6.2, STM32Cube_FW_G4_V1.6.1, STM32Cube_FW_H5_V1.5.1, STM32Cube_FW_H7RS_V1.3.0, STM32Cube_FW_H7_V1.12.1, STM32Cube_FW_L0_V1.12.2, STM32Cube_FW_L4_V1.18.1, STM32Cube_FW_L5_V1.6.0, STM32Cube_FW_N6_V1.3.0, STM32Cube_FW_U0_V1.3.0, STM32Cube_FW_U3_V1.2.1, STM32Cube_FW_U5_V1.8.0, STM32Cube_FW_WB0_V1.4.0, STM32Cube_FW_WBA_V1.8.0, STM32Cube_FW_WB_V1.24.0, STM32Cube_FW_WL3_V1.3.0, STM32Cube_FW_WL_V1.4.0, X-CUBE-ALGOBUILD_V1.4.0, X-CUBE-ALS_V1.0.2, X-CUBE-AZRTOS-F4_V1.1.0, X-CUBE-AZRTOS-F7_V1.1.0, X-CUBE-AZRTOS-G0_V1.1.0, X-CUBE-AZRTOS-G4_V2.0.0, X-CUBE-AZRTOS-H7RS_V1.1.0, X-CUBE-AZRTOS-H7_V3.4.0, X-CUBE-AZRTOS-L4_V2.0.0, X-CUBE-AZRTOS-L5_V2.0.0, X-CUBE-AZRTOS-WB_V2.0.0, X-CUBE-AZRTOS-WL_V2.0.0, X-CUBE-BLE1_V7.1.0, X-CUBE-BLE2_V3.3.0, X-CUBE-BLEMGR_V4.1.0, X-CUBE-EEPRMA1_V5.2.0, X-CUBE-FREERTOS_V1.3.1, X-CUBE-GNSS1_V6.0.0, X-CUBE-MEMS1_V11.3.0, X-CUBE-NFC4_V3.0.0, X-CUBE-NFC7_V2.0.0, X-CUBE-SFXS2LP1_V4.0.0, X-CUBE-ST67W61_V1.1.0, X-CUBE-SUBG2_V5.0.0, X-CUBE-TOF1_V3.4.3]
2025-12-08 14:34:56,093 [INFO] WebApp:169 - Instantiating new browser for Auth
2025-12-08 14:34:56,823 [INFO] WebApp:463 - Apply proxy settings
2025-12-08 14:34:56,824 [INFO] WebApp:548 - Chromium requires no authentication
2025-12-08 14:34:56,838 [INFO] WebApp:491 - Direct internet connection detected
2025-12-08 14:34:56,872 [INFO] WebApp:900 - Register for checkConnection events
2025-12-08 14:34:56,872 [INFO] WebApp:463 - Apply proxy settings
2025-12-08 14:34:56,872 [INFO] WebApp:548 - Chromium requires no authentication
2025-12-08 14:34:56,873 [INFO] WebApp:491 - Direct internet connection detected
2025-12-08 14:34:57,069 [INFO] WebApp:225 - Starting web application
2025-12-08 14:34:57,069 [INFO] WebApp:593 - Web application path used C:\ST\STM32CubeIDE_1.19.0\STM32CubeIDE\plugins\com.st.stm32cube.common.mx_6.15.0.202507011659\db\plugins\mcufinder\reactClient1\index.html
2025-12-08 14:34:57,102 [INFO] WebApp:191 - Connection restablished
2025-12-08 14:34:57,170 [INFO] UserAuth:487 - Internet connection configuration mode: 1
2025-12-08 14:34:57,827 [WARN] PackLoader:240 - Cannot read IP mode file for STMicroelectronics.FP-SNS-MOTENVWB1.1.4.0
2025-12-08 14:34:57,837 [WARN] PackLoader:240 - Cannot read IP mode file for STMicroelectronics.FP-ATR-ASTRA1.2.0.2
2025-12-08 14:34:57,846 [WARN] PackLoader:240 - Cannot read IP mode file for STMicroelectronics.X-CUBE-SMBUS.2.1.0
2025-12-08 14:34:57,852 [WARN] PackLoader:240 - Cannot read IP mode file for STMicroelectronics.X-CUBE-ST60.1.0.0
2025-12-08 14:34:57,875 [WARN] PackLoader:240 - Cannot read IP mode file for STMicroelectronics.X-CUBE-AZRTOS-F7.1.1.0
2025-12-08 14:34:57,881 [WARN] PackLoader:240 - Cannot read IP mode file for Cesanta.I-CUBE-Mongoose.7.19.0
2025-12-08 14:34:57,886 [WARN] PackLoader:240 - Cannot read IP mode file for STMicroelectronics.FP-SNS-MOTENV1.5.1.0
2025-12-08 14:34:57,898 [WARN] PackLoader:240 - Cannot read IP mode file for WES.I-CUBE-Cesium.1.4.0
2025-12-08 14:34:57,919 [WARN] PackLoader:240 - Cannot read IP mode file for Infineon.AIROC-Wi-Fi-Bluetooth-STM32.1.7.1
2025-12-08 14:34:57,958 [WARN] PackLoader:240 - Cannot read IP mode file for STMicroelectronics.X-CUBE-AZRTOS-H7.3.4.0
2025-12-08 14:34:57,968 [WARN] PackLoader:240 - Cannot read IP mode file for STMicroelectronics.X-CUBE-DISPLAY.3.0.0
2025-12-08 14:34:57,982 [WARN] PackLoader:240 - Cannot read IP mode file for STMicroelectronics.X-CUBE-NFC10.1.0.0
2025-12-08 14:34:57,987 [WARN] PackLoader:240 - Cannot read IP mode file for STMicroelectronics.X-CUBE-ST60.1.1.0
2025-12-08 14:34:57,993 [WARN] PackLoader:240 - Cannot read IP mode file for emotas.I-CUBE-CANOPEN.1.3.0
2025-12-08 14:34:57,998 [WARN] PackLoader:240 - Cannot read IP mode file for STMicroelectronics.X-CUBE-GNSS1.7.1.0
2025-12-08 14:34:58,004 [WARN] PackLoader:240 - Cannot read IP mode file for STMicroelectronics.FP-SNS-STBOX1.2.1.0
2025-12-08 14:34:58,010 [WARN] PackLoader:240 - Cannot read IP mode file for STMicroelectronics.FP-SNS-SMARTAG2.1.2.0
2025-12-08 14:34:58,016 [WARN] PackLoader:240 - Cannot read IP mode file for STMicroelectronics.FP-SNS-FLIGHT1.5.1.0
2025-12-08 14:34:58,024 [INFO] LogOutputStream:77 - [STDOUT_REDIRECT] 1 : Invalid condition id : UX_CORESTACK_Condition cause : null
2025-12-08 14:34:58,025 [INFO] LogOutputStream:77 - [STDOUT_REDIRECT] 1 : Invalid condition id : UX_CORESTACK_Condition cause : null
2025-12-08 14:34:58,026 [INFO] LogOutputStream:77 - [STDOUT_REDIRECT] 1 : Invalid condition id : UX_CORESTACK_Condition cause : null
2025-12-08 14:34:58,027 [INFO] LogOutputStream:77 - [STDOUT_REDIRECT] 1 : Invalid condition id : UX_CORESTACK_Condition cause : null
2025-12-08 14:34:58,028 [INFO] LogOutputStream:77 - [STDOUT_REDIRECT] 1 : Invalid condition id : UX_CORESTACK_Condition cause : null
2025-12-08 14:34:58,030 [WARN] PackLoader:240 - Cannot read IP mode file for STMicroelectronics.X-CUBE-AZRTOS-WL.2.0.0
2025-12-08 14:34:58,034 [WARN] PackLoader:240 - Cannot read IP mode file for STMicroelectronics.FP-SNS-MOTENV1.5.0.0
2025-12-08 14:34:58,047 [WARN] PackLoader:240 - Cannot read IP mode file for STMicroelectronics.X-CUBE-AZRTOS-H7RS.1.2.0
2025-12-08 14:34:58,053 [WARN] PackLoader:240 - Cannot read IP mode file for STMicroelectronics.X-CUBE-BLE2.3.3.0
2025-12-08 14:34:58,074 [WARN] PackLoader:240 - Cannot read IP mode file for STMicroelectronics.X-CUBE-NFC9.1.0.0
2025-12-08 14:34:58,079 [WARN] PackLoader:240 - Cannot read IP mode file for wolfSSL.I-CUBE-wolfSSL.5.8.2
2025-12-08 14:34:58,083 [WARN] PackLoader:240 - Cannot read IP mode file for STMicroelectronics.X-CUBE-BLE1.7.1.0
2025-12-08 14:34:58,087 [WARN] PackLoader:240 - Cannot read IP mode file for wolfSSL.I-CUBE-wolfMQTT.1.19.2
2025-12-08 14:34:58,092 [WARN] PackLoader:240 - Cannot read IP mode file for STMicroelectronics.X-CUBE-FREERTOS.1.4.0
2025-12-08 14:34:58,097 [WARN] PackLoader:240 - Cannot read IP mode file for STMicroelectronics.X-CUBE-EEPRMA1.5.2.0
2025-12-08 14:34:58,102 [WARN] PackLoader:240 - Cannot read IP mode file for STMicroelectronics.X-CUBE-ST67W61.1.1.0
2025-12-08 14:34:58,127 [WARN] PackLoader:240 - Cannot read IP mode file for STMicroelectronics.X-CUBE-MEMS1.12.0.0
2025-12-08 14:34:58,232 [WARN] PackLoader:240 - Cannot read IP mode file for STMicroelectronics.X-CUBE-AZRTOS-G0.1.1.0
2025-12-08 14:34:58,244 [WARN] PackLoader:240 - Cannot read IP mode file for STMicroelectronics.X-CUBE-SAFEA1.1.2.2
2025-12-08 14:34:58,250 [WARN] PackLoader:240 - Cannot read IP mode file for STMicroelectronics.X-CUBE-NFC4.3.0.0
2025-12-08 14:34:58,258 [WARN] PackLoader:240 - Cannot read IP mode file for EmbeddedOffice.I-CUBE-FS-RTOS.1.0.1
2025-12-08 14:34:58,264 [WARN] PackLoader:240 - Cannot read IP mode file for STMicroelectronics.X-CUBE-WB05N.2.0.0
2025-12-08 14:34:58,268 [WARN] PackLoader:240 - Cannot read IP mode file for wolfSSL.I-CUBE-wolfTPM.3.8.0
2025-12-08 14:34:58,272 [WARN] PackLoader:240 - Cannot read IP mode file for STMicroelectronics.X-CUBE-TCPP.4.2.0
2025-12-08 14:34:58,277 [WARN] PackLoader:240 - Cannot read IP mode file for RealThread.X-CUBE-RT-Thread_Nano.4.1.1
2025-12-08 14:34:58,281 [WARN] PackLoader:240 - Cannot read IP mode file for STMicroelectronics.FP-ATR-SIGFOX1.3.2.0
2025-12-08 14:34:58,286 [WARN] PackLoader:240 - Cannot read IP mode file for ITTIA_DB.I-CUBE-ITTIADB.8.9.0
2025-12-08 14:34:58,294 [WARN] PackLoader:240 - Cannot read IP mode file for STMicroelectronics.X-CUBE-ST67W61.1.0.0
2025-12-08 14:34:58,298 [WARN] PackLoader:240 - Cannot read IP mode file for STMicroelectronics.X-CUBE-AI.10.2.0
2025-12-08 14:34:58,317 [WARN] PackLoader:240 - Cannot read IP mode file for SEGGER.I-CUBE-embOS.1.3.1
2025-12-08 14:34:58,345 [WARN] PackLoader:240 - Cannot read IP mode file for STMicroelectronics.X-CUBE-ALGOBUILD.1.4.0
2025-12-08 14:34:58,370 [WARN] PackLoader:240 - Cannot read IP mode file for STMicroelectronics.X-CUBE-MEMS1.11.3.0
2025-12-08 14:34:58,454 [WARN] PackLoader:240 - Cannot read IP mode file for STMicroelectronics.X-CUBE-PM33A1.1.0.0
2025-12-08 14:34:58,465 [WARN] PackLoader:240 - Cannot read IP mode file for STMicroelectronics.X-CUBE-AZRTOS-F4.1.1.0
2025-12-08 14:34:58,471 [WARN] PackLoader:240 - Cannot read IP mode file for STMicroelectronics.X-CUBE-ISPU.2.1.0
2025-12-08 14:34:58,480 [WARN] PackLoader:240 - Cannot read IP mode file for STMicroelectronics.X-CUBE-IPS.3.2.0
2025-12-08 14:34:58,493 [WARN] PackLoader:240 - Cannot read IP mode file for STMicroelectronics.X-CUBE-NFC12.1.0.0
2025-12-08 14:34:58,505 [WARN] PackLoader:240 - Cannot read IP mode file for STMicroelectronics.X-CUBE-AZRTOS-L5.2.0.0
2025-12-08 14:34:58,511 [WARN] PackLoader:240 - Cannot read IP mode file for STMicroelectronics.X-CUBE-NFC6.3.1.0
2025-12-08 14:34:58,515 [WARN] PackLoader:240 - Cannot read IP mode file for STMicroelectronics.X-CUBE-FREERTOS.1.3.1
2025-12-08 14:34:58,523 [WARN] PackLoader:240 - Cannot read IP mode file for STMicroelectronics.X-CUBE-TOUCHGFX.4.26.0
2025-12-08 14:34:58,528 [WARN] PackLoader:240 - Cannot read IP mode file for STMicroelectronics.FP-SNS-STAIOTCFT.1.0.0
2025-12-08 14:34:58,533 [WARN] PackLoader:240 - Cannot read IP mode file for STMicroelectronics.X-CUBE-DPower.1.3.0
2025-12-08 14:34:58,543 [WARN] ConditionMgr:438 - getConditionDescription Invalid condition id : LAN8742 Phy interface Condition cause : null
2025-12-08 14:34:58,543 [WARN] PackLoader:240 - Cannot read IP mode file for STMicroelectronics.X-CUBE-AZRTOS-L4.2.0.0
2025-12-08 14:34:58,544 [WARN] ConditionMgr:1044 - genDependencies : Invalid condition id : LAN8742 Phy interface Condition cause : null
2025-12-08 14:34:58,544 [WARN] ConditionMgr:1044 - genDependencies : Invalid condition id : LAN8742 Phy interface Condition cause : null
2025-12-08 14:34:58,544 [WARN] ConditionMgr:1044 - genDependencies : Invalid condition id : LAN8742 Phy interface Condition cause : null
2025-12-08 14:34:58,549 [WARN] PackLoader:240 - Cannot read IP mode file for STMicroelectronics.X-CUBE-SFXS2LP1.4.0.0
2025-12-08 14:34:58,556 [WARN] PackLoader:240 - Cannot read IP mode file for STMicroelectronics.X-CUBE-BLEMGR.4.1.0
2025-12-08 14:34:58,565 [WARN] ConditionMgr:438 - getConditionDescription Invalid condition id : UX DEVICE CLASS RTOS Condition cause : null
2025-12-08 14:34:58,565 [WARN] ConditionMgr:438 - getConditionDescription Invalid condition id : UX DEVICE CLASS RTOS Condition cause : null
2025-12-08 14:34:58,567 [WARN] PackLoader:240 - Cannot read IP mode file for STMicroelectronics.X-CUBE-AZRTOS-WB.2.0.0
2025-12-08 14:34:58,568 [WARN] ConditionMgr:1044 - genDependencies : Invalid condition id : UX DEVICE CLASS RTOS Condition cause : null
2025-12-08 14:34:58,568 [WARN] ConditionMgr:1044 - genDependencies : Invalid condition id : UX DEVICE CLASS RTOS Condition cause : null
2025-12-08 14:34:58,568 [WARN] ConditionMgr:1044 - genDependencies : Invalid condition id : UX DEVICE CLASS RTOS Condition cause : null
2025-12-08 14:34:58,568 [WARN] ConditionMgr:1044 - genDependencies : Invalid condition id : UX DEVICE CLASS RTOS Condition cause : null
2025-12-08 14:34:58,568 [WARN] ConditionMgr:1044 - genDependencies : Invalid condition id : UX DEVICE CLASS RTOS Condition cause : null
2025-12-08 14:34:58,572 [WARN] PackLoader:240 - Cannot read IP mode file for STMicroelectronics.X-CUBE-GNSS1.7.0.1
2025-12-08 14:34:58,575 [WARN] PackLoader:240 - Cannot read IP mode file for STMicroelectronics.X-CUBE-TOUCHGFX.4.25.0
2025-12-08 14:34:58,578 [WARN] ConditionMgr:438 - getConditionDescription Invalid condition id : Cortex-A Device cause : null
2025-12-08 14:34:58,584 [WARN] ConditionMgr:1044 - genDependencies : Invalid condition id : Cortex-A Device cause : null
2025-12-08 14:34:58,584 [WARN] ConditionMgr:1044 - genDependencies : Invalid condition id : Cortex-A Device cause : null
2025-12-08 14:34:58,584 [WARN] ConditionMgr:1044 - genDependencies : Invalid condition id : Cortex-A Device cause : null
2025-12-08 14:34:58,591 [WARN] PackLoader:240 - Cannot read IP mode file for STMicroelectronics.X-CUBE-SUBG2.5.0.0
2025-12-08 14:34:58,603 [WARN] PackLoader:240 - Cannot read IP mode file for STMicroelectronics.X-CUBE-AZRTOS-H7RS.1.1.0
2025-12-08 14:34:58,613 [WARN] PackLoader:240 - Cannot read IP mode file for STMicroelectronics.X-CUBE-AZRTOS-G4.2.0.0
2025-12-08 14:34:58,617 [WARN] PackLoader:240 - Cannot read IP mode file for wolfSSL.I-CUBE-wolfSSH.1.4.20
2025-12-08 14:34:58,622 [WARN] PackLoader:240 - Cannot read IP mode file for STMicroelectronics.X-CUBE-NFC7.2.0.0
2025-12-08 14:34:58,630 [WARN] PackLoader:240 - Cannot read IP mode file for STMicroelectronics.X-CUBE-IPS.3.1.0
2025-12-08 14:34:58,638 [WARN] PackLoader:240 - Cannot read IP mode file for STMicroelectronics.X-CUBE-ALS.1.0.2
2025-12-08 14:34:58,643 [WARN] PackLoader:240 - Cannot read IP mode file for STMicroelectronics.X-CUBE-STSE01.1.0.0
2025-12-08 14:34:58,651 [WARN] PackLoader:240 - Cannot read IP mode file for STMicroelectronics.X-CUBE-TOF1.3.4.3
2025-12-08 14:34:58,657 [INFO] ThirdParty:978 - Integrity check success = true
2025-12-08 14:34:58,657 [INFO] IntegrityCheckThread:100 - exiting critical section [integrity check]
2025-12-08 14:34:58,657 [INFO] IntegrityCheckThread:103 - End integrity checks thread
2025-12-08 14:34:59,181 [INFO] ApiDb:240 - Found 880 in-development CPN: [B-G473E-ZEST1S, B-WB1M-WPAN1, B-WBA5M-WPAN, B-WL5M-SUBG1, NUCLEO-C031C6, NUCLEO-C051C8, NUCLEO-C071RB, NUCLEO-C092RC, NUCLEO-H503RB, NUCLEO-H533RE, NUCLEO-H563ZI, NUCLEO-H7S3L8, NUCLEO-N657X0-Q, NUCLEO-U031R8, NUCLEO-U083RC, NUCLEO-U385RG-Q, NUCLEO-U545RE-Q, NUCLEO-U5A5ZJ-Q, NUCLEO-WB05KZ, NUCLEO-WB07CC, NUCLEO-WB09KE, NUCLEO-WBA52CG, NUCLEO-WBA55CG, NUCLEO-WL33CC1, NUCLEO-WL33CC2, STEVAL-PROTEUS1, STEVAL-SMARTAG2, STEVAL-STWINBX1, STM320518-EVAL, STM32C0116-DK, STM32C011D6Y3TR, STM32C011D6Y6TR, STM32C011F4P3, STM32C011F4P6, STM32C011F4U3, STM32C011F4U6TR, STM32C011F6P3, STM32C011F6P6, STM32C011F6U3, STM32C011F6U6TR, STM32C011J4M3, STM32C011J4M6, STM32C011J6M3, STM32C011J6M6, STM32C0316-DK, STM32C031C4T3, STM32C031C4T6, STM32C031C4U3, STM32C031C4U6, STM32C031C6T3, STM32C031C6T6, STM32C031C6U3, STM32C031C6U6, STM32C031F4P3, STM32C031F4P6, STM32C031F6P3, STM32C031F6P6, STM32C031G4U3, STM32C031G4U6, STM32C031G6U3, STM32C031G6U6, STM32C031K4T3, STM32C031K4T6, STM32C031K4U3, STM32C031K4U6, STM32C031K6T3, STM32C031K6T6, STM32C031K6U3, STM32C031K6U6, STM32C051C6T6, STM32C051C6U6, STM32C051C8T6, STM32C051C8U6, STM32C051D8Y6TR, STM32C051F6P6, STM32C051F8P6, STM32C051G6U6, STM32C051G8U6, STM32C051K6T6, STM32C051K6U6, STM32C051K8T6, STM32C071C8T6, STM32C071C8T6N, STM32C071C8U6, STM32C071C8U6N, STM32C071CBT6, STM32C071CBT6N, STM32C071CBU6, STM32C071CBU6N, STM32C071F8P6, STM32C071F8P6N, STM32C071FBP6, STM32C071FBP6N, STM32C071FBY6TR, STM32C071G8U6, STM32C071G8U6N, STM32C071GBU6, STM32C071GBU6N, STM32C071K8T6, STM32C071K8T6N, STM32C071K8U6, STM32C071K8U6N, STM32C071KBT6, STM32C071KBT6N, STM32C071KBU6, STM32C071KBU6N, STM32C071R8T6, STM32C071R8T6N, STM32C071RBI6N, STM32C071RBT6, STM32C071RBT6N, STM32C091CBT6, STM32C091CBU6, STM32C091CCT6, STM32C091CCU6, STM32C091ECY6TR, STM32C091FBP6, STM32C091FCP6, STM32C091GBU6, STM32C091GCU6, STM32C091KBT6, STM32C091KBU6, STM32C091KCT6, STM32C091KCU6, STM32C091RBT6, STM32C091RCI6, STM32C091RCT6, STM32C092CBT6, STM32C092CBU6, STM32C092CCT6, STM32C092CCU6, STM32C092ECY6TR, STM32C092FBP6, STM32C092FCP6, STM32C092GBU6, STM32C092GCU6, STM32C092KBT6, STM32C092KBU6, STM32C092KCT6, STM32C092KCU6, STM32C092RBT6, STM32C092RCI6, STM32C092RCT6, STM32G071K8TXN, STM32G071K8UXN, STM32G081GBU6N, STM32G081KBT6N, STM32G081KBUXN, STM32G0B1CCT6N, STM32G0B1KCT6, STM32G0B1NEY6TR, STM32G0B1RCT6N, STM32G0C1CCT6, STM32G0C1CCT6N, STM32G0C1CCU6N, STM32G0C1CET6N, STM32G0C1CEU6N, STM32G0C1KCT6, STM32G0C1NEY6TR, STM32G0C1RCI6N, STM32G0C1RCT6N, STM32G0C1REI6N, STM32G0C1RET6N, STM32G0C1VCI6, STM32G0C1VEI6, STM32G411C6T3, STM32G411C6T6, STM32G411C6U3, STM32G411C6U6, STM32G411C8T3, STM32G411C8T6, STM32G411C8U3, STM32G411C8U6, STM32G411CBT3, STM32G411CBT6, STM32G411CBU3, STM32G411CBU6, STM32G411K6T3, STM32G411K6T6, STM32G411K6U3, STM32G411K6U6, STM32G411K8T3, STM32G411K8T6, STM32G411K8U3, STM32G411K8U6, STM32G411KBT3, STM32G411KBT6, STM32G411KBU3, STM32G411KBU6, STM32G411M6T3, STM32G411M6T6, STM32G411M8T3, STM32G411M8T6, STM32G411MBT3, STM32G411MBT6, STM32G411R6T3, STM32G411R6T6, STM32G411R8T3, STM32G411R8T6, STM32G411RBT3, STM32G411RBT6, STM32G414CBT3, STM32G414CBT6, STM32G414CBU3, STM32G414CBU6, STM32G414CCT3, STM32G414CCT6, STM32G414CCU3, STM32G414CCU6, STM32G414MBT3, STM32G414MBT6, STM32G414MCT3, STM32G414MCT6, STM32G414RBT3, STM32G414RBT6, STM32G414RCT3, STM32G414RCT6, STM32G414VBT3, STM32G414VBT6, STM32G414VCT3, STM32G414VCT6, STM32G431CBT3Z, STM32G431RBT3Z, STM32G471CCT6, STM32G471CCU6, STM32G471CET3, STM32G471CET6, STM32G471CEU3, STM32G471CEU6, STM32G471MCT6, STM32G471MET3, STM32G471MET6, STM32G471MEY6TR, STM32G471QCT6, STM32G471QET3, STM32G471RCT6, STM32G471RET3, STM32G471RET6, STM32G471VCH6, STM32G471VCI6, STM32G471VCT6, STM32G471VEH3, STM32G471VEH6, STM32G471VEI3, STM32G471VEI6, STM32G471VET3, STM32G471VET6, STM32G473QET3Z, STM32G473RET3Z, STM32G474CCT6, STM32G491RET3Z, STM32H503CBT6, STM32H503CBU6, STM32H503EBY6TR, STM32H503KBU6, STM32H503RBT6, STM32H523CCT6, STM32H523CCU6, STM32H523CET6, STM32H523CEU6, STM32H523HEY6TR, STM32H523RCT6, STM32H523RET6, STM32H523VCI6, STM32H523VCT6, STM32H523VEI6, STM32H523VET6, STM32H523ZCJ6, STM32H523ZCT6, STM32H523ZEJ6, STM32H523ZET6, STM32H533CET6, STM32H533CEU6, STM32H533HEY6TR, STM32H533RET6, STM32H533VEI6, STM32H533VET6, STM32H533ZEJ6, STM32H533ZET6, STM32H562AGI6, STM32H562AII6, STM32H562IGK6, STM32H562IGT6, STM32H562IIK6, STM32H562IIT6, STM32H562RGT6, STM32H562RGV6, STM32H562RIT6, STM32H562RIV6, STM32H562VGT6, STM32H562VIT6, STM32H562ZGT6, STM32H562ZIT6, STM32H563AGI6, STM32H563AII3Q, STM32H563AII6, STM32H563IGK6, STM32H563IGT6, STM32H563IIK3Q, STM32H563IIK6, STM32H563IIT3Q, STM32H563IIT6, STM32H563MIY3QTR, STM32H563RGT6, STM32H563RGV6, STM32H563RIT6, STM32H563RIV6, STM32H563VGT6, STM32H563VIT3Q, STM32H563VIT6, STM32H563ZGT6, STM32H563ZIT3Q, STM32H563ZIT6, STM32H573AII3Q, STM32H573AII6, STM32H573I-DK, STM32H573IIK3Q, STM32H573IIK6, STM32H573IIT3Q, STM32H573IIT6, STM32H573MIY3QTR, STM32H573RIT6, STM32H573RIV6, STM32H573VIT3Q, STM32H573VIT6, STM32H573ZIT3Q, STM32H573ZIT6, STM32H7R3A8I6, STM32H7R3I8K6, STM32H7R3I8T6, STM32H7R3L8H6, STM32H7R3L8H6H, STM32H7R3R8V6, STM32H7R3V8H6, STM32H7R3V8T6, STM32H7R3V8Y6TR, STM32H7R3Z8J6, STM32H7R3Z8T6, STM32H7R7A8I6, STM32H7R7I8K6, STM32H7R7I8T6, STM32H7R7L8H6, STM32H7R7L8H6H, STM32H7R7Z8J6, STM32H7S3A8I6, STM32H7S3I8K6, STM32H7S3I8T6, STM32H7S3L8H6, STM32H7S3L8H6H, STM32H7S3R8V6, STM32H7S3V8H6, STM32H7S3V8T6, STM32H7S3V8Y6TR, STM32H7S3Z8J6, STM32H7S3Z8T6, STM32H7S78-DK, STM32H7S7A8I6, STM32H7S7I8K6, STM32H7S7I8T6, STM32H7S7L8H6, STM32H7S7L8H6H, STM32H7S7Z8J6, STM32L4R5QGI6STR, STM32MP131AAE3, STM32MP131AAF3, STM32MP131AAG3, STM32MP131CAE3, STM32MP131CAF3, STM32MP131CAG3, STM32MP131DAE7, STM32MP131DAF7, STM32MP131DAG7, STM32MP131FAE7, STM32MP131FAF7, STM32MP131FAG7, STM32MP133AAE3, STM32MP133AAF3, STM32MP133AAG3, STM32MP133CAE3, STM32MP133CAF3, STM32MP133CAG3, STM32MP133DAE7, STM32MP133DAF7, STM32MP133DAG7, STM32MP133FAE7, STM32MP133FAF7, STM32MP133FAG7, STM32MP135AAE3, STM32MP135AAF3, STM32MP135AAG3, STM32MP135CAE3, STM32MP135CAF3, STM32MP135CAG3, STM32MP135DAE7, STM32MP135DAF7, STM32MP135DAG7, STM32MP135F-DK, STM32MP135FAE7, STM32MP135FAF7, STM32MP135FAF7T, STM32MP135FAF7U, STM32MP135FAG7, STM32MP211AAL3, STM32MP211AAM3, STM32MP211AAN3, STM32MP211AAO3, STM32MP211CAL3, STM32MP211CAM3, STM32MP211CAN3, STM32MP211CAO3, STM32MP211DAL3, STM32MP211DAM3, STM32MP211DAN3, STM32MP211DAO3, STM32MP211FAL3, STM32MP211FAM3, STM32MP211FAN3, STM32MP211FAO3, STM32MP213AAL3, STM32MP213AAM3, STM32MP213AAN3, STM32MP213AAO3, STM32MP213CAL3, STM32MP213CAM3, STM32MP213CAN3, STM32MP213CAO3, STM32MP213DAL3, STM32MP213DAM3, STM32MP213DAN3, STM32MP213DAO3, STM32MP213FAL3, STM32MP213FAM3, STM32MP213FAN3, STM32MP213FAO3, STM32MP215AAL3, STM32MP215AAM3, STM32MP215AAN3, STM32MP215AAO3, STM32MP215CAL3, STM32MP215CAM3, STM32MP215CAN3, STM32MP215CAO3, STM32MP215DAL3, STM32MP215DAM3, STM32MP215DAN3, STM32MP215DAO3, STM32MP215F-DK, STM32MP215FAL3, STM32MP215FAM3, STM32MP215FAN3, STM32MP215FAO3, STM32MP231AAJ3, STM32MP231AAK3, STM32MP231AAL3, STM32MP231CAJ3, STM32MP231CAK3, STM32MP231CAL3, STM32MP231DAJ3, STM32MP231DAK3, STM32MP231DAL3, STM32MP231FAJ3, STM32MP231FAK3, STM32MP231FAL3, STM32MP233AAJ3, STM32MP233AAK3, STM32MP233AAL3, STM32MP233CAJ3, STM32MP233CAK3, STM32MP233CAL3, STM32MP233DAJ3, STM32MP233DAK3, STM32MP233DAL3, STM32MP233FAJ3, STM32MP233FAK3, STM32MP233FAL3, STM32MP235AAJ3, STM32MP235AAK3, STM32MP235AAL3, STM32MP235CAJ3, STM32MP235CAK3, STM32MP235CAL3, STM32MP235DAJ3, STM32MP235DAK3, STM32MP235DAL3, STM32MP235FAJ3, STM32MP235FAK3, STM32MP235FAL3, STM32MP251AAI3, STM32MP251AAK3, STM32MP251AAL3, STM32MP251CAI3, STM32MP251CAK3, STM32MP251CAL3, STM32MP251DAI3, STM32MP251DAK3, STM32MP251DAL3, STM32MP251FAI3, STM32MP251FAK3, STM32MP251FAL3, STM32MP253AAI3, STM32MP253AAK3, STM32MP253AAL3, STM32MP253CAI3, STM32MP253CAK3, STM32MP253CAL3, STM32MP253DAI3, STM32MP253DAK3, STM32MP253DAL3, STM32MP253FAI3, STM32MP253FAK3, STM32MP253FAL3, STM32MP255AAI3, STM32MP255AAK3, STM32MP255AAL3, STM32MP255CAI3, STM32MP255CAK3, STM32MP255CAL3, STM32MP255DAI3, STM32MP255DAK3, STM32MP255DAL3, STM32MP255FAI3, STM32MP255FAK3, STM32MP255FAL3, STM32MP257AAI3, STM32MP257AAK3, STM32MP257AAL3, STM32MP257CAI3, STM32MP257CAK3, STM32MP257CAL3, STM32MP257DAI3, STM32MP257DAK3, STM32MP257DAL3, STM32MP257F-DK, STM32MP257F-EV1, STM32MP257FAI3, STM32MP257FAK3, STM32MP257FAL3, STM32N645A0H3Q, STM32N645B0H3Q, STM32N645I0H3Q, STM32N645L0H3Q, STM32N645X0H3Q, STM32N645Z0H3Q, STM32N647A0H3Q, STM32N647B0H3Q, STM32N647I0H3Q, STM32N647L0H3Q, STM32N647X0H3Q, STM32N647Z0H3Q, STM32N655A0H3Q, STM32N655B0H3Q, STM32N655I0H3Q, STM32N655L0H3Q, STM32N655X0H3Q, STM32N655Z0H3Q, STM32N6570-DK, STM32N657A0H3Q, STM32N657B0H3Q, STM32N657I0H3Q, STM32N657L0H3Q, STM32N657X0H3Q, STM32N657Z0H3Q, STM32U031C6T6, STM32U031C6U6, STM32U031C8T6, STM32U031C8U6, STM32U031F4P6, STM32U031F6P6, STM32U031F8P6, STM32U031G6Y6TR, STM32U031G8Y6TR, STM32U031K4U6, STM32U031K6U6, STM32U031K8U6, STM32U031R6I6, STM32U031R6T6, STM32U031R8I6, STM32U031R8T6, STM32U073C8T6, STM32U073C8U6, STM32U073CBT6, STM32U073CBU6, STM32U073CCT6, STM32U073CCU6, STM32U073H8Y6TR, STM32U073HBY6TR, STM32U073HCY6TR, STM32U073K8U6, STM32U073KBU6, STM32U073KCU6, STM32U073M8I6, STM32U073M8T6, STM32U073MBI6, STM32U073MBT6, STM32U073MCI6, STM32U073MCT6, STM32U073R8I6, STM32U073R8T6, STM32U073RBI6, STM32U073RBT6, STM32U073RCI6, STM32U073RCT6, STM32U083C-DK, STM32U083CCT6, STM32U083CCU6, STM32U083HCY6TR, STM32U083KCU6, STM32U083MCI6, STM32U083MCT6, STM32U083RCI6, STM32U083RCT6, STM32U375CET6, STM32U375CET6Q, STM32U375CEU6, STM32U375CEU6Q, STM32U375CEY6QTR, STM32U375CGT6, STM32U375CGT6Q, STM32U375CGU6, STM32U375CGU6Q, STM32U375CGY6QTR, STM32U375KEU6, STM32U375KGU6, STM32U375REI6, STM32U375REI6Q, STM32U375RET6, STM32U375RET6Q, STM32U375REY6GTR, STM32U375REY6QTR, STM32U375RGI6, STM32U375RGI6Q, STM32U375RGT6, STM32U375RGT6Q, STM32U375RGY6GTR, STM32U375RGY6QTR, STM32U375VEI6, STM32U375VEI6Q, STM32U375VET6, STM32U375VET6Q, STM32U375VGI6, STM32U375VGI6Q, STM32U375VGT6, STM32U375VGT6Q, STM32U385CGT6, STM32U385CGT6Q, STM32U385CGU6, STM32U385CGU6Q, STM32U385CGY6QTR, STM32U385KGU6, STM32U385RGI6, STM32U385RGI6Q, STM32U385RGT6, STM32U385RGT6Q, STM32U385RGY6GTR, STM32U385RGY6QTR, STM32U385VGI6, STM32U385VGI6Q, STM32U385VGT6, STM32U385VGT6Q, STM32U535CBT6, STM32U535CBT6Q, STM32U535CBU6, STM32U535CBU6Q, STM32U535CCT6, STM32U535CCT6Q, STM32U535CCU6, STM32U535CCU6Q, STM32U535CET6, STM32U535CET6Q, STM32U535CEU6, STM32U535CEU6Q, STM32U535JEY6QTR, STM32U535NCY6QTR, STM32U535NEY6QTR, STM32U535RBI6, STM32U535RBI6Q, STM32U535RBT6, STM32U535RBT6Q, STM32U535RCI6, STM32U535RCI6Q, STM32U535RCT6, STM32U535RCT6Q, STM32U535REI6, STM32U535REI6Q, STM32U535RET6, STM32U535RET6Q, STM32U535VCI6, STM32U535VCI6Q, STM32U535VCT6, STM32U535VCT6Q, STM32U535VEI6, STM32U535VEI6Q, STM32U535VET6, STM32U535VET6Q, STM32U545CET6, STM32U545CET6Q, STM32U545CEU6, STM32U545CEU6Q, STM32U545JEY6QTR, STM32U545NEY6QTR, STM32U545REI6, STM32U545REI6Q, STM32U545RET6, STM32U545RET6Q, STM32U545VEI6, STM32U545VEI6Q, STM32U545VET6, STM32U545VET6Q, STM32U595AIH6, STM32U595AIH6Q, STM32U595AJH6, STM32U595AJH6Q, STM32U595QII6, STM32U595QII6Q, STM32U595QJI6, STM32U595QJI6Q, STM32U595RIT6, STM32U595RIT6Q, STM32U595RJT6, STM32U595RJT6Q, STM32U595VIT6, STM32U595VIT6Q, STM32U595VJT6, STM32U595VJT6Q, STM32U595ZIT6, STM32U595ZIT6Q, STM32U595ZIY6QTR, STM32U595ZJT6, STM32U595ZJT6Q, STM32U595ZJY6QTR, STM32U599BJY6QTR, STM32U599NIH6Q, STM32U599NJH6Q, STM32U599VIT6Q, STM32U599VJT6, STM32U599VJT6Q, STM32U599ZIT6Q, STM32U599ZIY6QTR, STM32U599ZJT6Q, STM32U599ZJY6QTR, STM32U5A5AJH6, STM32U5A5AJH6Q, STM32U5A5QII3Q , STM32U5A5QJI6, STM32U5A5QJI6Q, STM32U5A5RJT6, STM32U5A5RJT6Q, STM32U5A5VJT6, STM32U5A5VJT6Q, STM32U5A5ZJT6, STM32U5A5ZJT6Q, STM32U5A5ZJY6QTR, STM32U5A9BJY6QTR, STM32U5A9J-DK, STM32U5A9NJH6Q, STM32U5A9VJT6Q, STM32U5A9ZJT6Q, STM32U5A9ZJY6QTR, STM32U5F7VIT6, STM32U5F7VIT6Q, STM32U5F7VJT6, STM32U5F7VJT6Q, STM32U5F9BJY6QTR, STM32U5F9NJH6Q, STM32U5F9VIT6Q, STM32U5F9VJT6Q, STM32U5F9ZIJ6QTR, STM32U5F9ZIT6Q, STM32U5F9ZJJ6QTR, STM32U5F9ZJT6Q, STM32U5G7VJT6, STM32U5G7VJT6Q, STM32U5G9BJY6QTR, STM32U5G9J-DK1, STM32U5G9J-DK2, STM32U5G9NJH6Q, STM32U5G9VJT6Q, STM32U5G9ZJJ6QTR, STM32U5G9ZJT6Q, STM32WB05KZV6TR, STM32WB05KZV7TR, STM32WB05TZF6TR, STM32WB05TZF7TR, STM32WB06CCF6TR, STM32WB06CCF7TR, STM32WB06CCV6TR, STM32WB06CCV7TR, STM32WB06KCV6TR, STM32WB06KCV7TR, STM32WB07CCF6TR, STM32WB07CCF7TR, STM32WB07CCV6TR, STM32WB07CCV7TR, STM32WB07KCV6TR, STM32WB07KCV7TR, STM32WB09KEV6TR, STM32WB09KEV7TR, STM32WB09TEF6TR, STM32WB09TEF7TR, STM32WB1MMCH6, STM32WBA50KGU6, STM32WBA50KGU6TR, STM32WBA52CEU6, STM32WBA52CEU6TR, STM32WBA52CEU7, STM32WBA52CEU7TR, STM32WBA52CGU6, STM32WBA52CGU6TR, STM32WBA52CGU6U, STM32WBA52CGU7, STM32WBA52CGU7TR, STM32WBA52KEU6, STM32WBA52KEU6TR, STM32WBA52KGU6, STM32WBA52KGU6TR, STM32WBA54CEU6, STM32WBA54CEU6TR, STM32WBA54CEU7, STM32WBA54CEU7TR, STM32WBA54CGU6, STM32WBA54CGU6TR, STM32WBA54CGU7, STM32WBA54CGU7TR, STM32WBA54KEU6, STM32WBA54KEU6TR, STM32WBA54KEU7, STM32WBA54KEU7TR, STM32WBA54KGU6, STM32WBA54KGU6TR, STM32WBA54KGU7, STM32WBA54KGU7TR, STM32WBA55CEU6, STM32WBA55CEU6TR, STM32WBA55CEU7, STM32WBA55CEU7TR, STM32WBA55CGU6, STM32WBA55CGU6TR, STM32WBA55CGU6U, STM32WBA55CGU7, STM32WBA55CGU7TR, STM32WBA55G-DK1, STM32WBA55HEF6, STM32WBA55HEF7, STM32WBA55HGF6, STM32WBA55HGF7, STM32WBA55UEI6, STM32WBA55UEI6TR, STM32WBA55UEI7, STM32WBA55UEI7TR, STM32WBA55UGI6, STM32WBA55UGI6TR, STM32WBA55UGI7, STM32WBA55UGI7TR, STM32WBA5MMGH6TR, STM32WBA62MGF6, STM32WBA62MIF6, STM32WBA65MGF7, STM32WBA65MIF6, STM32WBA65MIF7, STM32WL30K8V6, STM32WL30KBV6, STM32WL31C8V6, STM32WL31CBV6, STM32WL31K8V6, STM32WL31KBV6, STM32WL33C8V6, STM32WL33C8V6X, STM32WL33CBV6, STM32WL33CBV6X, STM32WL33CCV6, STM32WL33CCV6A, STM32WL33CCV6X, STM32WL33K8V7, STM32WL33K8V7X, STM32WL33KBV7 , STM32WL33KBV7X, STM32WL33KCV7, STM32WL33KCV7X, STM32WL5MOCH6, STM32WL5MOCH6TR]
2025-12-08 14:34:59,186 [INFO] DbMcus:218 - Found 4876 MCUs, 4876 are supported
2025-12-08 14:34:59,187 [INFO] ApiDb:423 - Load user favorites file C:\Users\niels/.stm32cubeide/favorites.mcus.txt: 0 item(s)
2025-12-08 14:34:59,187 [INFO] ApiDb:427 - User favorites MCUs=[]
2025-12-08 14:34:59,188 [INFO] DbMcus:224 - Set 0 / 0 favorites MCUs
2025-12-08 14:34:59,555 [INFO] ApiDb:668 - CubeFinder database Data Model version=2.1
2025-12-08 14:34:59,555 [INFO] ApiDb:669 - CubeFinder database Configuration version=3.0.39
2025-12-08 14:34:59,555 [INFO] ApiDb:670 - CubeFinder database generation date=2025-11-05 (1762334721)
2025-12-08 14:34:59,555 [INFO] ApiDb:671 - CubeFinder database FW Pack versions=[FP-ATR-ASTRA1_V2.0.0, FP-SNS-FLIGHT1_V5.1.0, FP-SNS-MOTENV1_V5.1.0, FP-SNS-MOTENVWB1_V1.4.0, FP-SNS-SMARTAG2_V1.2.0, FP-SNS-STBOX1_V2.1.0, STM32Cube_FW_C0_V1.4.0, STM32Cube_FW_F4_V1.28.3, STM32Cube_FW_F7_V1.17.4, STM32Cube_FW_G0_V1.6.2, STM32Cube_FW_G4_V1.6.1, STM32Cube_FW_H5_V1.5.1, STM32Cube_FW_H7RS_V1.3.0, STM32Cube_FW_H7_V1.12.1, STM32Cube_FW_L0_V1.12.2, STM32Cube_FW_L4_V1.18.1, STM32Cube_FW_L5_V1.6.0, STM32Cube_FW_N6_V1.3.0, STM32Cube_FW_U0_V1.3.0, STM32Cube_FW_U3_V1.2.1, STM32Cube_FW_U5_V1.8.0, STM32Cube_FW_WB0_V1.4.0, STM32Cube_FW_WBA_V1.8.0, STM32Cube_FW_WB_V1.24.0, STM32Cube_FW_WL3_V1.3.0, STM32Cube_FW_WL_V1.4.0, X-CUBE-ALGOBUILD_V1.4.0, X-CUBE-ALS_V1.0.2, X-CUBE-AZRTOS-F4_V1.1.0, X-CUBE-AZRTOS-F7_V1.1.0, X-CUBE-AZRTOS-G0_V1.1.0, X-CUBE-AZRTOS-G4_V2.0.0, X-CUBE-AZRTOS-H7RS_V1.1.0, X-CUBE-AZRTOS-H7_V3.4.0, X-CUBE-AZRTOS-L4_V2.0.0, X-CUBE-AZRTOS-L5_V2.0.0, X-CUBE-AZRTOS-WB_V2.0.0, X-CUBE-AZRTOS-WL_V2.0.0, X-CUBE-BLE1_V7.1.0, X-CUBE-BLE2_V3.3.0, X-CUBE-BLEMGR_V4.1.0, X-CUBE-EEPRMA1_V5.2.0, X-CUBE-FREERTOS_V1.3.1, X-CUBE-GNSS1_V6.0.0, X-CUBE-MEMS1_V11.3.0, X-CUBE-NFC4_V3.0.0, X-CUBE-NFC7_V2.0.0, X-CUBE-SFXS2LP1_V4.0.0, X-CUBE-ST67W61_V1.1.0, X-CUBE-SUBG2_V5.0.0, X-CUBE-TOF1_V3.4.3]
2025-12-08 14:34:59,617 [INFO] DbBoardsSqlite:226 - include board P-NUCLEO-WB55-NUCLEO as a kit item of type 'Nucleo-64'
2025-12-08 14:34:59,617 [INFO] DbBoardsSqlite:226 - include board P-NUCLEO-WB55-USBDONGLE as a kit item of type 'Nucleo USB Dongle'
2025-12-08 14:34:59,617 [INFO] DbBoardsSqlite:226 - include board STEVAL-IDP005V1 as a kit item of type 'Evaluation Board'
2025-12-08 14:34:59,618 [INFO] DbBoardsSqlite:226 - include board STEVAL-IDP005V2 as a kit item of type 'Evaluation Board'
2025-12-08 14:34:59,691 [INFO] ApiDb:240 - Found 880 in-development CPN: [B-G473E-ZEST1S, B-WB1M-WPAN1, B-WBA5M-WPAN, B-WL5M-SUBG1, NUCLEO-C031C6, NUCLEO-C051C8, NUCLEO-C071RB, NUCLEO-C092RC, NUCLEO-H503RB, NUCLEO-H533RE, NUCLEO-H563ZI, NUCLEO-H7S3L8, NUCLEO-N657X0-Q, NUCLEO-U031R8, NUCLEO-U083RC, NUCLEO-U385RG-Q, NUCLEO-U545RE-Q, NUCLEO-U5A5ZJ-Q, NUCLEO-WB05KZ, NUCLEO-WB07CC, NUCLEO-WB09KE, NUCLEO-WBA52CG, NUCLEO-WBA55CG, NUCLEO-WL33CC1, NUCLEO-WL33CC2, STEVAL-PROTEUS1, STEVAL-SMARTAG2, STEVAL-STWINBX1, STM320518-EVAL, STM32C0116-DK, STM32C011D6Y3TR, STM32C011D6Y6TR, STM32C011F4P3, STM32C011F4P6, STM32C011F4U3, STM32C011F4U6TR, STM32C011F6P3, STM32C011F6P6, STM32C011F6U3, STM32C011F6U6TR, STM32C011J4M3, STM32C011J4M6, STM32C011J6M3, STM32C011J6M6, STM32C0316-DK, STM32C031C4T3, STM32C031C4T6, STM32C031C4U3, STM32C031C4U6, STM32C031C6T3, STM32C031C6T6, STM32C031C6U3, STM32C031C6U6, STM32C031F4P3, STM32C031F4P6, STM32C031F6P3, STM32C031F6P6, STM32C031G4U3, STM32C031G4U6, STM32C031G6U3, STM32C031G6U6, STM32C031K4T3, STM32C031K4T6, STM32C031K4U3, STM32C031K4U6, STM32C031K6T3, STM32C031K6T6, STM32C031K6U3, STM32C031K6U6, STM32C051C6T6, STM32C051C6U6, STM32C051C8T6, STM32C051C8U6, STM32C051D8Y6TR, STM32C051F6P6, STM32C051F8P6, STM32C051G6U6, STM32C051G8U6, STM32C051K6T6, STM32C051K6U6, STM32C051K8T6, STM32C071C8T6, STM32C071C8T6N, STM32C071C8U6, STM32C071C8U6N, STM32C071CBT6, STM32C071CBT6N, STM32C071CBU6, STM32C071CBU6N, STM32C071F8P6, STM32C071F8P6N, STM32C071FBP6, STM32C071FBP6N, STM32C071FBY6TR, STM32C071G8U6, STM32C071G8U6N, STM32C071GBU6, STM32C071GBU6N, STM32C071K8T6, STM32C071K8T6N, STM32C071K8U6, STM32C071K8U6N, STM32C071KBT6, STM32C071KBT6N, STM32C071KBU6, STM32C071KBU6N, STM32C071R8T6, STM32C071R8T6N, STM32C071RBI6N, STM32C071RBT6, STM32C071RBT6N, STM32C091CBT6, STM32C091CBU6, STM32C091CCT6, STM32C091CCU6, STM32C091ECY6TR, STM32C091FBP6, STM32C091FCP6, STM32C091GBU6, STM32C091GCU6, STM32C091KBT6, STM32C091KBU6, STM32C091KCT6, STM32C091KCU6, STM32C091RBT6, STM32C091RCI6, STM32C091RCT6, STM32C092CBT6, STM32C092CBU6, STM32C092CCT6, STM32C092CCU6, STM32C092ECY6TR, STM32C092FBP6, STM32C092FCP6, STM32C092GBU6, STM32C092GCU6, STM32C092KBT6, STM32C092KBU6, STM32C092KCT6, STM32C092KCU6, STM32C092RBT6, STM32C092RCI6, STM32C092RCT6, STM32G071K8TXN, STM32G071K8UXN, STM32G081GBU6N, STM32G081KBT6N, STM32G081KBUXN, STM32G0B1CCT6N, STM32G0B1KCT6, STM32G0B1NEY6TR, STM32G0B1RCT6N, STM32G0C1CCT6, STM32G0C1CCT6N, STM32G0C1CCU6N, STM32G0C1CET6N, STM32G0C1CEU6N, STM32G0C1KCT6, STM32G0C1NEY6TR, STM32G0C1RCI6N, STM32G0C1RCT6N, STM32G0C1REI6N, STM32G0C1RET6N, STM32G0C1VCI6, STM32G0C1VEI6, STM32G411C6T3, STM32G411C6T6, STM32G411C6U3, STM32G411C6U6, STM32G411C8T3, STM32G411C8T6, STM32G411C8U3, STM32G411C8U6, STM32G411CBT3, STM32G411CBT6, STM32G411CBU3, STM32G411CBU6, STM32G411K6T3, STM32G411K6T6, STM32G411K6U3, STM32G411K6U6, STM32G411K8T3, STM32G411K8T6, STM32G411K8U3, STM32G411K8U6, STM32G411KBT3, STM32G411KBT6, STM32G411KBU3, STM32G411KBU6, STM32G411M6T3, STM32G411M6T6, STM32G411M8T3, STM32G411M8T6, STM32G411MBT3, STM32G411MBT6, STM32G411R6T3, STM32G411R6T6, STM32G411R8T3, STM32G411R8T6, STM32G411RBT3, STM32G411RBT6, STM32G414CBT3, STM32G414CBT6, STM32G414CBU3, STM32G414CBU6, STM32G414CCT3, STM32G414CCT6, STM32G414CCU3, STM32G414CCU6, STM32G414MBT3, STM32G414MBT6, STM32G414MCT3, STM32G414MCT6, STM32G414RBT3, STM32G414RBT6, STM32G414RCT3, STM32G414RCT6, STM32G414VBT3, STM32G414VBT6, STM32G414VCT3, STM32G414VCT6, STM32G431CBT3Z, STM32G431RBT3Z, STM32G471CCT6, STM32G471CCU6, STM32G471CET3, STM32G471CET6, STM32G471CEU3, STM32G471CEU6, STM32G471MCT6, STM32G471MET3, STM32G471MET6, STM32G471MEY6TR, STM32G471QCT6, STM32G471QET3, STM32G471RCT6, STM32G471RET3, STM32G471RET6, STM32G471VCH6, STM32G471VCI6, STM32G471VCT6, STM32G471VEH3, STM32G471VEH6, STM32G471VEI3, STM32G471VEI6, STM32G471VET3, STM32G471VET6, STM32G473QET3Z, STM32G473RET3Z, STM32G474CCT6, STM32G491RET3Z, STM32H503CBT6, STM32H503CBU6, STM32H503EBY6TR, STM32H503KBU6, STM32H503RBT6, STM32H523CCT6, STM32H523CCU6, STM32H523CET6, STM32H523CEU6, STM32H523HEY6TR, STM32H523RCT6, STM32H523RET6, STM32H523VCI6, STM32H523VCT6, STM32H523VEI6, STM32H523VET6, STM32H523ZCJ6, STM32H523ZCT6, STM32H523ZEJ6, STM32H523ZET6, STM32H533CET6, STM32H533CEU6, STM32H533HEY6TR, STM32H533RET6, STM32H533VEI6, STM32H533VET6, STM32H533ZEJ6, STM32H533ZET6, STM32H562AGI6, STM32H562AII6, STM32H562IGK6, STM32H562IGT6, STM32H562IIK6, STM32H562IIT6, STM32H562RGT6, STM32H562RGV6, STM32H562RIT6, STM32H562RIV6, STM32H562VGT6, STM32H562VIT6, STM32H562ZGT6, STM32H562ZIT6, STM32H563AGI6, STM32H563AII3Q, STM32H563AII6, STM32H563IGK6, STM32H563IGT6, STM32H563IIK3Q, STM32H563IIK6, STM32H563IIT3Q, STM32H563IIT6, STM32H563MIY3QTR, STM32H563RGT6, STM32H563RGV6, STM32H563RIT6, STM32H563RIV6, STM32H563VGT6, STM32H563VIT3Q, STM32H563VIT6, STM32H563ZGT6, STM32H563ZIT3Q, STM32H563ZIT6, STM32H573AII3Q, STM32H573AII6, STM32H573I-DK, STM32H573IIK3Q, STM32H573IIK6, STM32H573IIT3Q, STM32H573IIT6, STM32H573MIY3QTR, STM32H573RIT6, STM32H573RIV6, STM32H573VIT3Q, STM32H573VIT6, STM32H573ZIT3Q, STM32H573ZIT6, STM32H7R3A8I6, STM32H7R3I8K6, STM32H7R3I8T6, STM32H7R3L8H6, STM32H7R3L8H6H, STM32H7R3R8V6, STM32H7R3V8H6, STM32H7R3V8T6, STM32H7R3V8Y6TR, STM32H7R3Z8J6, STM32H7R3Z8T6, STM32H7R7A8I6, STM32H7R7I8K6, STM32H7R7I8T6, STM32H7R7L8H6, STM32H7R7L8H6H, STM32H7R7Z8J6, STM32H7S3A8I6, STM32H7S3I8K6, STM32H7S3I8T6, STM32H7S3L8H6, STM32H7S3L8H6H, STM32H7S3R8V6, STM32H7S3V8H6, STM32H7S3V8T6, STM32H7S3V8Y6TR, STM32H7S3Z8J6, STM32H7S3Z8T6, STM32H7S78-DK, STM32H7S7A8I6, STM32H7S7I8K6, STM32H7S7I8T6, STM32H7S7L8H6, STM32H7S7L8H6H, STM32H7S7Z8J6, STM32L4R5QGI6STR, STM32MP131AAE3, STM32MP131AAF3, STM32MP131AAG3, STM32MP131CAE3, STM32MP131CAF3, STM32MP131CAG3, STM32MP131DAE7, STM32MP131DAF7, STM32MP131DAG7, STM32MP131FAE7, STM32MP131FAF7, STM32MP131FAG7, STM32MP133AAE3, STM32MP133AAF3, STM32MP133AAG3, STM32MP133CAE3, STM32MP133CAF3, STM32MP133CAG3, STM32MP133DAE7, STM32MP133DAF7, STM32MP133DAG7, STM32MP133FAE7, STM32MP133FAF7, STM32MP133FAG7, STM32MP135AAE3, STM32MP135AAF3, STM32MP135AAG3, STM32MP135CAE3, STM32MP135CAF3, STM32MP135CAG3, STM32MP135DAE7, STM32MP135DAF7, STM32MP135DAG7, STM32MP135F-DK, STM32MP135FAE7, STM32MP135FAF7, STM32MP135FAF7T, STM32MP135FAF7U, STM32MP135FAG7, STM32MP211AAL3, STM32MP211AAM3, STM32MP211AAN3, STM32MP211AAO3, STM32MP211CAL3, STM32MP211CAM3, STM32MP211CAN3, STM32MP211CAO3, STM32MP211DAL3, STM32MP211DAM3, STM32MP211DAN3, STM32MP211DAO3, STM32MP211FAL3, STM32MP211FAM3, STM32MP211FAN3, STM32MP211FAO3, STM32MP213AAL3, STM32MP213AAM3, STM32MP213AAN3, STM32MP213AAO3, STM32MP213CAL3, STM32MP213CAM3, STM32MP213CAN3, STM32MP213CAO3, STM32MP213DAL3, STM32MP213DAM3, STM32MP213DAN3, STM32MP213DAO3, STM32MP213FAL3, STM32MP213FAM3, STM32MP213FAN3, STM32MP213FAO3, STM32MP215AAL3, STM32MP215AAM3, STM32MP215AAN3, STM32MP215AAO3, STM32MP215CAL3, STM32MP215CAM3, STM32MP215CAN3, STM32MP215CAO3, STM32MP215DAL3, STM32MP215DAM3, STM32MP215DAN3, STM32MP215DAO3, STM32MP215F-DK, STM32MP215FAL3, STM32MP215FAM3, STM32MP215FAN3, STM32MP215FAO3, STM32MP231AAJ3, STM32MP231AAK3, STM32MP231AAL3, STM32MP231CAJ3, STM32MP231CAK3, STM32MP231CAL3, STM32MP231DAJ3, STM32MP231DAK3, STM32MP231DAL3, STM32MP231FAJ3, STM32MP231FAK3, STM32MP231FAL3, STM32MP233AAJ3, STM32MP233AAK3, STM32MP233AAL3, STM32MP233CAJ3, STM32MP233CAK3, STM32MP233CAL3, STM32MP233DAJ3, STM32MP233DAK3, STM32MP233DAL3, STM32MP233FAJ3, STM32MP233FAK3, STM32MP233FAL3, STM32MP235AAJ3, STM32MP235AAK3, STM32MP235AAL3, STM32MP235CAJ3, STM32MP235CAK3, STM32MP235CAL3, STM32MP235DAJ3, STM32MP235DAK3, STM32MP235DAL3, STM32MP235FAJ3, STM32MP235FAK3, STM32MP235FAL3, STM32MP251AAI3, STM32MP251AAK3, STM32MP251AAL3, STM32MP251CAI3, STM32MP251CAK3, STM32MP251CAL3, STM32MP251DAI3, STM32MP251DAK3, STM32MP251DAL3, STM32MP251FAI3, STM32MP251FAK3, STM32MP251FAL3, STM32MP253AAI3, STM32MP253AAK3, STM32MP253AAL3, STM32MP253CAI3, STM32MP253CAK3, STM32MP253CAL3, STM32MP253DAI3, STM32MP253DAK3, STM32MP253DAL3, STM32MP253FAI3, STM32MP253FAK3, STM32MP253FAL3, STM32MP255AAI3, STM32MP255AAK3, STM32MP255AAL3, STM32MP255CAI3, STM32MP255CAK3, STM32MP255CAL3, STM32MP255DAI3, STM32MP255DAK3, STM32MP255DAL3, STM32MP255FAI3, STM32MP255FAK3, STM32MP255FAL3, STM32MP257AAI3, STM32MP257AAK3, STM32MP257AAL3, STM32MP257CAI3, STM32MP257CAK3, STM32MP257CAL3, STM32MP257DAI3, STM32MP257DAK3, STM32MP257DAL3, STM32MP257F-DK, STM32MP257F-EV1, STM32MP257FAI3, STM32MP257FAK3, STM32MP257FAL3, STM32N645A0H3Q, STM32N645B0H3Q, STM32N645I0H3Q, STM32N645L0H3Q, STM32N645X0H3Q, STM32N645Z0H3Q, STM32N647A0H3Q, STM32N647B0H3Q, STM32N647I0H3Q, STM32N647L0H3Q, STM32N647X0H3Q, STM32N647Z0H3Q, STM32N655A0H3Q, STM32N655B0H3Q, STM32N655I0H3Q, STM32N655L0H3Q, STM32N655X0H3Q, STM32N655Z0H3Q, STM32N6570-DK, STM32N657A0H3Q, STM32N657B0H3Q, STM32N657I0H3Q, STM32N657L0H3Q, STM32N657X0H3Q, STM32N657Z0H3Q, STM32U031C6T6, STM32U031C6U6, STM32U031C8T6, STM32U031C8U6, STM32U031F4P6, STM32U031F6P6, STM32U031F8P6, STM32U031G6Y6TR, STM32U031G8Y6TR, STM32U031K4U6, STM32U031K6U6, STM32U031K8U6, STM32U031R6I6, STM32U031R6T6, STM32U031R8I6, STM32U031R8T6, STM32U073C8T6, STM32U073C8U6, STM32U073CBT6, STM32U073CBU6, STM32U073CCT6, STM32U073CCU6, STM32U073H8Y6TR, STM32U073HBY6TR, STM32U073HCY6TR, STM32U073K8U6, STM32U073KBU6, STM32U073KCU6, STM32U073M8I6, STM32U073M8T6, STM32U073MBI6, STM32U073MBT6, STM32U073MCI6, STM32U073MCT6, STM32U073R8I6, STM32U073R8T6, STM32U073RBI6, STM32U073RBT6, STM32U073RCI6, STM32U073RCT6, STM32U083C-DK, STM32U083CCT6, STM32U083CCU6, STM32U083HCY6TR, STM32U083KCU6, STM32U083MCI6, STM32U083MCT6, STM32U083RCI6, STM32U083RCT6, STM32U375CET6, STM32U375CET6Q, STM32U375CEU6, STM32U375CEU6Q, STM32U375CEY6QTR, STM32U375CGT6, STM32U375CGT6Q, STM32U375CGU6, STM32U375CGU6Q, STM32U375CGY6QTR, STM32U375KEU6, STM32U375KGU6, STM32U375REI6, STM32U375REI6Q, STM32U375RET6, STM32U375RET6Q, STM32U375REY6GTR, STM32U375REY6QTR, STM32U375RGI6, STM32U375RGI6Q, STM32U375RGT6, STM32U375RGT6Q, STM32U375RGY6GTR, STM32U375RGY6QTR, STM32U375VEI6, STM32U375VEI6Q, STM32U375VET6, STM32U375VET6Q, STM32U375VGI6, STM32U375VGI6Q, STM32U375VGT6, STM32U375VGT6Q, STM32U385CGT6, STM32U385CGT6Q, STM32U385CGU6, STM32U385CGU6Q, STM32U385CGY6QTR, STM32U385KGU6, STM32U385RGI6, STM32U385RGI6Q, STM32U385RGT6, STM32U385RGT6Q, STM32U385RGY6GTR, STM32U385RGY6QTR, STM32U385VGI6, STM32U385VGI6Q, STM32U385VGT6, STM32U385VGT6Q, STM32U535CBT6, STM32U535CBT6Q, STM32U535CBU6, STM32U535CBU6Q, STM32U535CCT6, STM32U535CCT6Q, STM32U535CCU6, STM32U535CCU6Q, STM32U535CET6, STM32U535CET6Q, STM32U535CEU6, STM32U535CEU6Q, STM32U535JEY6QTR, STM32U535NCY6QTR, STM32U535NEY6QTR, STM32U535RBI6, STM32U535RBI6Q, STM32U535RBT6, STM32U535RBT6Q, STM32U535RCI6, STM32U535RCI6Q, STM32U535RCT6, STM32U535RCT6Q, STM32U535REI6, STM32U535REI6Q, STM32U535RET6, STM32U535RET6Q, STM32U535VCI6, STM32U535VCI6Q, STM32U535VCT6, STM32U535VCT6Q, STM32U535VEI6, STM32U535VEI6Q, STM32U535VET6, STM32U535VET6Q, STM32U545CET6, STM32U545CET6Q, STM32U545CEU6, STM32U545CEU6Q, STM32U545JEY6QTR, STM32U545NEY6QTR, STM32U545REI6, STM32U545REI6Q, STM32U545RET6, STM32U545RET6Q, STM32U545VEI6, STM32U545VEI6Q, STM32U545VET6, STM32U545VET6Q, STM32U595AIH6, STM32U595AIH6Q, STM32U595AJH6, STM32U595AJH6Q, STM32U595QII6, STM32U595QII6Q, STM32U595QJI6, STM32U595QJI6Q, STM32U595RIT6, STM32U595RIT6Q, STM32U595RJT6, STM32U595RJT6Q, STM32U595VIT6, STM32U595VIT6Q, STM32U595VJT6, STM32U595VJT6Q, STM32U595ZIT6, STM32U595ZIT6Q, STM32U595ZIY6QTR, STM32U595ZJT6, STM32U595ZJT6Q, STM32U595ZJY6QTR, STM32U599BJY6QTR, STM32U599NIH6Q, STM32U599NJH6Q, STM32U599VIT6Q, STM32U599VJT6, STM32U599VJT6Q, STM32U599ZIT6Q, STM32U599ZIY6QTR, STM32U599ZJT6Q, STM32U599ZJY6QTR, STM32U5A5AJH6, STM32U5A5AJH6Q, STM32U5A5QII3Q , STM32U5A5QJI6, STM32U5A5QJI6Q, STM32U5A5RJT6, STM32U5A5RJT6Q, STM32U5A5VJT6, STM32U5A5VJT6Q, STM32U5A5ZJT6, STM32U5A5ZJT6Q, STM32U5A5ZJY6QTR, STM32U5A9BJY6QTR, STM32U5A9J-DK, STM32U5A9NJH6Q, STM32U5A9VJT6Q, STM32U5A9ZJT6Q, STM32U5A9ZJY6QTR, STM32U5F7VIT6, STM32U5F7VIT6Q, STM32U5F7VJT6, STM32U5F7VJT6Q, STM32U5F9BJY6QTR, STM32U5F9NJH6Q, STM32U5F9VIT6Q, STM32U5F9VJT6Q, STM32U5F9ZIJ6QTR, STM32U5F9ZIT6Q, STM32U5F9ZJJ6QTR, STM32U5F9ZJT6Q, STM32U5G7VJT6, STM32U5G7VJT6Q, STM32U5G9BJY6QTR, STM32U5G9J-DK1, STM32U5G9J-DK2, STM32U5G9NJH6Q, STM32U5G9VJT6Q, STM32U5G9ZJJ6QTR, STM32U5G9ZJT6Q, STM32WB05KZV6TR, STM32WB05KZV7TR, STM32WB05TZF6TR, STM32WB05TZF7TR, STM32WB06CCF6TR, STM32WB06CCF7TR, STM32WB06CCV6TR, STM32WB06CCV7TR, STM32WB06KCV6TR, STM32WB06KCV7TR, STM32WB07CCF6TR, STM32WB07CCF7TR, STM32WB07CCV6TR, STM32WB07CCV7TR, STM32WB07KCV6TR, STM32WB07KCV7TR, STM32WB09KEV6TR, STM32WB09KEV7TR, STM32WB09TEF6TR, STM32WB09TEF7TR, STM32WB1MMCH6, STM32WBA50KGU6, STM32WBA50KGU6TR, STM32WBA52CEU6, STM32WBA52CEU6TR, STM32WBA52CEU7, STM32WBA52CEU7TR, STM32WBA52CGU6, STM32WBA52CGU6TR, STM32WBA52CGU6U, STM32WBA52CGU7, STM32WBA52CGU7TR, STM32WBA52KEU6, STM32WBA52KEU6TR, STM32WBA52KGU6, STM32WBA52KGU6TR, STM32WBA54CEU6, STM32WBA54CEU6TR, STM32WBA54CEU7, STM32WBA54CEU7TR, STM32WBA54CGU6, STM32WBA54CGU6TR, STM32WBA54CGU7, STM32WBA54CGU7TR, STM32WBA54KEU6, STM32WBA54KEU6TR, STM32WBA54KEU7, STM32WBA54KEU7TR, STM32WBA54KGU6, STM32WBA54KGU6TR, STM32WBA54KGU7, STM32WBA54KGU7TR, STM32WBA55CEU6, STM32WBA55CEU6TR, STM32WBA55CEU7, STM32WBA55CEU7TR, STM32WBA55CGU6, STM32WBA55CGU6TR, STM32WBA55CGU6U, STM32WBA55CGU7, STM32WBA55CGU7TR, STM32WBA55G-DK1, STM32WBA55HEF6, STM32WBA55HEF7, STM32WBA55HGF6, STM32WBA55HGF7, STM32WBA55UEI6, STM32WBA55UEI6TR, STM32WBA55UEI7, STM32WBA55UEI7TR, STM32WBA55UGI6, STM32WBA55UGI6TR, STM32WBA55UGI7, STM32WBA55UGI7TR, STM32WBA5MMGH6TR, STM32WBA62MGF6, STM32WBA62MIF6, STM32WBA65MGF7, STM32WBA65MIF6, STM32WBA65MIF7, STM32WL30K8V6, STM32WL30KBV6, STM32WL31C8V6, STM32WL31CBV6, STM32WL31K8V6, STM32WL31KBV6, STM32WL33C8V6, STM32WL33C8V6X, STM32WL33CBV6, STM32WL33CBV6X, STM32WL33CCV6, STM32WL33CCV6A, STM32WL33CCV6X, STM32WL33K8V7, STM32WL33K8V7X, STM32WL33KBV7 , STM32WL33KBV7X, STM32WL33KCV7, STM32WL33KCV7X, STM32WL5MOCH6, STM32WL5MOCH6TR]
2025-12-08 14:34:59,905 [INFO] BoardInfo:889 - No configuration file found for board P-NUCLEO-WB55
2025-12-08 14:34:59,906 [INFO] DbBoards:161 - Kit is not supported: P-NUCLEO-WB55
2025-12-08 14:34:59,913 [INFO] BoardInfo:889 - No configuration file found for board STEVAL-BFA001V1B
2025-12-08 14:34:59,914 [INFO] DbBoards:161 - Kit is not supported: STEVAL-BFA001V1B
2025-12-08 14:34:59,915 [INFO] BoardInfo:889 - No configuration file found for board STEVAL-BFA001V2B
2025-12-08 14:34:59,917 [INFO] DbBoards:161 - Kit is not supported: STEVAL-BFA001V2B
2025-12-08 14:35:00,130 [INFO] DbBoards:168 - Found 212 boards, 209 are supported
2025-12-08 14:35:00,130 [INFO] DbBoards:169 - Found 212 boards, 43 of them is supported for  Bsp
2025-12-08 14:35:00,133 [INFO] ApiDb:423 - Load user favorites file C:\Users\niels/.stm32cubeide/favorites.boards.txt: 1 item(s)
2025-12-08 14:35:00,133 [INFO] ApiDb:427 - User favorites Boards=[NUCLEO-G474RE]
2025-12-08 14:35:00,133 [INFO] DbBoards:198 - Set 1 / 1 favorites Boards
2025-12-08 14:35:00,134 [INFO] McuFinderGlobals:76 - Set McuFinderConnectedMode to true
2025-12-08 14:35:00,142 [INFO] MultiScanPanel:200 - Auto-refresh data requested => check proxy status ongoing
2025-12-08 14:35:00,145 [INFO] FinderPluginLoader:96 - Searching for filters in installed packs
2025-12-08 14:35:01,294 [INFO] LoadUrlFilesThread:185 - End of LoadServerUrlFiles without Thread
2025-12-08 14:35:01,304 [INFO] DetailPanel:341 - Set advertising image to C:/Users/niels/STM32Cube/Repository/\en.mcu-finder-preevent.jpg
2025-12-08 14:35:09,281 [INFO] MultiScanPanel:200 - Auto-refresh data requested => check proxy status ongoing
2025-12-08 14:35:09,425 [INFO] LoadUrlFilesThread:185 - End of LoadServerUrlFiles without Thread
2025-12-08 14:35:09,425 [INFO] DetailPanel:341 - Set advertising image to C:/Users/niels/STM32Cube/Repository/\en.mcu-finder-preevent.jpg
2025-12-08 14:35:09,436 [INFO] DbBoards:642 - Loading board mini-images...
2025-12-08 14:35:11,310 [ERROR] DbBoards:659 - Image file not found for board STM32MP215F-DK: C:\Users\niels\.stmcufinder\plugins\mcufinder//mcu//boards_images/STM32MP215F-DK.jpg
2025-12-08 14:35:11,418 [INFO] DbBoards:665 - Loaded 211 board mini-images
2025-12-08 14:36:22,222 [INFO] MainUpdater:2872 - connection check result : 10
2025-12-08 14:36:22,222 [INFO] MainUpdater:2872 - connection check result : 10
2025-12-08 14:36:22,242 [INFO] MicroXplorer:468 - Change Database Path : 
2025-12-08 14:36:22,242 [INFO] MicroXplorer:498 - Change Database Version : DB.6.0.150
2025-12-08 14:36:22,248 [WARN] ThirdParty:871 - waiting for thirdparty lock release [close project]
2025-12-08 14:36:22,248 [INFO] ThirdParty:873 - entering critical section [close project]
2025-12-08 14:36:22,250 [INFO] ThirdParty:883 - exiting critical section [close project]
2025-12-08 14:36:22,254 [INFO] PinOutPanel:1589 - setPackage(No Configuration,No Configuration)
2025-12-08 14:36:22,255 [INFO] UtilMem:75 - Begin LoadConfig() Used Memory: 961260784 Bytes (1073741824)
2025-12-08 14:36:22,267 [INFO] MicroXplorer:468 - Change Database Path : 
2025-12-08 14:36:22,267 [INFO] MicroXplorer:498 - Change Database Version : DB.6.0.150
2025-12-08 14:36:22,268 [INFO] OpenFileManager:355 - Change cursor
2025-12-08 14:36:22,361 [INFO] Mcu:2029 - Initializing MCU STM32G474R(B-C-E)Tx STM32G474RETx STM32G474RET6
2025-12-08 14:36:27,078 [INFO] Context:786 - Trying to add GPIOservice into a context  which must be forbidden
2025-12-08 14:36:28,841 [INFO] Rule:233 - rule Adapt Old IOC before rework replace old CORTEX_M33/CORTEX_M55 attributes by the new one. is applicable
2025-12-08 14:36:28,841 [INFO] Rule:233 - rule Rename parametre of RCC RCC_APBDBG_DIV2 to RCC_TIMPRES_DIV2 is applicable
2025-12-08 14:36:28,841 [INFO] Rule:233 - rule Rename DIE493 pin PA10 [PA12] -> PA10 is applicable
2025-12-08 14:36:28,842 [INFO] Rule:233 - rule Rename DIE493 pin PA9 [PA11] -> PA9 is applicable
2025-12-08 14:36:28,842 [INFO] Rule:233 - rule Rename DIE492 PartNumber CPN STM32WBA5MJGHx -> STM32WBA5MMGHx is applicable
2025-12-08 14:36:28,842 [INFO] Rule:233 - rule Rename DIE492 PartNumber  Name STM32WBA5MJGHx -> STM32WBA5MMGHx is applicable
2025-12-08 14:36:28,842 [INFO] Rule:233 - rule Rename DIE492 PartNumber UserName STM32WBA5MJGHx -> STM32WBA5MMGHx is applicable
2025-12-08 14:36:28,842 [INFO] Rule:233 - rule Rename DIE492 PartNumber DeviceId STM32WBA5MJGHx -> STM32WBA5MMGHx is applicable
2025-12-08 14:36:28,843 [INFO] Rule:233 - rule Adapt Old IOC CSI. is applicable
2025-12-08 14:36:28,843 [INFO] Rule:233 - rule Adapt Old IOC DCMIPP. is applicable
2025-12-08 14:36:28,843 [INFO] Rule:233 - rule Adapt Old IOC DCMIPP Mode Parallel. is applicable
2025-12-08 14:36:28,843 [INFO] Rule:233 - rule Adapt Old IOC LTDC. is applicable
2025-12-08 14:36:28,845 [INFO] Rule:233 - rule Rename STM32MP2 RIF Peripheral LTDC RIF.RISUP.LTDC_L0L1.Privilege -> RIF.RISUP.LTDC_L1L2.Privilege is applicable
2025-12-08 14:36:28,845 [INFO] Rule:233 - rule Rename STM32MP2 RIF Peripheral LTDC RIF.RISUP.LTDC_L0L1.Privilege -> RIF.RISUP.LTDC_L1L2.Privilege is applicable
2025-12-08 14:36:28,845 [INFO] Rule:233 - rule Rename STM32MP2 RIF Peripheral LTDC RIF.RISUP.LTDC_L0L1.Lock -> RIF.RISUP.LTDC_L1L2.Lock is applicable
2025-12-08 14:36:28,845 [INFO] Rule:233 - rule Rename STM32MP2 RIF Peripheral LTDC RIF.RISUP.LTDC_L2.Lock -> RIF.RISUP.LTDC_L3.Lock is applicable
2025-12-08 14:36:28,846 [INFO] Rule:233 - rule Adapt the old IOC example for updating the SYS when it is misconfigured. is applicable
2025-12-08 14:36:28,846 [INFO] Rule:233 - rule Rename STM32C09 Mcu.Package LQFP64 -> LQFP48 is applicable
2025-12-08 14:36:28,846 [INFO] Rule:233 - rule Adapt the old IOC example for updating the SYS when it is misconfigured. is applicable
2025-12-08 14:36:28,847 [INFO] Rule:233 - rule Adapt the old IOC example for updating the SYS when it is misconfigured. is applicable
2025-12-08 14:36:28,855 [INFO] DbConfProperties:307 - Apply Compatibility (4/20 Rules)
2025-12-08 14:36:28,971 [INFO] ApiDbMcu:532 - Load IP Config File for NUCLEO-G474RE
2025-12-08 14:36:29,187 [INFO] ImportTextPane:234 - (OptionalMessage_ERROR) Pin13 (VP_RIF_VS_RIF1) cannot be retrieved for this MCU
2025-12-08 14:36:29,187 [INFO] ImportTextPane:234 - (OptionalMessage_ERROR) Unknown IP (CORTEX_M4)
2025-12-08 14:36:29,528 [INFO] RtosManager:558 - Registered RTOS mode: class=CMSIS, group=RTOS, mode=CMSIS_V1, owner=FREERTOS
2025-12-08 14:36:29,529 [INFO] RtosManager:558 - Registered RTOS mode: class=CMSIS, group=RTOS2, mode=CMSIS_V2, owner=FREERTOS
2025-12-08 14:36:29,529 [INFO] RtosManager:558 - Registered RTOS mode: class=RTOS, group=Core, mode=CMSIS_V1, owner=FREERTOS
2025-12-08 14:36:29,529 [INFO] RtosManager:558 - Registered RTOS mode: class=RTOS, group=Core, mode=CMSIS_V2, owner=FREERTOS
2025-12-08 14:36:29,530 [WARN] ModelIntegratedComponent:184 - Missing modes for component STMicroelectronics:FreeRTOS:0.0.1:STMicroelectronics:RTOS:FreeRTOS:Core:::10.2.0:
2025-12-08 14:36:29,570 [WARN] ModelIntegratedComponent:63 - No mode defined for component null
2025-12-08 14:36:29,573 [WARN] ModelIntegratedComponent:63 - No mode defined for component null
2025-12-08 14:36:29,573 [WARN] ModelIntegratedComponent:63 - No mode defined for component null
2025-12-08 14:36:29,573 [WARN] ModelIntegratedComponent:63 - No mode defined for component null
2025-12-08 14:36:29,573 [WARN] ModelIntegratedComponent:63 - No mode defined for component null
2025-12-08 14:36:29,574 [WARN] ModelIntegratedComponent:63 - No mode defined for component null
2025-12-08 14:36:29,575 [WARN] ModelIntegratedComponent:63 - No mode defined for component null
2025-12-08 14:36:29,575 [WARN] ModelIntegratedComponent:63 - No mode defined for component null
2025-12-08 14:36:29,575 [WARN] ModelIntegratedComponent:63 - No mode defined for component null
2025-12-08 14:36:29,575 [WARN] ModelIntegratedComponent:63 - No mode defined for component null
2025-12-08 14:36:29,576 [WARN] ModelIntegratedComponent:63 - No mode defined for component null
2025-12-08 14:36:29,576 [WARN] ModelIntegratedComponent:63 - No mode defined for component null
2025-12-08 14:36:29,576 [WARN] ModelIntegratedComponent:63 - No mode defined for component null
2025-12-08 14:36:29,577 [WARN] ModelIntegratedComponent:63 - No mode defined for component null
2025-12-08 14:36:29,577 [WARN] ModelIntegratedComponent:63 - No mode defined for component null
2025-12-08 14:36:29,577 [WARN] ModelIntegratedComponent:63 - No mode defined for component null
2025-12-08 14:36:29,578 [WARN] ModelIntegratedComponent:63 - No mode defined for component null
2025-12-08 14:36:29,578 [WARN] ModelIntegratedComponent:63 - No mode defined for component null
2025-12-08 14:36:29,578 [WARN] ModelIntegratedComponent:63 - No mode defined for component null
2025-12-08 14:36:29,579 [WARN] ModelIntegratedComponent:63 - No mode defined for component null
2025-12-08 14:36:29,579 [WARN] ModelIntegratedComponent:63 - No mode defined for component null
2025-12-08 14:36:29,580 [WARN] ModelIntegratedComponent:63 - No mode defined for component null
2025-12-08 14:36:29,580 [WARN] ModelIntegratedComponent:63 - No mode defined for component null
2025-12-08 14:36:29,580 [WARN] ModelIntegratedComponent:63 - No mode defined for component null
2025-12-08 14:36:29,580 [WARN] ModelIntegratedComponent:63 - No mode defined for component null
2025-12-08 14:36:29,580 [WARN] ModelIntegratedComponent:63 - No mode defined for component null
2025-12-08 14:36:29,580 [WARN] ModelIntegratedComponent:63 - No mode defined for component null
2025-12-08 14:36:29,580 [WARN] ModelIntegratedComponent:63 - No mode defined for component null
2025-12-08 14:36:29,580 [WARN] ModelIntegratedComponent:63 - No mode defined for component null
2025-12-08 14:36:29,580 [WARN] ModelIntegratedComponent:63 - No mode defined for component null
2025-12-08 14:36:29,580 [WARN] ModelIntegratedComponent:63 - No mode defined for component null
2025-12-08 14:36:29,580 [WARN] ModelIntegratedComponent:63 - No mode defined for component null
2025-12-08 14:36:29,580 [WARN] ModelIntegratedComponent:63 - No mode defined for component null
2025-12-08 14:36:29,581 [WARN] ModelIntegratedComponent:63 - No mode defined for component null
2025-12-08 14:36:29,582 [WARN] ModelIntegratedComponent:63 - No mode defined for component null
2025-12-08 14:36:29,583 [WARN] ModelPack:524 - Component already loaded: STMicroelectronics:HAL Drivers:0.0.0:STMicroelectronics:Device:STMicro_Driver:XSPI:HAL::0.0.1:HAL_XSPI
2025-12-08 14:36:29,726 [INFO] ThirdPartyModel:298 - Start build external matchings
2025-12-08 14:36:30,787 [INFO] ThirdPartyModel:316 - End build external matchings
2025-12-08 14:36:31,466 [INFO] UtilMem:75 - End LoadConfig() Used Memory: 860755568 Bytes (1073741824)
2025-12-08 14:36:59,051 [INFO] BspBoardWizard:580 - Analytics plugin initialized with success
2025-12-08 14:36:59,556 [INFO] BspBoardWizard:580 - Analytics plugin initialized with success
2025-12-08 14:36:59,629 [INFO] BspBoardWizard:580 - Analytics plugin initialized with success
2025-12-08 14:36:59,927 [WARN] ThirdParty:833 - waiting for thirdparty lock release [change project]
2025-12-08 14:36:59,927 [INFO] ThirdParty:835 - entering critical section [change project]
2025-12-08 14:36:59,927 [INFO] ThirdParty:1030 - CMSIS Pack Vendor :STMicroelectronics X-CUBE-PM33A1 1.0.0
2025-12-08 14:36:59,927 [INFO] ThirdParty:1030 - CMSIS Pack Vendor :STMicroelectronics USBPD 4.1
2025-12-08 14:36:59,927 [INFO] ThirdParty:1030 - CMSIS Pack Vendor :STMicroelectronics X-CUBE-NFC9 1.0.0
2025-12-08 14:36:59,927 [INFO] ThirdParty:1030 - CMSIS Pack Vendor :STMicroelectronics USB_HOST 2.0.0
2025-12-08 14:36:59,927 [INFO] ThirdParty:1030 - CMSIS Pack Vendor :STMicroelectronics FP-SNS-MOTENVWB1 1.4.0
2025-12-08 14:36:59,927 [INFO] ThirdParty:1030 - CMSIS Pack Vendor :STMicroelectronics X-CUBE-AZRTOS-F4 1.1.0
2025-12-08 14:36:59,927 [INFO] ThirdParty:1030 - CMSIS Pack Vendor :STMicroelectronics LIBJPEG 8.0.0
2025-12-08 14:36:59,927 [INFO] ThirdParty:1030 - CMSIS Pack Vendor :STMicroelectronics FP-ATR-ASTRA1 2.0.2
2025-12-08 14:36:59,927 [INFO] ThirdParty:1030 - CMSIS Pack Vendor :wolfSSL I-CUBE-wolfSSL 5.8.2
2025-12-08 14:36:59,927 [INFO] ThirdParty:1030 - CMSIS Pack Vendor :STMicroelectronics X-CUBE-BLE1 7.1.0
2025-12-08 14:36:59,927 [INFO] ThirdParty:1030 - CMSIS Pack Vendor :STMicroelectronics X-CUBE-SMBUS 2.1.0
2025-12-08 14:36:59,928 [INFO] ThirdParty:1030 - CMSIS Pack Vendor :wolfSSL I-CUBE-wolfMQTT 1.19.2
2025-12-08 14:36:59,928 [INFO] ThirdParty:1030 - CMSIS Pack Vendor :STMicroelectronics USB_DEVICE 3.0.0
2025-12-08 14:36:59,928 [INFO] ThirdParty:1030 - CMSIS Pack Vendor :STMicroelectronics X-CUBE-ISPU 2.1.0
2025-12-08 14:36:59,928 [INFO] ThirdParty:1030 - CMSIS Pack Vendor :STMicroelectronics X-CUBE-FREERTOS 1.4.0
2025-12-08 14:36:59,928 [INFO] ThirdParty:1030 - CMSIS Pack Vendor :STMicroelectronics X-CUBE-EEPRMA1 5.2.0
2025-12-08 14:36:59,928 [INFO] ThirdParty:1030 - CMSIS Pack Vendor :STMicroelectronics X-CUBE-IPS 3.2.0
2025-12-08 14:36:59,928 [INFO] ThirdParty:1030 - CMSIS Pack Vendor :STMicroelectronics X-CUBE-BLEMGR 4.1.0
2025-12-08 14:36:59,928 [INFO] ThirdParty:1030 - CMSIS Pack Vendor :STMicroelectronics X-CUBE-AZRTOS-WB 2.0.0
2025-12-08 14:36:59,928 [INFO] ThirdParty:1030 - CMSIS Pack Vendor :STMicroelectronics X-CUBE-ST60 1.0.0
2025-12-08 14:36:59,928 [INFO] ThirdParty:1030 - CMSIS Pack Vendor :STMicroelectronics X-CUBE-GNSS1 7.0.1
2025-12-08 14:36:59,928 [INFO] ThirdParty:1030 - CMSIS Pack Vendor :STMicroelectronics X-CUBE-NFC12 1.0.0
2025-12-08 14:36:59,928 [INFO] ThirdParty:1030 - CMSIS Pack Vendor :STMicroelectronics X-CUBE-AZRTOS-F7 1.1.0
2025-12-08 14:36:59,928 [INFO] ThirdParty:1030 - CMSIS Pack Vendor :STMicroelectronics X-CUBE-AZRTOS-L5 2.0.0
2025-12-08 14:36:59,928 [INFO] ThirdParty:1030 - CMSIS Pack Vendor :STMicroelectronics X-CUBE-TOUCHGFX 4.25.0
2025-12-08 14:36:59,928 [INFO] ThirdParty:1030 - CMSIS Pack Vendor :STMicroelectronics USB_DEVICE 2.0.0
2025-12-08 14:36:59,928 [INFO] ThirdParty:1030 - CMSIS Pack Vendor :STMicroelectronics X-CUBE-NFC6 3.1.0
2025-12-08 14:36:59,928 [INFO] ThirdParty:1030 - CMSIS Pack Vendor :STMicroelectronics X-CUBE-ST67W61 1.1.0
2025-12-08 14:36:59,928 [INFO] ThirdParty:1030 - CMSIS Pack Vendor :Cesanta I-CUBE-Mongoose 7.19.0
2025-12-08 14:36:59,928 [INFO] ThirdParty:1030 - CMSIS Pack Vendor :quantropi X-CUBE-qispace-sdk-base 2.1.0
2025-12-08 14:36:59,928 [INFO] ThirdParty:1030 - CMSIS Pack Vendor :STMicroelectronics X-CUBE-MEMS1 12.0.0
2025-12-08 14:36:59,928 [INFO] ThirdParty:1030 - CMSIS Pack Vendor :STMicroelectronics FP-SNS-MOTENV1 5.1.0
2025-12-08 14:36:59,928 [INFO] ThirdParty:1030 - CMSIS Pack Vendor :STMicroelectronics FreeRTOS 0.0.1
2025-12-08 14:36:59,928 [INFO] ThirdParty:1030 - CMSIS Pack Vendor :STMicroelectronics X-CUBE-AZRTOS-G0 1.1.0
2025-12-08 14:36:59,928 [INFO] ThirdParty:1030 - CMSIS Pack Vendor :STMicroelectronics X-CUBE-SAFEA1 1.2.2
2025-12-08 14:36:59,928 [INFO] ThirdParty:1030 - CMSIS Pack Vendor :STMicroelectronics X-CUBE-NFC4 3.0.0
2025-12-08 14:36:59,928 [INFO] ThirdParty:1030 - CMSIS Pack Vendor :STMicroelectronics X-CUBE-SUBG2 5.0.0
2025-12-08 14:36:59,928 [INFO] ThirdParty:1030 - CMSIS Pack Vendor :STMicroelectronics X-CUBE-AZRTOS-H7RS 1.1.0
2025-12-08 14:36:59,928 [INFO] ThirdParty:1030 - CMSIS Pack Vendor :STMicroelectronics STM32_WPAN 1.0.0
2025-12-08 14:36:59,929 [INFO] ThirdParty:1030 - CMSIS Pack Vendor :EmbeddedOffice I-CUBE-FS-RTOS 1.0.1
2025-12-08 14:36:59,929 [INFO] ThirdParty:1030 - CMSIS Pack Vendor :STMicroelectronics lwIP 2.0.3
2025-12-08 14:36:59,929 [INFO] ThirdParty:1030 - CMSIS Pack Vendor :WES I-CUBE-Cesium 1.4.0
2025-12-08 14:36:59,929 [INFO] ThirdParty:1030 - CMSIS Pack Vendor :STMicroelectronics USB_HOST 1.0.0
2025-12-08 14:36:59,929 [INFO] ThirdParty:1030 - CMSIS Pack Vendor :Infineon AIROC-Wi-Fi-Bluetooth-STM32 1.7.1
2025-12-08 14:36:59,929 [INFO] ThirdParty:1030 - CMSIS Pack Vendor :STMicroelectronics X-CUBE-AZRTOS-G4 2.0.0
2025-12-08 14:36:59,929 [INFO] ThirdParty:1030 - CMSIS Pack Vendor :STMicroelectronics X-CUBE-WB05N 2.0.0
2025-12-08 14:36:59,929 [INFO] ThirdParty:1030 - CMSIS Pack Vendor :STMicroelectronics PDM2PCM 3.1.0
2025-12-08 14:36:59,929 [INFO] ThirdParty:1030 - CMSIS Pack Vendor :STMicroelectronics PDM2PCM 3.3.0
2025-12-08 14:36:59,929 [INFO] ThirdParty:1030 - CMSIS Pack Vendor :wolfSSL I-CUBE-wolfTPM 3.8.0
2025-12-08 14:36:59,929 [INFO] ThirdParty:1030 - CMSIS Pack Vendor :STMicroelectronics X-CUBE-AZRTOS-H7 3.4.0
2025-12-08 14:36:59,930 [INFO] ThirdParty:1030 - CMSIS Pack Vendor :STMicroelectronics X-CUBE-DISPLAY 3.0.0
2025-12-08 14:36:59,930 [INFO] ThirdParty:1030 - CMSIS Pack Vendor :wolfSSL I-CUBE-wolfSSH 1.4.20
2025-12-08 14:36:59,930 [INFO] ThirdParty:1030 - CMSIS Pack Vendor :STMicroelectronics X-CUBE-NFC7 2.0.0
2025-12-08 14:36:59,930 [INFO] ThirdParty:1030 - CMSIS Pack Vendor :STMicroelectronics X-CUBE-TCPP 4.2.0
2025-12-08 14:36:59,930 [INFO] ThirdParty:1030 - CMSIS Pack Vendor :RealThread X-CUBE-RT-Thread_Nano 4.1.1
2025-12-08 14:36:59,930 [INFO] ThirdParty:1030 - CMSIS Pack Vendor :STMicroelectronics FP-ATR-SIGFOX1 3.2.0
2025-12-08 14:36:59,930 [INFO] ThirdParty:1030 - CMSIS Pack Vendor :STMicroelectronics X-CUBE-NFC10 1.0.0
2025-12-08 14:36:59,930 [INFO] ThirdParty:1030 - CMSIS Pack Vendor :STMicroelectronics X-CUBE-FREERTOS 1.3.1
2025-12-08 14:36:59,930 [INFO] ThirdParty:1030 - CMSIS Pack Vendor :STMicroelectronics HAL Drivers 0.0.0
2025-12-08 14:36:59,930 [INFO] ThirdParty:1030 - CMSIS Pack Vendor :STMicroelectronics MBEDTLS 2.16.2
2025-12-08 14:36:59,930 [INFO] ThirdParty:1030 - CMSIS Pack Vendor :STMicroelectronics X-CUBE-ST60 1.1.0
2025-12-08 14:36:59,930 [INFO] ThirdParty:1030 - CMSIS Pack Vendor :STMicroelectronics X-CUBE-IPS 3.1.0
2025-12-08 14:36:59,930 [INFO] ThirdParty:1030 - CMSIS Pack Vendor :STMicroelectronics X-CUBE-ALS 1.0.2
2025-12-08 14:36:59,930 [INFO] ThirdParty:1030 - CMSIS Pack Vendor :emotas I-CUBE-CANOPEN 1.3.0
2025-12-08 14:36:59,930 [INFO] ThirdParty:1030 - CMSIS Pack Vendor :STMicroelectronics MBEDTLS 2.14.1
2025-12-08 14:36:59,930 [INFO] ThirdParty:1030 - CMSIS Pack Vendor :STMicroelectronics X-CUBE-GNSS1 7.1.0
2025-12-08 14:36:59,930 [INFO] ThirdParty:1030 - CMSIS Pack Vendor :ITTIA_DB I-CUBE-ITTIADB 8.9.0
2025-12-08 14:36:59,930 [INFO] ThirdParty:1030 - CMSIS Pack Vendor :STMicroelectronics X-CUBE-TOUCHGFX 4.26.0
2025-12-08 14:36:59,930 [INFO] ThirdParty:1030 - CMSIS Pack Vendor :STMicroelectronics X-CUBE-STSE01 1.0.0
2025-12-08 14:36:59,930 [INFO] ThirdParty:1030 - CMSIS Pack Vendor :STMicroelectronics X-CUBE-ST67W61 1.0.0
2025-12-08 14:36:59,930 [INFO] ThirdParty:1030 - CMSIS Pack Vendor :STMicroelectronics FP-SNS-STBOX1 2.1.0
2025-12-08 14:36:59,930 [INFO] ThirdParty:1030 - CMSIS Pack Vendor :STMicroelectronics X-CUBE-AI 10.2.0
2025-12-08 14:36:59,930 [INFO] ThirdParty:1030 - CMSIS Pack Vendor :STMicroelectronics FP-SNS-STAIOTCFT 1.0.0
2025-12-08 14:36:59,930 [INFO] ThirdParty:1030 - CMSIS Pack Vendor :STMicroelectronics ThreadX 1.0.0
2025-12-08 14:36:59,930 [INFO] ThirdParty:1030 - CMSIS Pack Vendor :STMicroelectronics FP-SNS-SMARTAG2 1.2.0
2025-12-08 14:36:59,930 [INFO] ThirdParty:1030 - CMSIS Pack Vendor :STMicroelectronics FP-SNS-FLIGHT1 5.1.0
2025-12-08 14:36:59,933 [INFO] ThirdParty:1030 - CMSIS Pack Vendor :STMicroelectronics X-CUBE-AZRTOS-WL 2.0.0
2025-12-08 14:36:59,933 [INFO] ThirdParty:1030 - CMSIS Pack Vendor :SEGGER I-CUBE-embOS 1.3.1
2025-12-08 14:36:59,933 [INFO] ThirdParty:1030 - CMSIS Pack Vendor :STMicroelectronics X-CUBE-ALGOBUILD 1.4.0
2025-12-08 14:36:59,933 [INFO] ThirdParty:1030 - CMSIS Pack Vendor :STMicroelectronics X-CUBE-DPower 1.3.0
2025-12-08 14:36:59,933 [INFO] ThirdParty:1030 - CMSIS Pack Vendor :STMicroelectronics X-CUBE-MEMS1 11.3.0
2025-12-08 14:36:59,933 [INFO] ThirdParty:1030 - CMSIS Pack Vendor :STMicroelectronics FP-SNS-MOTENV1 5.0.0
2025-12-08 14:36:59,933 [INFO] ThirdParty:1030 - CMSIS Pack Vendor :STMicroelectronics USB_DEVICE 1.0.0
2025-12-08 14:36:59,933 [INFO] ThirdParty:1030 - CMSIS Pack Vendor :STMicroelectronics X-CUBE-AZRTOS-H7RS 1.2.0
2025-12-08 14:36:59,933 [INFO] ThirdParty:1030 - CMSIS Pack Vendor :STMicroelectronics X-CUBE-AZRTOS-L4 2.0.0
2025-12-08 14:36:59,933 [INFO] ThirdParty:1030 - CMSIS Pack Vendor :STMicroelectronics ThreadX 0.0.2
2025-12-08 14:36:59,933 [INFO] ThirdParty:1030 - CMSIS Pack Vendor :STMicroelectronics lwIP 2.1.2
2025-12-08 14:36:59,933 [INFO] ThirdParty:1030 - CMSIS Pack Vendor :STMicroelectronics X-CUBE-SFXS2LP1 4.0.0
2025-12-08 14:36:59,933 [INFO] ThirdParty:1030 - CMSIS Pack Vendor :STMicroelectronics X-CUBE-BLE2 3.3.0
2025-12-08 14:36:59,933 [INFO] ThirdParty:1030 - CMSIS Pack Vendor :Avnet-IOTCONNECT X-CUBE-iotc-st67-sdk 1.0.0
2025-12-08 14:36:59,933 [INFO] ThirdParty:1030 - CMSIS Pack Vendor :STMicroelectronics X-CUBE-TOF1 3.4.3
2025-12-08 14:36:59,933 [INFO] ThirdParty:1030 - CMSIS Pack Vendor :STMicroelectronics PDM2PCM 3.2.0
2025-12-08 14:36:59,934 [INFO] ThirdParty:841 - exiting critical section [change project]
2025-12-08 14:37:00,482 [INFO] PinOutPanel:1589 - setPackage(No Configuration,No Configuration)
2025-12-08 14:37:00,485 [INFO] PinOutPanel:1589 - setPackage(STM32G474RETx,LQFP64)
2025-12-08 14:37:01,091 [INFO] UtilMem:75 - Before build in PCC Used Memory: 1011103672 Bytes (1073741824)
2025-12-08 14:37:02,252 [INFO] UtilMem:75 - After build in PCC Used Memory: 940940976 Bytes (1073741824)
2025-12-08 14:37:02,280 [INFO] IPUIPlugin:80 - create IPUIPlugin
2025-12-08 14:37:02,280 [INFO] IPUIPlugin:80 - create IPUIPlugin
2025-12-08 14:37:02,280 [INFO] IPUIPlugin:80 - create IPUIPlugin
2025-12-08 14:37:02,280 [INFO] IPUIPlugin:80 - create IPUIPlugin
2025-12-08 14:37:02,280 [INFO] IPUIPlugin:80 - create IPUIPlugin
2025-12-08 14:37:02,281 [INFO] IPUIPlugin:80 - create IPUIPlugin
2025-12-08 14:37:02,281 [INFO] IPUIPlugin:80 - create IPUIPlugin
2025-12-08 14:37:02,281 [INFO] IPUIPlugin:80 - create IPUIPlugin
2025-12-08 14:37:02,281 [INFO] IPUIPlugin:80 - create IPUIPlugin
2025-12-08 14:37:02,281 [INFO] IPUIPlugin:80 - create IPUIPlugin
2025-12-08 14:37:02,281 [INFO] IPUIPlugin:80 - create IPUIPlugin
2025-12-08 14:37:02,281 [INFO] IPUIPlugin:80 - create IPUIPlugin
2025-12-08 14:37:02,281 [INFO] IPUIPlugin:80 - create IPUIPlugin
2025-12-08 14:37:02,282 [INFO] IPUIPlugin:80 - create IPUIPlugin
2025-12-08 14:37:02,282 [INFO] IPUIPlugin:80 - create IPUIPlugin
2025-12-08 14:37:02,282 [INFO] IPUIPlugin:80 - create IPUIPlugin
2025-12-08 14:37:02,282 [INFO] IPUIPlugin:80 - create IPUIPlugin
2025-12-08 14:37:02,282 [INFO] IPUIPlugin:80 - create IPUIPlugin
2025-12-08 14:37:02,282 [INFO] IPUIPlugin:80 - create IPUIPlugin
2025-12-08 14:37:02,282 [INFO] IPUIPlugin:80 - create IPUIPlugin
2025-12-08 14:37:02,282 [INFO] IPUIPlugin:80 - create IPUIPlugin
2025-12-08 14:37:02,282 [INFO] IPUIPlugin:80 - create IPUIPlugin
2025-12-08 14:37:02,282 [INFO] IPUIPlugin:80 - create IPUIPlugin
2025-12-08 14:37:02,283 [INFO] IPUIPlugin:80 - create IPUIPlugin
2025-12-08 14:37:02,283 [INFO] IPUIPlugin:80 - create IPUIPlugin
2025-12-08 14:37:02,283 [INFO] IPUIPlugin:80 - create IPUIPlugin
2025-12-08 14:37:02,283 [INFO] IPUIPlugin:80 - create IPUIPlugin
2025-12-08 14:37:02,283 [INFO] IPUIPlugin:80 - create IPUIPlugin
2025-12-08 14:37:02,283 [INFO] IPUIPlugin:80 - create IPUIPlugin
2025-12-08 14:37:02,283 [INFO] IPUIPlugin:80 - create IPUIPlugin
2025-12-08 14:37:02,283 [INFO] IPUIPlugin:80 - create IPUIPlugin
2025-12-08 14:37:02,283 [INFO] IPUIPlugin:80 - create IPUIPlugin
2025-12-08 14:37:02,283 [INFO] IPUIPlugin:80 - create IPUIPlugin
2025-12-08 14:37:02,283 [INFO] IPUIPlugin:80 - create IPUIPlugin
2025-12-08 14:37:02,284 [INFO] IPUIPlugin:80 - create IPUIPlugin
2025-12-08 14:37:02,284 [INFO] IPUIPlugin:80 - create IPUIPlugin
2025-12-08 14:37:02,284 [INFO] IPUIPlugin:80 - create IPUIPlugin
2025-12-08 14:37:02,284 [INFO] IPUIPlugin:80 - create IPUIPlugin
2025-12-08 14:37:02,284 [INFO] IPUIPlugin:80 - create IPUIPlugin
2025-12-08 14:37:02,284 [INFO] IPUIPlugin:80 - create IPUIPlugin
2025-12-08 14:37:02,284 [INFO] IPUIPlugin:80 - create IPUIPlugin
2025-12-08 14:37:02,285 [INFO] IPUIPlugin:80 - create IPUIPlugin
2025-12-08 14:37:02,285 [INFO] IPUIPlugin:80 - create IPUIPlugin
2025-12-08 14:37:02,285 [INFO] IPUIPlugin:80 - create IPUIPlugin
2025-12-08 14:37:02,285 [INFO] IPUIPlugin:80 - create IPUIPlugin
2025-12-08 14:37:02,285 [INFO] IPUIPlugin:80 - create IPUIPlugin
2025-12-08 14:37:02,285 [INFO] IPUIPlugin:80 - create IPUIPlugin
2025-12-08 14:37:02,285 [INFO] IPUIPlugin:80 - create IPUIPlugin
2025-12-08 14:37:02,285 [INFO] IPUIPlugin:80 - create IPUIPlugin
2025-12-08 14:37:02,286 [INFO] IPUIPlugin:80 - create IPUIPlugin
2025-12-08 14:37:02,286 [INFO] IPUIPlugin:80 - create IPUIPlugin
2025-12-08 14:37:02,286 [INFO] IPUIPlugin:80 - create IPUIPlugin
2025-12-08 14:37:02,286 [INFO] IPUIPlugin:80 - create IPUIPlugin
2025-12-08 14:37:02,286 [INFO] IPUIPlugin:80 - create IPUIPlugin
2025-12-08 14:37:02,286 [INFO] IPUIPlugin:80 - create IPUIPlugin
2025-12-08 14:37:02,286 [INFO] IPUIPlugin:80 - create IPUIPlugin
2025-12-08 14:37:02,287 [INFO] IPUIPlugin:80 - create IPUIPlugin
2025-12-08 14:37:02,287 [INFO] IPUIPlugin:80 - create IPUIPlugin
2025-12-08 14:37:02,287 [INFO] IPUIPlugin:80 - create IPUIPlugin
2025-12-08 14:37:02,287 [INFO] IPUIPlugin:80 - create IPUIPlugin
2025-12-08 14:37:02,287 [INFO] IPUIPlugin:80 - create IPUIPlugin
2025-12-08 14:37:02,287 [INFO] IPUIPlugin:80 - create IPUIPlugin
2025-12-08 14:37:02,287 [INFO] IPUIPlugin:80 - create IPUIPlugin
2025-12-08 14:37:02,288 [INFO] IPUIPlugin:80 - create IPUIPlugin
2025-12-08 14:37:02,288 [INFO] IPUIPlugin:80 - create IPUIPlugin
2025-12-08 14:37:02,288 [INFO] IPUIPlugin:80 - create IPUIPlugin
2025-12-08 14:37:02,288 [INFO] IPUIPlugin:80 - create IPUIPlugin
2025-12-08 14:37:02,289 [INFO] IPUIPlugin:80 - create IPUIPlugin
2025-12-08 14:37:02,289 [INFO] IPUIPlugin:80 - create IPUIPlugin
2025-12-08 14:37:02,289 [INFO] IPUIPlugin:80 - create IPUIPlugin
2025-12-08 14:37:02,289 [INFO] IPUIPlugin:80 - create IPUIPlugin
2025-12-08 14:37:02,290 [INFO] IPUIPlugin:80 - create IPUIPlugin
2025-12-08 14:37:02,290 [INFO] IPUIPlugin:80 - create IPUIPlugin
2025-12-08 14:37:02,290 [INFO] IPUIPlugin:80 - create IPUIPlugin
2025-12-08 14:37:02,290 [INFO] IPUIPlugin:80 - create IPUIPlugin
2025-12-08 14:37:02,291 [INFO] IPUIPlugin:80 - create IPUIPlugin
2025-12-08 14:37:02,291 [INFO] IPUIPlugin:80 - create IPUIPlugin
2025-12-08 14:37:02,291 [INFO] IPUIPlugin:80 - create IPUIPlugin
2025-12-08 14:37:02,522 [INFO] CADModel:165 - CPN selected for project levelSTM32G474RET6
2025-12-08 14:37:02,522 [INFO] CADModel:114 - Register for checkConnection events
2025-12-08 14:37:02,597 [INFO] OpenFileManager:386 - Restore cursor
2025-12-08 14:37:04,776 [INFO] UtilMem:75 - End SaveConfig() Used Memory: 909418120 Bytes (1073741824)
2025-12-08 14:37:04,884 [INFO] UtilMem:75 - End SaveConfig() Used Memory: 933413208 Bytes (1073741824)
2025-12-08 14:37:05,377 [ERROR] IocParser:95 - Exception caught: Cannot invoke "java.lang.CharSequence.length()" because "this.text" is null
2025-12-08 14:37:05,434 [INFO] BlockDiagram:2775 - set Specific Code input for plugin: NUCLEO-G474RE
2025-12-08 14:37:05,434 [INFO] BlockDiagram:2775 - set Specific Code input for plugin: SYS
2025-12-08 14:37:05,434 [INFO] BlockDiagram:2775 - set Specific Code input for plugin: RCC
2025-12-08 14:37:05,434 [INFO] BlockDiagram:2775 - set Specific Code input for plugin: NVIC
2025-12-08 14:37:05,435 [INFO] BlockDiagram:2775 - set Specific Code input for plugin: GPIO
2025-12-08 14:37:05,437 [INFO] CodeGenerator:892 - code generatio: config db path: C:\ST\STM32CubeIDE_1.19.0\STM32CubeIDE\plugins\com.st.stm32cube.common.mx_6.15.0.202507011659\\db\
2025-12-08 14:37:05,659 [INFO] CodeEngine:265 - oldGeneratedFile, C:\Users\niels\Documents\Github\aqtuator-control\src\nucleo-stm32cubeIDE\nucleo-acquisition\MXTmpFiles\license.tmp_save
2025-12-08 14:37:06,156 [INFO] CodeEngine:289 - Generated code: C:\Users\niels\Documents\Github\aqtuator-control\src\nucleo-stm32cubeIDE\nucleo-acquisition\MXTmpFiles\license.tmp
2025-12-08 14:37:06,264 [INFO] CodeEngine:265 - oldGeneratedFile, C:\Users\niels\Documents\Github\aqtuator-control\src\nucleo-stm32cubeIDE\nucleo-acquisition\MXTmpFiles\gpio.tmp_save
2025-12-08 14:37:06,407 [INFO] CodeEngine:289 - Generated code: C:\Users\niels\Documents\Github\aqtuator-control\src\nucleo-stm32cubeIDE\nucleo-acquisition\MXTmpFiles\gpio.tmp
2025-12-08 14:37:06,469 [INFO] CodeEngine:265 - oldGeneratedFile, C:\Users\niels\Documents\Github\aqtuator-control\src\nucleo-stm32cubeIDE\nucleo-acquisition\Core\Inc\stm32g4xx_nucleo_conf.h_save
2025-12-08 14:37:06,543 [INFO] CodeEngine:289 - Generated code: C:\Users\niels\Documents\Github\aqtuator-control\src\nucleo-stm32cubeIDE\nucleo-acquisition\Core\Inc\stm32g4xx_nucleo_conf.h
2025-12-08 14:37:06,551 [INFO] CodeEngine:265 - oldGeneratedFile, C:\Users\niels\Documents\Github\aqtuator-control\src\nucleo-stm32cubeIDE\nucleo-acquisition\MXTmpFiles\bsp_inc.tmp_save
2025-12-08 14:37:06,616 [INFO] CodeEngine:289 - Generated code: C:\Users\niels\Documents\Github\aqtuator-control\src\nucleo-stm32cubeIDE\nucleo-acquisition\MXTmpFiles\bsp_inc.tmp
2025-12-08 14:37:06,624 [INFO] CodeEngine:265 - oldGeneratedFile, C:\Users\niels\Documents\Github\aqtuator-control\src\nucleo-stm32cubeIDE\nucleo-acquisition\MXTmpFiles\bsp_common_vars.tmp_save
2025-12-08 14:37:06,708 [INFO] CodeEngine:289 - Generated code: C:\Users\niels\Documents\Github\aqtuator-control\src\nucleo-stm32cubeIDE\nucleo-acquisition\MXTmpFiles\bsp_common_vars.tmp
2025-12-08 14:37:06,715 [INFO] CodeEngine:265 - oldGeneratedFile, C:\Users\niels\Documents\Github\aqtuator-control\src\nucleo-stm32cubeIDE\nucleo-acquisition\MXTmpFiles\bsp_common_init.tmp_save
2025-12-08 14:37:06,790 [INFO] CodeEngine:289 - Generated code: C:\Users\niels\Documents\Github\aqtuator-control\src\nucleo-stm32cubeIDE\nucleo-acquisition\MXTmpFiles\bsp_common_init.tmp
2025-12-08 14:37:06,796 [INFO] CodeEngine:265 - oldGeneratedFile, C:\Users\niels\Documents\Github\aqtuator-control\src\nucleo-stm32cubeIDE\nucleo-acquisition\MXTmpFiles\bsp_common_demo_before_while.tmp_save
2025-12-08 14:37:06,868 [INFO] CodeEngine:289 - Generated code: C:\Users\niels\Documents\Github\aqtuator-control\src\nucleo-stm32cubeIDE\nucleo-acquisition\MXTmpFiles\bsp_common_demo_before_while.tmp
2025-12-08 14:37:06,876 [INFO] CodeEngine:265 - oldGeneratedFile, C:\Users\niels\Documents\Github\aqtuator-control\src\nucleo-stm32cubeIDE\nucleo-acquisition\MXTmpFiles\bsp_common_demo_inside_while.tmp_save
2025-12-08 14:37:06,952 [INFO] CodeEngine:289 - Generated code: C:\Users\niels\Documents\Github\aqtuator-control\src\nucleo-stm32cubeIDE\nucleo-acquisition\MXTmpFiles\bsp_common_demo_inside_while.tmp
2025-12-08 14:37:06,961 [INFO] CodeEngine:265 - oldGeneratedFile, C:\Users\niels\Documents\Github\aqtuator-control\src\nucleo-stm32cubeIDE\nucleo-acquisition\MXTmpFiles\bsp_common_demo_fct.tmp_save
2025-12-08 14:37:07,021 [INFO] CodeEngine:289 - Generated code: C:\Users\niels\Documents\Github\aqtuator-control\src\nucleo-stm32cubeIDE\nucleo-acquisition\MXTmpFiles\bsp_common_demo_fct.tmp
2025-12-08 14:37:07,042 [INFO] CodeEngine:265 - oldGeneratedFile, C:\Users\niels\Documents\Github\aqtuator-control\src\nucleo-stm32cubeIDE\nucleo-acquisition\Core\Src\stm32g4xx_it.c_save
2025-12-08 14:37:07,157 [INFO] CodeEngine:289 - Generated code: C:\Users\niels\Documents\Github\aqtuator-control\src\nucleo-stm32cubeIDE\nucleo-acquisition\Core\Src\stm32g4xx_it.c
2025-12-08 14:37:07,164 [INFO] CodeEngine:265 - oldGeneratedFile, C:\Users\niels\Documents\Github\aqtuator-control\src\nucleo-stm32cubeIDE\nucleo-acquisition\Core\Inc\stm32g4xx_it.h_save
2025-12-08 14:37:07,231 [INFO] CodeEngine:289 - Generated code: C:\Users\niels\Documents\Github\aqtuator-control\src\nucleo-stm32cubeIDE\nucleo-acquisition\Core\Inc\stm32g4xx_it.h
2025-12-08 14:37:07,254 [INFO] CodeEngine:265 - oldGeneratedFile, C:\Users\niels\Documents\Github\aqtuator-control\src\nucleo-stm32cubeIDE\nucleo-acquisition\Core\Src\stm32g4xx_hal_msp.c_save
2025-12-08 14:37:07,395 [INFO] CodeEngine:289 - Generated code: C:\Users\niels\Documents\Github\aqtuator-control\src\nucleo-stm32cubeIDE\nucleo-acquisition\Core\Src\stm32g4xx_hal_msp.c
2025-12-08 14:37:07,403 [INFO] CodeEngine:265 - oldGeneratedFile, C:\Users\niels\Documents\Github\aqtuator-control\src\nucleo-stm32cubeIDE\nucleo-acquisition\MXTmpFiles\system.tmp_save
2025-12-08 14:37:07,458 [INFO] CodeEngine:289 - Generated code: C:\Users\niels\Documents\Github\aqtuator-control\src\nucleo-stm32cubeIDE\nucleo-acquisition\MXTmpFiles\system.tmp
2025-12-08 14:37:07,471 [INFO] CodeEngine:321 - oldGeneratedFile, C:\Users\niels\Documents\Github\aqtuator-control\src\nucleo-stm32cubeIDE\nucleo-acquisition\Core\Inc\stm32g4xx_hal_conf.h_save
2025-12-08 14:37:07,549 [INFO] CodeEngine:345 - Generated code: C:\Users\niels\Documents\Github\aqtuator-control\src\nucleo-stm32cubeIDE\nucleo-acquisition\Core\Inc\stm32g4xx_hal_conf.h
2025-12-08 14:37:07,594 [WARN] IPConfigManager:3238 - Warning: the RefConfig RCC_CommonPeriphClockConfig is not available in your config.xml file
2025-12-08 14:37:07,616 [INFO] ApiDbMcu:532 - Load IP Config File for RCC
2025-12-08 14:37:07,635 [INFO] CodeEngine:265 - oldGeneratedFile, C:\Users\niels\Documents\Github\aqtuator-control\src\nucleo-stm32cubeIDE\nucleo-acquisition\Core\Inc\main.h_save
2025-12-08 14:37:07,766 [INFO] CodeEngine:289 - Generated code: C:\Users\niels\Documents\Github\aqtuator-control\src\nucleo-stm32cubeIDE\nucleo-acquisition\Core\Inc\main.h
2025-12-08 14:37:07,777 [INFO] CodeEngine:265 - oldGeneratedFile, C:\Users\niels\Documents\Github\aqtuator-control\src\nucleo-stm32cubeIDE\nucleo-acquisition\Core\Src\main.c_save
2025-12-08 14:37:07,947 [INFO] CodeEngine:289 - Generated code: C:\Users\niels\Documents\Github\aqtuator-control\src\nucleo-stm32cubeIDE\nucleo-acquisition\Core\Src\main.c
2025-12-08 14:37:08,475 [INFO] ProjectBuilder:3606 - Time for Copy HAL[1] : 297mS.
2025-12-08 14:37:08,485 [INFO] ProjectBuilder:5216 - Project Generator version: 4.7.0-B52
2025-12-08 14:37:08,597 [INFO] ConfigFileManager:1595 - The Die is : DIE469
2025-12-08 14:37:08,601 [INFO] ApiDbMcu:532 - Load IP Config File for FATFS
2025-12-08 14:37:08,607 [INFO] ApiDbMcu:532 - Load IP Config File for FREERTOS
2025-12-08 14:37:08,614 [INFO] ApiDbMcu:532 - Load IP Config File for USBPD
2025-12-08 14:37:08,623 [INFO] ApiDbMcu:532 - Load IP Config File for USB_DEVICE
2025-12-08 14:37:09,054 [INFO] LogOutputStream:77 - [STDOUT_REDIRECT] 
2025-12-08 14:37:12,047 [INFO] ProjectBuilder:5496 - Time for Generating toolchain IDE Files: 3562mS.
2025-12-08 14:37:12,048 [INFO] ProjectBuilder:3463 - Time for Copy CMSIS : 1mS.
2025-12-08 14:37:12,049 [INFO] ProjectBuilder:3463 - Time for Copy CMSIS : 0mS.
2025-12-08 14:37:13,029 [INFO] McuFinderGlobals:76 - Set McuFinderConnectedMode to true
2025-12-08 14:37:13,034 [INFO] ApiDb:448 - Save user favorites file C:\Users\niels/.stm32cubeide/favorites.mcus.txt: 0 item(s)
2025-12-08 14:37:13,035 [INFO] ApiDb:452 - User favorites MCUs=[]
2025-12-08 14:37:13,038 [INFO] ApiDb:448 - Save user favorites file C:\Users\niels/.stm32cubeide/favorites.boards.txt: 1 item(s)
2025-12-08 14:37:13,039 [INFO] ApiDb:452 - User favorites Boards=[NUCLEO-G474RE]
2025-12-08 15:05:58,649 [ERROR] LogOutputStream:75 - [STDERR_REDIRECT] 
2025-12-08 15:06:38,087 [INFO] Activator:176 - 


2025-12-08 15:06:38,087 [INFO] Activator:177 - !SESSION log4j initialized
2025-12-08 15:06:40,997 [INFO] LogOutputStream:77 - [STDOUT_REDIRECT] 
2025-12-08 15:06:42,527 [INFO] ApplicationProperties:184 - Using Application install path: C:\ST\STM32CubeIDE_1.19.0\STM32CubeIDE\plugins\com.st.stm32cube.common.mx_6.15.0.202507011659
2025-12-08 15:06:42,541 [INFO] DbMcusXml:78 - Set database path to: C:\ST\STM32CubeIDE_1.19.0\STM32CubeIDE\plugins\com.st.stm32cube.common.mx_6.15.0.202507011659\\db\/mcu/
2025-12-08 15:06:42,542 [INFO] ApiDb:274 - Set plugin database path to: C:\ST\STM32CubeIDE_1.19.0\STM32CubeIDE\plugins\com.st.stm32cube.common.mx_6.15.0.202507011659\\db\/plugins/boardmanager/
2025-12-08 15:06:42,542 [WARN] ApiDb:259 - Overriding images path with different value:  => C:\ST\STM32CubeIDE_1.19.0\STM32CubeIDE\plugins\com.st.stm32cube.common.mx_6.15.0.202507011659\\db\/plugins/mcufinder/images/
2025-12-08 15:06:42,547 [INFO] ApiDb:250 - Set database path to: C:\Users\niels\.stmcufinder\plugins\mcufinder//mcu/
2025-12-08 15:06:42,549 [INFO] DbMcusAds:125 - Set database path to: C:\Users\niels\.stmcufinder\plugins\mcufinder//mcu/
2025-12-08 15:06:42,551 [INFO] CrossReferenceDbSqlite:203 - Set database path to: C:\Users\niels\.stmcufinder\plugins\mcufinder//mcu/cs/
2025-12-08 15:06:42,647 [INFO] RulesReader:64 - Compatibility file has been processed (317 Rules)
2025-12-08 15:06:42,724 [INFO] DbMcusXml:78 - Set database path to: C:\ST\STM32CubeIDE_1.19.0\STM32CubeIDE\plugins\com.st.stm32cube.common.mx_6.15.0.202507011659\\db\/mcu/
2025-12-08 15:06:42,724 [INFO] ApiDb:274 - Set plugin database path to: C:\ST\STM32CubeIDE_1.19.0\STM32CubeIDE\plugins\com.st.stm32cube.common.mx_6.15.0.202507011659\\db\/plugins/boardmanager/
2025-12-08 15:06:42,724 [INFO] ApiDb:261 - Set plugin images path to: C:\ST\STM32CubeIDE_1.19.0\STM32CubeIDE\plugins\com.st.stm32cube.common.mx_6.15.0.202507011659\\db\/plugins/mcufinder/images/
2025-12-08 15:06:42,724 [WARN] DbFile:41 - Overriding database path with different value: C:\Users\niels\.stmcufinder\plugins\mcufinder/ => C:\Users\niels\.stmcufinder\plugins\mcufinder
2025-12-08 15:06:42,724 [INFO] ApiDb:250 - Set database path to: C:\Users\niels\.stmcufinder\plugins\mcufinder//mcu/
2025-12-08 15:06:42,725 [WARN] DbFile:41 - Overriding database path with different value: C:\Users\niels\.stmcufinder\plugins\mcufinder/ => C:\Users\niels\.stmcufinder\plugins\mcufinder
2025-12-08 15:06:42,725 [INFO] DbMcusAds:125 - Set database path to: C:\Users\niels\.stmcufinder\plugins\mcufinder//mcu/
2025-12-08 15:06:42,725 [WARN] DbFile:41 - Overriding database path with different value: C:\Users\niels\.stmcufinder\plugins\mcufinder/ => C:\Users\niels\.stmcufinder\plugins\mcufinder
2025-12-08 15:06:42,725 [WARN] DbFile:41 - Overriding database path with different value: C:\Users\niels\.stmcufinder\plugins\mcufinder/ => C:\Users\niels\.stmcufinder\plugins\mcufinder
2025-12-08 15:06:42,725 [INFO] CrossReferenceDbSqlite:203 - Set database path to: C:\Users\niels\.stmcufinder\plugins\mcufinder//mcu/cs/
2025-12-08 15:06:42,787 [INFO] MainPanel:274 - HeapMemory: 268435456
2025-12-08 15:06:42,894 [INFO] DbMcusXml:78 - Set database path to: C:\ST\STM32CubeIDE_1.19.0\STM32CubeIDE\plugins\com.st.stm32cube.common.mx_6.15.0.202507011659\\db\/mcu/
2025-12-08 15:06:42,894 [INFO] ApiDb:274 - Set plugin database path to: C:\ST\STM32CubeIDE_1.19.0\STM32CubeIDE\plugins\com.st.stm32cube.common.mx_6.15.0.202507011659\\db\/plugins/boardmanager/
2025-12-08 15:06:42,895 [INFO] ApiDb:261 - Set plugin images path to: C:\ST\STM32CubeIDE_1.19.0\STM32CubeIDE\plugins\com.st.stm32cube.common.mx_6.15.0.202507011659\\db\/plugins/mcufinder/images/
2025-12-08 15:06:42,895 [WARN] DbFile:41 - Overriding database path with different value: C:\Users\niels\.stmcufinder\plugins\mcufinder/ => C:\Users\niels\.stmcufinder\plugins\mcufinder
2025-12-08 15:06:42,895 [INFO] ApiDb:250 - Set database path to: C:\Users\niels\.stmcufinder\plugins\mcufinder//mcu/
2025-12-08 15:06:42,895 [WARN] DbFile:41 - Overriding database path with different value: C:\Users\niels\.stmcufinder\plugins\mcufinder/ => C:\Users\niels\.stmcufinder\plugins\mcufinder
2025-12-08 15:06:42,895 [INFO] DbMcusAds:125 - Set database path to: C:\Users\niels\.stmcufinder\plugins\mcufinder//mcu/
2025-12-08 15:06:42,895 [WARN] DbFile:41 - Overriding database path with different value: C:\Users\niels\.stmcufinder\plugins\mcufinder/ => C:\Users\niels\.stmcufinder\plugins\mcufinder
2025-12-08 15:06:42,895 [WARN] DbFile:41 - Overriding database path with different value: C:\Users\niels\.stmcufinder\plugins\mcufinder/ => C:\Users\niels\.stmcufinder\plugins\mcufinder
2025-12-08 15:06:42,895 [INFO] CrossReferenceDbSqlite:203 - Set database path to: C:\Users\niels\.stmcufinder\plugins\mcufinder//mcu/cs/
2025-12-08 15:06:42,912 [INFO] ApplicationProperties:184 - Using Application install path: C:\ST\STM32CubeIDE_1.19.0\STM32CubeIDE\plugins\com.st.stm32cube.common.mx_6.15.0.202507011659
2025-12-08 15:06:42,913 [INFO] PluginManage:196 - Search for loadable plugins [exclusion list=, ]
2025-12-08 15:06:42,914 [INFO] PluginManage:310 - Check plugin analytics
2025-12-08 15:06:43,130 [INFO] AnalyticsPlugin:253 - Accepted Software Licenses: 
2025-12-08 15:06:43,130 [INFO] AnalyticsPlugin:255 - Accepted CMSIS Pack Licenses: 
2025-12-08 15:06:43,131 [INFO] AnalyticsPlugin:257 - Accepted Firmware Licenses: FW.H7.1.12.0,FW.G4.1.6.0
2025-12-08 15:06:43,131 [INFO] PluginManage:359 - Loaded plugin analytics (category:tool,tabindex:-1)
2025-12-08 15:06:43,132 [INFO] PluginManage:310 - Check plugin cadmodel
2025-12-08 15:06:43,137 [INFO] CADModel:105 - Init CAD model plugin
2025-12-08 15:06:43,137 [INFO] PluginManage:359 - Loaded plugin cadmodel (category:power,tabindex:5)
2025-12-08 15:06:43,137 [INFO] PluginManage:310 - Check plugin clock
2025-12-08 15:06:43,145 [INFO] PluginManage:359 - Loaded plugin clock (category:base,tabindex:2)
2025-12-08 15:06:43,145 [INFO] PluginManage:310 - Check plugin ddr
2025-12-08 15:06:43,147 [INFO] PluginManage:359 - Loaded plugin ddr (category:tool,tabindex:6)
2025-12-08 15:06:43,147 [INFO] PluginManage:310 - Check plugin filemanager
2025-12-08 15:06:43,279 [INFO] PluginManage:359 - Loaded plugin filemanager (category:base,tabindex:10)
2025-12-08 15:06:43,279 [INFO] PluginManage:310 - Check plugin ipmanager
2025-12-08 15:06:43,285 [INFO] PluginManage:359 - Loaded plugin ipmanager (category:base,tabindex:5)
2025-12-08 15:06:43,285 [INFO] PluginManage:310 - Check plugin lpbam
2025-12-08 15:06:43,292 [INFO] PluginManage:359 - Loaded plugin lpbam (category:base,tabindex:0)
2025-12-08 15:06:43,292 [INFO] PluginManage:310 - Check plugin memorymap
2025-12-08 15:06:43,305 [INFO] PluginManage:359 - Loaded plugin memorymap (category:base,tabindex:4)
2025-12-08 15:06:43,305 [INFO] PluginManage:310 - Check plugin pinoutandconfiguration
2025-12-08 15:06:43,311 [INFO] PluginManage:359 - Loaded plugin pinoutandconfiguration (category:base,tabindex:1)
2025-12-08 15:06:43,311 [INFO] PluginManage:310 - Check plugin pinoutconfig
2025-12-08 15:06:43,389 [WARN] SupportedApi:132 - Cannot load RTOS API schema: s4s-elt-must-match.1: The content of 'definitions' must match (annotation?, (simpleType | complexType)?, (unique | key | keyref)*)). A problem was found starting at: attribute.
2025-12-08 15:06:43,502 [INFO] PluginManage:359 - Loaded plugin pinoutconfig (category:base,tabindex:0)
2025-12-08 15:06:43,502 [INFO] PluginManage:310 - Check plugin power
2025-12-08 15:06:43,508 [INFO] PluginManage:359 - Loaded plugin power (category:power,tabindex:4)
2025-12-08 15:06:43,508 [INFO] PluginManage:310 - Check plugin projectmanager
2025-12-08 15:06:43,531 [INFO] PluginManage:359 - Loaded plugin projectmanager (category:projectmanager,tabindex:4)
2025-12-08 15:06:43,531 [INFO] PluginManage:310 - Check plugin rif
2025-12-08 15:06:43,542 [INFO] PluginManage:359 - Loaded plugin rif (category:base,tabindex:3)
2025-12-08 15:06:43,542 [INFO] PluginManage:310 - Check plugin thirdparty
2025-12-08 15:06:43,669 [WARN] IntegrityCheckThread:84 - waiting for thirdparty lock release [integrity check]
2025-12-08 15:06:43,669 [INFO] PluginManage:359 - Loaded plugin thirdparty (category:base,tabindex:-1)
2025-12-08 15:06:43,670 [INFO] IntegrityCheckThread:86 - entering critical section [integrity check]
2025-12-08 15:06:43,670 [INFO] PluginManage:310 - Check plugin tools
2025-12-08 15:06:43,670 [INFO] ThirdPartyUpdaterWithRetryManager:70 - Updater plugin not ready yet. [1/15]
2025-12-08 15:06:43,674 [INFO] PluginManage:359 - Loaded plugin tools (category:base,tabindex:7)
2025-12-08 15:06:43,674 [INFO] PluginManage:310 - Check plugin tutovideos
2025-12-08 15:06:43,846 [INFO] PluginManage:359 - Loaded plugin tutovideos (category:base,tabindex:-1)
2025-12-08 15:06:43,846 [INFO] PluginManage:310 - Check plugin updater
2025-12-08 15:06:43,866 [INFO] PluginManage:359 - Loaded plugin updater (category:base,tabindex:12)
2025-12-08 15:06:43,867 [INFO] PluginManage:310 - Check plugin userauth
2025-12-08 15:06:43,870 [INFO] UserAuth:118 - Init User Auth plugin
2025-12-08 15:06:43,871 [INFO] PluginManage:359 - Loaded plugin userauth (category:base,tabindex:14)
2025-12-08 15:06:43,872 [INFO] PluginManage:283 - PluginManage : Loaded plugins [18]
2025-12-08 15:06:44,082 [INFO] PinOutPanel:1589 - setPackage(No Configuration,No Configuration)
2025-12-08 15:06:44,164 [INFO] CADModel:165 - CPN selected for project level
2025-12-08 15:06:44,165 [INFO] CADModel:114 - Register for checkConnection events
2025-12-08 15:06:44,179 [INFO] IPUIPlugin:80 - create IPUIPlugin
2025-12-08 15:06:44,180 [INFO] PluginManager:220 - loadIPPluginJar : add adc
2025-12-08 15:06:44,182 [INFO] IPUIPlugin:80 - create IPUIPlugin
2025-12-08 15:06:44,182 [INFO] PluginManager:220 - loadIPPluginJar : add aes
2025-12-08 15:06:44,185 [INFO] IPUIPlugin:80 - create IPUIPlugin
2025-12-08 15:06:44,185 [INFO] PluginManager:220 - loadIPPluginJar : add can
2025-12-08 15:06:44,187 [INFO] IPUIPlugin:80 - create IPUIPlugin
2025-12-08 15:06:44,187 [INFO] PluginManager:220 - loadIPPluginJar : add comp
2025-12-08 15:06:44,189 [INFO] IPUIPlugin:80 - create IPUIPlugin
2025-12-08 15:06:44,189 [INFO] PluginManager:220 - loadIPPluginJar : add cryp
2025-12-08 15:06:44,192 [INFO] IPUIPlugin:80 - create IPUIPlugin
2025-12-08 15:06:44,192 [INFO] PluginManager:220 - loadIPPluginJar : add ddr_ctrl_phy
2025-12-08 15:06:44,194 [INFO] IPUIPlugin:80 - create IPUIPlugin
2025-12-08 15:06:44,194 [INFO] PluginManager:220 - loadIPPluginJar : add dfsdm
2025-12-08 15:06:44,199 [INFO] IPUIPlugin:80 - create IPUIPlugin
2025-12-08 15:06:44,200 [INFO] PluginManager:220 - loadIPPluginJar : add dma
2025-12-08 15:06:44,202 [INFO] IPUIPlugin:80 - create IPUIPlugin
2025-12-08 15:06:44,202 [INFO] PluginManager:220 - loadIPPluginJar : add dma3
2025-12-08 15:06:44,205 [INFO] IPUIPlugin:80 - create IPUIPlugin
2025-12-08 15:06:44,205 [INFO] PluginManager:220 - loadIPPluginJar : add extmemmanager
2025-12-08 15:06:44,207 [INFO] IPUIPlugin:80 - create IPUIPlugin
2025-12-08 15:06:44,207 [INFO] PluginManager:220 - loadIPPluginJar : add fatfs
2025-12-08 15:06:44,211 [INFO] IPUIPlugin:80 - create IPUIPlugin
2025-12-08 15:06:44,211 [INFO] PluginManager:220 - loadIPPluginJar : add fmc
2025-12-08 15:06:44,216 [INFO] IPUIPlugin:80 - create IPUIPlugin
2025-12-08 15:06:44,216 [INFO] PluginManager:220 - loadIPPluginJar : add freertos
2025-12-08 15:06:44,219 [INFO] IPUIPlugin:80 - create IPUIPlugin
2025-12-08 15:06:44,219 [INFO] PluginManager:220 - loadIPPluginJar : add genericplugin
2025-12-08 15:06:44,221 [INFO] IPUIPlugin:80 - create IPUIPlugin
2025-12-08 15:06:44,221 [INFO] PluginManager:220 - loadIPPluginJar : add gfxmmu
2025-12-08 15:06:44,229 [INFO] IPUIPlugin:80 - create IPUIPlugin
2025-12-08 15:06:44,229 [INFO] PluginManager:220 - loadIPPluginJar : add gic
2025-12-08 15:06:44,232 [INFO] IPUIPlugin:80 - create IPUIPlugin
2025-12-08 15:06:44,232 [INFO] PluginManager:220 - loadIPPluginJar : add gpio
2025-12-08 15:06:44,237 [INFO] IPUIPlugin:80 - create IPUIPlugin
2025-12-08 15:06:44,237 [INFO] PluginManager:220 - loadIPPluginJar : add gtzc
2025-12-08 15:06:44,240 [INFO] IPUIPlugin:80 - create IPUIPlugin
2025-12-08 15:06:44,240 [INFO] PluginManager:220 - loadIPPluginJar : add hash
2025-12-08 15:06:44,242 [INFO] IPUIPlugin:80 - create IPUIPlugin
2025-12-08 15:06:44,242 [INFO] PluginManager:220 - loadIPPluginJar : add i2c
2025-12-08 15:06:44,245 [INFO] IPUIPlugin:80 - create IPUIPlugin
2025-12-08 15:06:44,245 [INFO] PluginManager:220 - loadIPPluginJar : add i2s
2025-12-08 15:06:44,248 [INFO] IPUIPlugin:80 - create IPUIPlugin
2025-12-08 15:06:44,248 [INFO] PluginManager:220 - loadIPPluginJar : add i3c
2025-12-08 15:06:44,252 [INFO] IPUIPlugin:80 - create IPUIPlugin
2025-12-08 15:06:44,252 [INFO] PluginManager:220 - loadIPPluginJar : add ipddr
2025-12-08 15:06:44,258 [INFO] IPUIPlugin:80 - create IPUIPlugin
2025-12-08 15:06:44,258 [INFO] PluginManager:220 - loadIPPluginJar : add linkedlist
2025-12-08 15:06:44,263 [INFO] IPUIPlugin:80 - create IPUIPlugin
2025-12-08 15:06:44,263 [INFO] PluginManager:220 - loadIPPluginJar : add lorawan
2025-12-08 15:06:44,264 [INFO] IPUIPlugin:80 - create IPUIPlugin
2025-12-08 15:06:44,264 [INFO] PluginManager:220 - loadIPPluginJar : add ltdc
2025-12-08 15:06:44,269 [INFO] IPUIPlugin:80 - create IPUIPlugin
2025-12-08 15:06:44,269 [INFO] PluginManager:220 - loadIPPluginJar : add mdma
2025-12-08 15:06:44,272 [INFO] IPUIPlugin:80 - create IPUIPlugin
2025-12-08 15:06:44,272 [INFO] PluginManager:220 - loadIPPluginJar : add nvic
2025-12-08 15:06:44,275 [INFO] IPUIPlugin:80 - create IPUIPlugin
2025-12-08 15:06:44,275 [INFO] PluginManager:220 - loadIPPluginJar : add opamp
2025-12-08 15:06:44,278 [INFO] IPUIPlugin:80 - create IPUIPlugin
2025-12-08 15:06:44,278 [INFO] PluginManager:220 - loadIPPluginJar : add openamp
2025-12-08 15:06:44,282 [INFO] IPUIPlugin:80 - create IPUIPlugin
2025-12-08 15:06:44,282 [INFO] PluginManager:220 - loadIPPluginJar : add pdm2pcm
2025-12-08 15:06:44,288 [INFO] IPUIPlugin:80 - create IPUIPlugin
2025-12-08 15:06:44,291 [INFO] PluginManager:220 - loadIPPluginJar : add plateformsettings
2025-12-08 15:06:44,293 [INFO] IPUIPlugin:80 - create IPUIPlugin
2025-12-08 15:06:44,293 [INFO] PluginManager:220 - loadIPPluginJar : add quadspi
2025-12-08 15:06:44,295 [INFO] IPUIPlugin:80 - create IPUIPlugin
2025-12-08 15:06:44,296 [INFO] PluginManager:220 - loadIPPluginJar : add radio
2025-12-08 15:06:44,299 [INFO] IPUIPlugin:80 - create IPUIPlugin
2025-12-08 15:06:44,299 [INFO] PluginManager:220 - loadIPPluginJar : add resmgrutility
2025-12-08 15:06:44,302 [INFO] IPUIPlugin:80 - create IPUIPlugin
2025-12-08 15:06:44,302 [INFO] PluginManager:220 - loadIPPluginJar : add sai
2025-12-08 15:06:44,305 [INFO] IPUIPlugin:80 - create IPUIPlugin
2025-12-08 15:06:44,305 [INFO] PluginManager:220 - loadIPPluginJar : add spi
2025-12-08 15:06:44,311 [INFO] IPUIPlugin:80 - create IPUIPlugin
2025-12-08 15:06:44,311 [INFO] PluginManager:220 - loadIPPluginJar : add stm32_wpan
2025-12-08 15:06:44,313 [INFO] IPUIPlugin:80 - create IPUIPlugin
2025-12-08 15:06:44,314 [INFO] PluginManager:220 - loadIPPluginJar : add tim
2025-12-08 15:06:44,316 [INFO] IPUIPlugin:80 - create IPUIPlugin
2025-12-08 15:06:44,316 [INFO] PluginManager:220 - loadIPPluginJar : add touchsensing
2025-12-08 15:06:44,318 [INFO] IPUIPlugin:80 - create IPUIPlugin
2025-12-08 15:06:44,318 [INFO] PluginManager:220 - loadIPPluginJar : add tracer_emb
2025-12-08 15:06:44,320 [INFO] IPUIPlugin:80 - create IPUIPlugin
2025-12-08 15:06:44,320 [INFO] PluginManager:220 - loadIPPluginJar : add ts
2025-12-08 15:06:44,321 [INFO] IPUIPlugin:80 - create IPUIPlugin
2025-12-08 15:06:44,322 [INFO] PluginManager:220 - loadIPPluginJar : add tsc
2025-12-08 15:06:44,323 [INFO] IPUIPlugin:80 - create IPUIPlugin
2025-12-08 15:06:44,323 [INFO] PluginManager:220 - loadIPPluginJar : add ucpd
2025-12-08 15:06:44,325 [INFO] IPUIPlugin:80 - create IPUIPlugin
2025-12-08 15:06:44,325 [INFO] PluginManager:220 - loadIPPluginJar : add usart
2025-12-08 15:06:44,328 [INFO] IPUIPlugin:80 - create IPUIPlugin
2025-12-08 15:06:44,329 [INFO] PluginManager:220 - loadIPPluginJar : add usbx
2025-12-08 15:06:44,449 [FATAL] Updater:351 - Updater called before beeing initialized
2025-12-08 15:06:44,483 [INFO] RulesReader:64 - Compatibility file has been processed (317 Rules)
2025-12-08 15:06:44,500 [INFO] RulesReader:64 - Compatibility file has been processed (317 Rules)
2025-12-08 15:06:44,512 [INFO] CADModel:165 - CPN selected for project level
2025-12-08 15:06:44,512 [INFO] CADModel:114 - Register for checkConnection events
2025-12-08 15:06:44,512 [FATAL] Updater:351 - Updater called before beeing initialized
2025-12-08 15:06:44,513 [ERROR] CADModel:125 - Updater not yet initialized, retry later 
2025-12-08 15:06:44,664 [FATAL] Updater:351 - Updater called before beeing initialized
2025-12-08 15:06:44,666 [INFO] CADModel:165 - CPN selected for project level
2025-12-08 15:06:44,667 [INFO] CADModel:114 - Register for checkConnection events
2025-12-08 15:06:44,667 [FATAL] Updater:351 - Updater called before beeing initialized
2025-12-08 15:06:44,667 [ERROR] CADModel:125 - Updater not yet initialized, retry later 
2025-12-08 15:06:44,670 [FATAL] Updater:351 - Updater called before beeing initialized
2025-12-08 15:06:44,783 [FATAL] Updater:351 - Updater called before beeing initialized
2025-12-08 15:06:44,788 [INFO] DbMcusAds:53 - JSON generation date=Fri Dec 05 10:13:14 CET 2025 (1764925994139)
2025-12-08 15:06:44,788 [FATAL] Updater:351 - Updater called before beeing initialized
2025-12-08 15:06:44,821 [WARN] DetailPanel:346 - Failed to get advertising image, set to default
2025-12-08 15:06:44,905 [FATAL] Updater:351 - Updater called before beeing initialized
2025-12-08 15:06:44,907 [FATAL] Updater:351 - Updater called before beeing initialized
2025-12-08 15:06:44,907 [FATAL] Updater:351 - Updater called before beeing initialized
2025-12-08 15:06:44,907 [WARN] DetailPanel:346 - Failed to get advertising image, set to default
2025-12-08 15:06:44,908 [FATAL] Updater:351 - Updater called before beeing initialized
2025-12-08 15:06:44,945 [ERROR] Updater:1198 - MainUpdater not yet initialized. External WinMGr cannot be set.
2025-12-08 15:06:44,947 [INFO] Updater:1134 - Updater Version found : 6.15.0
2025-12-08 15:06:44,964 [INFO] ApplicationProperties:184 - Using Application install path: C:\ST\STM32CubeIDE_1.19.0\STM32CubeIDE\plugins\com.st.stm32cube.common.mx_6.15.0.202507011659
2025-12-08 15:06:46,541 [ERROR] LogOutputStream:75 - [STDERR_REDIRECT] Dec 08, 2025 3:06:46 PM java.util.prefs.WindowsPreferences <init>
2025-12-08 15:06:46,543 [ERROR] LogOutputStream:75 - [STDERR_REDIRECT] WARNING: Could not open/create prefs root node Software\JavaSoft\Prefs at root 0xffffffff80000002. Windows RegCreateKeyEx(...) returned error code 5.
2025-12-08 15:06:46,544 [ERROR] LogOutputStream:75 - [STDERR_REDIRECT] 
2025-12-08 15:06:46,671 [INFO] ThirdPartyUpdaterWithRetryManager:70 - Updater plugin not ready yet. [2/15]
2025-12-08 15:06:46,963 [INFO] MainUpdater:2872 - connection check result : 10
2025-12-08 15:06:46,964 [INFO] MainUpdater:289 - Updater Check For Update Now.
2025-12-08 15:06:46,964 [INFO] MicroXplorer:498 - Change Database Version : DB.6.0.150
2025-12-08 15:06:46,990 [INFO] McuFinderGlobals:63 - Set McuFinder mode to 2 (CubeIDE integrated)
2025-12-08 15:06:46,992 [INFO] UserAuth:487 - Internet connection configuration mode: 1
2025-12-08 15:06:47,038 [INFO] JxBrowserEngine:152 - Initiate JxBrowser Engine with user profile folder
2025-12-08 15:06:47,162 [INFO] CheckServerUpdateThread:120 - End of CheckServer Thread
2025-12-08 15:06:47,646 [INFO] WebApp:169 - Instantiating new browser for Auth
2025-12-08 15:06:48,241 [INFO] WebApp:463 - Apply proxy settings
2025-12-08 15:06:48,241 [INFO] WebApp:548 - Chromium requires no authentication
2025-12-08 15:06:48,248 [INFO] WebApp:491 - Direct internet connection detected
2025-12-08 15:06:48,267 [INFO] WebApp:900 - Register for checkConnection events
2025-12-08 15:06:48,267 [INFO] WebApp:463 - Apply proxy settings
2025-12-08 15:06:48,267 [INFO] WebApp:548 - Chromium requires no authentication
2025-12-08 15:06:48,267 [INFO] WebApp:491 - Direct internet connection detected
2025-12-08 15:06:48,407 [INFO] WebApp:225 - Starting web application
2025-12-08 15:06:48,407 [INFO] WebApp:593 - Web application path used C:\ST\STM32CubeIDE_1.19.0\STM32CubeIDE\plugins\com.st.stm32cube.common.mx_6.15.0.202507011659\db\plugins\mcufinder\reactClient1\index.html
2025-12-08 15:06:48,492 [INFO] UserAuth:487 - Internet connection configuration mode: 1
2025-12-08 15:06:48,576 [INFO] WebApp:191 - Connection restablished
2025-12-08 15:06:49,859 [WARN] PackLoader:240 - Cannot read IP mode file for STMicroelectronics.FP-SNS-MOTENVWB1.1.4.0
2025-12-08 15:06:49,866 [WARN] PackLoader:240 - Cannot read IP mode file for STMicroelectronics.FP-ATR-ASTRA1.2.0.2
2025-12-08 15:06:49,877 [WARN] PackLoader:240 - Cannot read IP mode file for STMicroelectronics.X-CUBE-SMBUS.2.1.0
2025-12-08 15:06:49,881 [WARN] PackLoader:240 - Cannot read IP mode file for STMicroelectronics.X-CUBE-ST60.1.0.0
2025-12-08 15:06:49,905 [WARN] PackLoader:240 - Cannot read IP mode file for STMicroelectronics.X-CUBE-AZRTOS-F7.1.1.0
2025-12-08 15:06:49,911 [WARN] PackLoader:240 - Cannot read IP mode file for Cesanta.I-CUBE-Mongoose.7.19.0
2025-12-08 15:06:49,915 [WARN] PackLoader:240 - Cannot read IP mode file for STMicroelectronics.FP-SNS-MOTENV1.5.1.0
2025-12-08 15:06:49,928 [WARN] PackLoader:240 - Cannot read IP mode file for WES.I-CUBE-Cesium.1.4.0
2025-12-08 15:06:49,949 [WARN] PackLoader:240 - Cannot read IP mode file for Infineon.AIROC-Wi-Fi-Bluetooth-STM32.1.7.1
2025-12-08 15:06:49,971 [WARN] PackLoader:240 - Cannot read IP mode file for STMicroelectronics.X-CUBE-AZRTOS-H7.3.4.0
2025-12-08 15:06:49,980 [WARN] PackLoader:240 - Cannot read IP mode file for STMicroelectronics.X-CUBE-DISPLAY.3.0.0
2025-12-08 15:06:49,995 [WARN] PackLoader:240 - Cannot read IP mode file for STMicroelectronics.X-CUBE-NFC10.1.0.0
2025-12-08 15:06:49,999 [WARN] PackLoader:240 - Cannot read IP mode file for STMicroelectronics.X-CUBE-ST60.1.1.0
2025-12-08 15:06:50,004 [WARN] PackLoader:240 - Cannot read IP mode file for emotas.I-CUBE-CANOPEN.1.3.0
2025-12-08 15:06:50,009 [WARN] PackLoader:240 - Cannot read IP mode file for STMicroelectronics.X-CUBE-GNSS1.7.1.0
2025-12-08 15:06:50,015 [WARN] PackLoader:240 - Cannot read IP mode file for STMicroelectronics.FP-SNS-STBOX1.2.1.0
2025-12-08 15:06:50,020 [WARN] PackLoader:240 - Cannot read IP mode file for STMicroelectronics.FP-SNS-SMARTAG2.1.2.0
2025-12-08 15:06:50,024 [WARN] PackLoader:240 - Cannot read IP mode file for STMicroelectronics.FP-SNS-FLIGHT1.5.1.0
2025-12-08 15:06:50,033 [INFO] LogOutputStream:77 - [STDOUT_REDIRECT] 1 : Invalid condition id : UX_CORESTACK_Condition cause : null
2025-12-08 15:06:50,034 [INFO] LogOutputStream:77 - [STDOUT_REDIRECT] 1 : Invalid condition id : UX_CORESTACK_Condition cause : null
2025-12-08 15:06:50,035 [INFO] LogOutputStream:77 - [STDOUT_REDIRECT] 1 : Invalid condition id : UX_CORESTACK_Condition cause : null
2025-12-08 15:06:50,037 [INFO] LogOutputStream:77 - [STDOUT_REDIRECT] 1 : Invalid condition id : UX_CORESTACK_Condition cause : null
2025-12-08 15:06:50,038 [INFO] LogOutputStream:77 - [STDOUT_REDIRECT] 1 : Invalid condition id : UX_CORESTACK_Condition cause : null
2025-12-08 15:06:50,040 [WARN] PackLoader:240 - Cannot read IP mode file for STMicroelectronics.X-CUBE-AZRTOS-WL.2.0.0
2025-12-08 15:06:50,044 [WARN] PackLoader:240 - Cannot read IP mode file for STMicroelectronics.FP-SNS-MOTENV1.5.0.0
2025-12-08 15:06:50,073 [WARN] PackLoader:240 - Cannot read IP mode file for STMicroelectronics.X-CUBE-AZRTOS-H7RS.1.2.0
2025-12-08 15:06:50,082 [WARN] PackLoader:240 - Cannot read IP mode file for STMicroelectronics.X-CUBE-BLE2.3.3.0
2025-12-08 15:06:50,113 [WARN] PackLoader:240 - Cannot read IP mode file for STMicroelectronics.X-CUBE-NFC9.1.0.0
2025-12-08 15:06:50,119 [WARN] PackLoader:240 - Cannot read IP mode file for wolfSSL.I-CUBE-wolfSSL.5.8.2
2025-12-08 15:06:50,124 [WARN] PackLoader:240 - Cannot read IP mode file for STMicroelectronics.X-CUBE-BLE1.7.1.0
2025-12-08 15:06:50,128 [WARN] PackLoader:240 - Cannot read IP mode file for wolfSSL.I-CUBE-wolfMQTT.1.19.2
2025-12-08 15:06:50,134 [WARN] PackLoader:240 - Cannot read IP mode file for STMicroelectronics.X-CUBE-FREERTOS.1.4.0
2025-12-08 15:06:50,140 [WARN] PackLoader:240 - Cannot read IP mode file for STMicroelectronics.X-CUBE-EEPRMA1.5.2.0
2025-12-08 15:06:50,146 [WARN] PackLoader:240 - Cannot read IP mode file for STMicroelectronics.X-CUBE-ST67W61.1.1.0
2025-12-08 15:06:50,174 [WARN] PackLoader:240 - Cannot read IP mode file for STMicroelectronics.X-CUBE-MEMS1.12.0.0
2025-12-08 15:06:50,245 [WARN] PackLoader:240 - Cannot read IP mode file for STMicroelectronics.X-CUBE-AZRTOS-G0.1.1.0
2025-12-08 15:06:50,250 [WARN] PackLoader:240 - Cannot read IP mode file for STMicroelectronics.X-CUBE-SAFEA1.1.2.2
2025-12-08 15:06:50,256 [WARN] PackLoader:240 - Cannot read IP mode file for STMicroelectronics.X-CUBE-NFC4.3.0.0
2025-12-08 15:06:50,263 [WARN] PackLoader:240 - Cannot read IP mode file for EmbeddedOffice.I-CUBE-FS-RTOS.1.0.1
2025-12-08 15:06:50,267 [WARN] PackLoader:240 - Cannot read IP mode file for STMicroelectronics.X-CUBE-WB05N.2.0.0
2025-12-08 15:06:50,270 [WARN] PackLoader:240 - Cannot read IP mode file for wolfSSL.I-CUBE-wolfTPM.3.8.0
2025-12-08 15:06:50,274 [WARN] PackLoader:240 - Cannot read IP mode file for STMicroelectronics.X-CUBE-TCPP.4.2.0
2025-12-08 15:06:50,280 [WARN] PackLoader:240 - Cannot read IP mode file for RealThread.X-CUBE-RT-Thread_Nano.4.1.1
2025-12-08 15:06:50,284 [WARN] PackLoader:240 - Cannot read IP mode file for STMicroelectronics.FP-ATR-SIGFOX1.3.2.0
2025-12-08 15:06:50,289 [WARN] PackLoader:240 - Cannot read IP mode file for ITTIA_DB.I-CUBE-ITTIADB.8.9.0
2025-12-08 15:06:50,305 [WARN] PackLoader:240 - Cannot read IP mode file for STMicroelectronics.X-CUBE-ST67W61.1.0.0
2025-12-08 15:06:50,311 [WARN] PackLoader:240 - Cannot read IP mode file for STMicroelectronics.X-CUBE-AI.10.2.0
2025-12-08 15:06:50,357 [WARN] PackLoader:240 - Cannot read IP mode file for SEGGER.I-CUBE-embOS.1.3.1
2025-12-08 15:06:50,396 [WARN] PackLoader:240 - Cannot read IP mode file for STMicroelectronics.X-CUBE-ALGOBUILD.1.4.0
2025-12-08 15:06:50,425 [WARN] PackLoader:240 - Cannot read IP mode file for STMicroelectronics.X-CUBE-MEMS1.11.3.0
2025-12-08 15:06:50,528 [WARN] PackLoader:240 - Cannot read IP mode file for STMicroelectronics.X-CUBE-PM33A1.1.0.0
2025-12-08 15:06:50,538 [WARN] PackLoader:240 - Cannot read IP mode file for STMicroelectronics.X-CUBE-AZRTOS-F4.1.1.0
2025-12-08 15:06:50,542 [WARN] PackLoader:240 - Cannot read IP mode file for STMicroelectronics.X-CUBE-ISPU.2.1.0
2025-12-08 15:06:50,551 [WARN] PackLoader:240 - Cannot read IP mode file for STMicroelectronics.X-CUBE-IPS.3.2.0
2025-12-08 15:06:50,561 [WARN] PackLoader:240 - Cannot read IP mode file for STMicroelectronics.X-CUBE-NFC12.1.0.0
2025-12-08 15:06:50,572 [WARN] PackLoader:240 - Cannot read IP mode file for STMicroelectronics.X-CUBE-AZRTOS-L5.2.0.0
2025-12-08 15:06:50,580 [WARN] PackLoader:240 - Cannot read IP mode file for STMicroelectronics.X-CUBE-NFC6.3.1.0
2025-12-08 15:06:50,585 [WARN] PackLoader:240 - Cannot read IP mode file for STMicroelectronics.X-CUBE-FREERTOS.1.3.1
2025-12-08 15:06:50,592 [WARN] PackLoader:240 - Cannot read IP mode file for STMicroelectronics.X-CUBE-TOUCHGFX.4.26.0
2025-12-08 15:06:50,597 [WARN] PackLoader:240 - Cannot read IP mode file for STMicroelectronics.FP-SNS-STAIOTCFT.1.0.0
2025-12-08 15:06:50,602 [WARN] PackLoader:240 - Cannot read IP mode file for STMicroelectronics.X-CUBE-DPower.1.3.0
2025-12-08 15:06:50,612 [WARN] ConditionMgr:438 - getConditionDescription Invalid condition id : LAN8742 Phy interface Condition cause : null
2025-12-08 15:06:50,613 [WARN] PackLoader:240 - Cannot read IP mode file for STMicroelectronics.X-CUBE-AZRTOS-L4.2.0.0
2025-12-08 15:06:50,614 [WARN] ConditionMgr:1044 - genDependencies : Invalid condition id : LAN8742 Phy interface Condition cause : null
2025-12-08 15:06:50,614 [WARN] ConditionMgr:1044 - genDependencies : Invalid condition id : LAN8742 Phy interface Condition cause : null
2025-12-08 15:06:50,614 [WARN] ConditionMgr:1044 - genDependencies : Invalid condition id : LAN8742 Phy interface Condition cause : null
2025-12-08 15:06:50,620 [WARN] PackLoader:240 - Cannot read IP mode file for STMicroelectronics.X-CUBE-SFXS2LP1.4.0.0
2025-12-08 15:06:50,627 [WARN] PackLoader:240 - Cannot read IP mode file for STMicroelectronics.X-CUBE-BLEMGR.4.1.0
2025-12-08 15:06:50,636 [WARN] ConditionMgr:438 - getConditionDescription Invalid condition id : UX DEVICE CLASS RTOS Condition cause : null
2025-12-08 15:06:50,636 [WARN] ConditionMgr:438 - getConditionDescription Invalid condition id : UX DEVICE CLASS RTOS Condition cause : null
2025-12-08 15:06:50,637 [WARN] PackLoader:240 - Cannot read IP mode file for STMicroelectronics.X-CUBE-AZRTOS-WB.2.0.0
2025-12-08 15:06:50,637 [WARN] ConditionMgr:1044 - genDependencies : Invalid condition id : UX DEVICE CLASS RTOS Condition cause : null
2025-12-08 15:06:50,637 [WARN] ConditionMgr:1044 - genDependencies : Invalid condition id : UX DEVICE CLASS RTOS Condition cause : null
2025-12-08 15:06:50,638 [WARN] ConditionMgr:1044 - genDependencies : Invalid condition id : UX DEVICE CLASS RTOS Condition cause : null
2025-12-08 15:06:50,638 [WARN] ConditionMgr:1044 - genDependencies : Invalid condition id : UX DEVICE CLASS RTOS Condition cause : null
2025-12-08 15:06:50,638 [WARN] ConditionMgr:1044 - genDependencies : Invalid condition id : UX DEVICE CLASS RTOS Condition cause : null
2025-12-08 15:06:50,641 [WARN] PackLoader:240 - Cannot read IP mode file for STMicroelectronics.X-CUBE-GNSS1.7.0.1
2025-12-08 15:06:50,644 [WARN] PackLoader:240 - Cannot read IP mode file for STMicroelectronics.X-CUBE-TOUCHGFX.4.25.0
2025-12-08 15:06:50,647 [WARN] ConditionMgr:438 - getConditionDescription Invalid condition id : Cortex-A Device cause : null
2025-12-08 15:06:50,654 [WARN] ConditionMgr:1044 - genDependencies : Invalid condition id : Cortex-A Device cause : null
2025-12-08 15:06:50,654 [WARN] ConditionMgr:1044 - genDependencies : Invalid condition id : Cortex-A Device cause : null
2025-12-08 15:06:50,654 [WARN] ConditionMgr:1044 - genDependencies : Invalid condition id : Cortex-A Device cause : null
2025-12-08 15:06:50,659 [WARN] PackLoader:240 - Cannot read IP mode file for STMicroelectronics.X-CUBE-SUBG2.5.0.0
2025-12-08 15:06:50,677 [WARN] PackLoader:240 - Cannot read IP mode file for STMicroelectronics.X-CUBE-AZRTOS-H7RS.1.1.0
2025-12-08 15:06:50,686 [WARN] PackLoader:240 - Cannot read IP mode file for STMicroelectronics.X-CUBE-AZRTOS-G4.2.0.0
2025-12-08 15:06:50,690 [WARN] PackLoader:240 - Cannot read IP mode file for wolfSSL.I-CUBE-wolfSSH.1.4.20
2025-12-08 15:06:50,695 [WARN] PackLoader:240 - Cannot read IP mode file for STMicroelectronics.X-CUBE-NFC7.2.0.0
2025-12-08 15:06:50,702 [WARN] PackLoader:240 - Cannot read IP mode file for STMicroelectronics.X-CUBE-IPS.3.1.0
2025-12-08 15:06:50,710 [WARN] PackLoader:240 - Cannot read IP mode file for STMicroelectronics.X-CUBE-ALS.1.0.2
2025-12-08 15:06:50,715 [WARN] PackLoader:240 - Cannot read IP mode file for STMicroelectronics.X-CUBE-STSE01.1.0.0
2025-12-08 15:06:50,721 [WARN] PackLoader:240 - Cannot read IP mode file for STMicroelectronics.X-CUBE-TOF1.3.4.3
2025-12-08 15:06:50,728 [INFO] ThirdParty:978 - Integrity check success = true
2025-12-08 15:06:50,729 [INFO] IntegrityCheckThread:100 - exiting critical section [integrity check]
2025-12-08 15:06:50,729 [INFO] IntegrityCheckThread:103 - End integrity checks thread
2025-12-08 15:06:52,917 [INFO] McuFinderGlobals:63 - Set McuFinder mode to 2 (CubeIDE integrated)
2025-12-08 15:06:52,919 [INFO] MainUpdater:2872 - connection check result : 10
2025-12-08 15:06:53,268 [INFO] ApiDb:581 - Connected to CubeFinder SQLite database (C:\Users\niels\.stmcufinder\plugins\mcufinder\mcu\cube-finder-db.db)
2025-12-08 15:06:53,334 [INFO] ApiDb:668 - CubeFinder database Data Model version=2.1
2025-12-08 15:06:53,334 [INFO] ApiDb:669 - CubeFinder database Configuration version=3.0.39
2025-12-08 15:06:53,334 [INFO] ApiDb:670 - CubeFinder database generation date=2025-11-05 (1762334721)
2025-12-08 15:06:53,335 [INFO] ApiDb:671 - CubeFinder database FW Pack versions=[FP-ATR-ASTRA1_V2.0.0, FP-SNS-FLIGHT1_V5.1.0, FP-SNS-MOTENV1_V5.1.0, FP-SNS-MOTENVWB1_V1.4.0, FP-SNS-SMARTAG2_V1.2.0, FP-SNS-STBOX1_V2.1.0, STM32Cube_FW_C0_V1.4.0, STM32Cube_FW_F4_V1.28.3, STM32Cube_FW_F7_V1.17.4, STM32Cube_FW_G0_V1.6.2, STM32Cube_FW_G4_V1.6.1, STM32Cube_FW_H5_V1.5.1, STM32Cube_FW_H7RS_V1.3.0, STM32Cube_FW_H7_V1.12.1, STM32Cube_FW_L0_V1.12.2, STM32Cube_FW_L4_V1.18.1, STM32Cube_FW_L5_V1.6.0, STM32Cube_FW_N6_V1.3.0, STM32Cube_FW_U0_V1.3.0, STM32Cube_FW_U3_V1.2.1, STM32Cube_FW_U5_V1.8.0, STM32Cube_FW_WB0_V1.4.0, STM32Cube_FW_WBA_V1.8.0, STM32Cube_FW_WB_V1.24.0, STM32Cube_FW_WL3_V1.3.0, STM32Cube_FW_WL_V1.4.0, X-CUBE-ALGOBUILD_V1.4.0, X-CUBE-ALS_V1.0.2, X-CUBE-AZRTOS-F4_V1.1.0, X-CUBE-AZRTOS-F7_V1.1.0, X-CUBE-AZRTOS-G0_V1.1.0, X-CUBE-AZRTOS-G4_V2.0.0, X-CUBE-AZRTOS-H7RS_V1.1.0, X-CUBE-AZRTOS-H7_V3.4.0, X-CUBE-AZRTOS-L4_V2.0.0, X-CUBE-AZRTOS-L5_V2.0.0, X-CUBE-AZRTOS-WB_V2.0.0, X-CUBE-AZRTOS-WL_V2.0.0, X-CUBE-BLE1_V7.1.0, X-CUBE-BLE2_V3.3.0, X-CUBE-BLEMGR_V4.1.0, X-CUBE-EEPRMA1_V5.2.0, X-CUBE-FREERTOS_V1.3.1, X-CUBE-GNSS1_V6.0.0, X-CUBE-MEMS1_V11.3.0, X-CUBE-NFC4_V3.0.0, X-CUBE-NFC7_V2.0.0, X-CUBE-SFXS2LP1_V4.0.0, X-CUBE-ST67W61_V1.1.0, X-CUBE-SUBG2_V5.0.0, X-CUBE-TOF1_V3.4.3]
2025-12-08 15:06:55,153 [INFO] ApiDb:240 - Found 880 in-development CPN: [B-G473E-ZEST1S, B-WB1M-WPAN1, B-WBA5M-WPAN, B-WL5M-SUBG1, NUCLEO-C031C6, NUCLEO-C051C8, NUCLEO-C071RB, NUCLEO-C092RC, NUCLEO-H503RB, NUCLEO-H533RE, NUCLEO-H563ZI, NUCLEO-H7S3L8, NUCLEO-N657X0-Q, NUCLEO-U031R8, NUCLEO-U083RC, NUCLEO-U385RG-Q, NUCLEO-U545RE-Q, NUCLEO-U5A5ZJ-Q, NUCLEO-WB05KZ, NUCLEO-WB07CC, NUCLEO-WB09KE, NUCLEO-WBA52CG, NUCLEO-WBA55CG, NUCLEO-WL33CC1, NUCLEO-WL33CC2, STEVAL-PROTEUS1, STEVAL-SMARTAG2, STEVAL-STWINBX1, STM320518-EVAL, STM32C0116-DK, STM32C011D6Y3TR, STM32C011D6Y6TR, STM32C011F4P3, STM32C011F4P6, STM32C011F4U3, STM32C011F4U6TR, STM32C011F6P3, STM32C011F6P6, STM32C011F6U3, STM32C011F6U6TR, STM32C011J4M3, STM32C011J4M6, STM32C011J6M3, STM32C011J6M6, STM32C0316-DK, STM32C031C4T3, STM32C031C4T6, STM32C031C4U3, STM32C031C4U6, STM32C031C6T3, STM32C031C6T6, STM32C031C6U3, STM32C031C6U6, STM32C031F4P3, STM32C031F4P6, STM32C031F6P3, STM32C031F6P6, STM32C031G4U3, STM32C031G4U6, STM32C031G6U3, STM32C031G6U6, STM32C031K4T3, STM32C031K4T6, STM32C031K4U3, STM32C031K4U6, STM32C031K6T3, STM32C031K6T6, STM32C031K6U3, STM32C031K6U6, STM32C051C6T6, STM32C051C6U6, STM32C051C8T6, STM32C051C8U6, STM32C051D8Y6TR, STM32C051F6P6, STM32C051F8P6, STM32C051G6U6, STM32C051G8U6, STM32C051K6T6, STM32C051K6U6, STM32C051K8T6, STM32C071C8T6, STM32C071C8T6N, STM32C071C8U6, STM32C071C8U6N, STM32C071CBT6, STM32C071CBT6N, STM32C071CBU6, STM32C071CBU6N, STM32C071F8P6, STM32C071F8P6N, STM32C071FBP6, STM32C071FBP6N, STM32C071FBY6TR, STM32C071G8U6, STM32C071G8U6N, STM32C071GBU6, STM32C071GBU6N, STM32C071K8T6, STM32C071K8T6N, STM32C071K8U6, STM32C071K8U6N, STM32C071KBT6, STM32C071KBT6N, STM32C071KBU6, STM32C071KBU6N, STM32C071R8T6, STM32C071R8T6N, STM32C071RBI6N, STM32C071RBT6, STM32C071RBT6N, STM32C091CBT6, STM32C091CBU6, STM32C091CCT6, STM32C091CCU6, STM32C091ECY6TR, STM32C091FBP6, STM32C091FCP6, STM32C091GBU6, STM32C091GCU6, STM32C091KBT6, STM32C091KBU6, STM32C091KCT6, STM32C091KCU6, STM32C091RBT6, STM32C091RCI6, STM32C091RCT6, STM32C092CBT6, STM32C092CBU6, STM32C092CCT6, STM32C092CCU6, STM32C092ECY6TR, STM32C092FBP6, STM32C092FCP6, STM32C092GBU6, STM32C092GCU6, STM32C092KBT6, STM32C092KBU6, STM32C092KCT6, STM32C092KCU6, STM32C092RBT6, STM32C092RCI6, STM32C092RCT6, STM32G071K8TXN, STM32G071K8UXN, STM32G081GBU6N, STM32G081KBT6N, STM32G081KBUXN, STM32G0B1CCT6N, STM32G0B1KCT6, STM32G0B1NEY6TR, STM32G0B1RCT6N, STM32G0C1CCT6, STM32G0C1CCT6N, STM32G0C1CCU6N, STM32G0C1CET6N, STM32G0C1CEU6N, STM32G0C1KCT6, STM32G0C1NEY6TR, STM32G0C1RCI6N, STM32G0C1RCT6N, STM32G0C1REI6N, STM32G0C1RET6N, STM32G0C1VCI6, STM32G0C1VEI6, STM32G411C6T3, STM32G411C6T6, STM32G411C6U3, STM32G411C6U6, STM32G411C8T3, STM32G411C8T6, STM32G411C8U3, STM32G411C8U6, STM32G411CBT3, STM32G411CBT6, STM32G411CBU3, STM32G411CBU6, STM32G411K6T3, STM32G411K6T6, STM32G411K6U3, STM32G411K6U6, STM32G411K8T3, STM32G411K8T6, STM32G411K8U3, STM32G411K8U6, STM32G411KBT3, STM32G411KBT6, STM32G411KBU3, STM32G411KBU6, STM32G411M6T3, STM32G411M6T6, STM32G411M8T3, STM32G411M8T6, STM32G411MBT3, STM32G411MBT6, STM32G411R6T3, STM32G411R6T6, STM32G411R8T3, STM32G411R8T6, STM32G411RBT3, STM32G411RBT6, STM32G414CBT3, STM32G414CBT6, STM32G414CBU3, STM32G414CBU6, STM32G414CCT3, STM32G414CCT6, STM32G414CCU3, STM32G414CCU6, STM32G414MBT3, STM32G414MBT6, STM32G414MCT3, STM32G414MCT6, STM32G414RBT3, STM32G414RBT6, STM32G414RCT3, STM32G414RCT6, STM32G414VBT3, STM32G414VBT6, STM32G414VCT3, STM32G414VCT6, STM32G431CBT3Z, STM32G431RBT3Z, STM32G471CCT6, STM32G471CCU6, STM32G471CET3, STM32G471CET6, STM32G471CEU3, STM32G471CEU6, STM32G471MCT6, STM32G471MET3, STM32G471MET6, STM32G471MEY6TR, STM32G471QCT6, STM32G471QET3, STM32G471RCT6, STM32G471RET3, STM32G471RET6, STM32G471VCH6, STM32G471VCI6, STM32G471VCT6, STM32G471VEH3, STM32G471VEH6, STM32G471VEI3, STM32G471VEI6, STM32G471VET3, STM32G471VET6, STM32G473QET3Z, STM32G473RET3Z, STM32G474CCT6, STM32G491RET3Z, STM32H503CBT6, STM32H503CBU6, STM32H503EBY6TR, STM32H503KBU6, STM32H503RBT6, STM32H523CCT6, STM32H523CCU6, STM32H523CET6, STM32H523CEU6, STM32H523HEY6TR, STM32H523RCT6, STM32H523RET6, STM32H523VCI6, STM32H523VCT6, STM32H523VEI6, STM32H523VET6, STM32H523ZCJ6, STM32H523ZCT6, STM32H523ZEJ6, STM32H523ZET6, STM32H533CET6, STM32H533CEU6, STM32H533HEY6TR, STM32H533RET6, STM32H533VEI6, STM32H533VET6, STM32H533ZEJ6, STM32H533ZET6, STM32H562AGI6, STM32H562AII6, STM32H562IGK6, STM32H562IGT6, STM32H562IIK6, STM32H562IIT6, STM32H562RGT6, STM32H562RGV6, STM32H562RIT6, STM32H562RIV6, STM32H562VGT6, STM32H562VIT6, STM32H562ZGT6, STM32H562ZIT6, STM32H563AGI6, STM32H563AII3Q, STM32H563AII6, STM32H563IGK6, STM32H563IGT6, STM32H563IIK3Q, STM32H563IIK6, STM32H563IIT3Q, STM32H563IIT6, STM32H563MIY3QTR, STM32H563RGT6, STM32H563RGV6, STM32H563RIT6, STM32H563RIV6, STM32H563VGT6, STM32H563VIT3Q, STM32H563VIT6, STM32H563ZGT6, STM32H563ZIT3Q, STM32H563ZIT6, STM32H573AII3Q, STM32H573AII6, STM32H573I-DK, STM32H573IIK3Q, STM32H573IIK6, STM32H573IIT3Q, STM32H573IIT6, STM32H573MIY3QTR, STM32H573RIT6, STM32H573RIV6, STM32H573VIT3Q, STM32H573VIT6, STM32H573ZIT3Q, STM32H573ZIT6, STM32H7R3A8I6, STM32H7R3I8K6, STM32H7R3I8T6, STM32H7R3L8H6, STM32H7R3L8H6H, STM32H7R3R8V6, STM32H7R3V8H6, STM32H7R3V8T6, STM32H7R3V8Y6TR, STM32H7R3Z8J6, STM32H7R3Z8T6, STM32H7R7A8I6, STM32H7R7I8K6, STM32H7R7I8T6, STM32H7R7L8H6, STM32H7R7L8H6H, STM32H7R7Z8J6, STM32H7S3A8I6, STM32H7S3I8K6, STM32H7S3I8T6, STM32H7S3L8H6, STM32H7S3L8H6H, STM32H7S3R8V6, STM32H7S3V8H6, STM32H7S3V8T6, STM32H7S3V8Y6TR, STM32H7S3Z8J6, STM32H7S3Z8T6, STM32H7S78-DK, STM32H7S7A8I6, STM32H7S7I8K6, STM32H7S7I8T6, STM32H7S7L8H6, STM32H7S7L8H6H, STM32H7S7Z8J6, STM32L4R5QGI6STR, STM32MP131AAE3, STM32MP131AAF3, STM32MP131AAG3, STM32MP131CAE3, STM32MP131CAF3, STM32MP131CAG3, STM32MP131DAE7, STM32MP131DAF7, STM32MP131DAG7, STM32MP131FAE7, STM32MP131FAF7, STM32MP131FAG7, STM32MP133AAE3, STM32MP133AAF3, STM32MP133AAG3, STM32MP133CAE3, STM32MP133CAF3, STM32MP133CAG3, STM32MP133DAE7, STM32MP133DAF7, STM32MP133DAG7, STM32MP133FAE7, STM32MP133FAF7, STM32MP133FAG7, STM32MP135AAE3, STM32MP135AAF3, STM32MP135AAG3, STM32MP135CAE3, STM32MP135CAF3, STM32MP135CAG3, STM32MP135DAE7, STM32MP135DAF7, STM32MP135DAG7, STM32MP135F-DK, STM32MP135FAE7, STM32MP135FAF7, STM32MP135FAF7T, STM32MP135FAF7U, STM32MP135FAG7, STM32MP211AAL3, STM32MP211AAM3, STM32MP211AAN3, STM32MP211AAO3, STM32MP211CAL3, STM32MP211CAM3, STM32MP211CAN3, STM32MP211CAO3, STM32MP211DAL3, STM32MP211DAM3, STM32MP211DAN3, STM32MP211DAO3, STM32MP211FAL3, STM32MP211FAM3, STM32MP211FAN3, STM32MP211FAO3, STM32MP213AAL3, STM32MP213AAM3, STM32MP213AAN3, STM32MP213AAO3, STM32MP213CAL3, STM32MP213CAM3, STM32MP213CAN3, STM32MP213CAO3, STM32MP213DAL3, STM32MP213DAM3, STM32MP213DAN3, STM32MP213DAO3, STM32MP213FAL3, STM32MP213FAM3, STM32MP213FAN3, STM32MP213FAO3, STM32MP215AAL3, STM32MP215AAM3, STM32MP215AAN3, STM32MP215AAO3, STM32MP215CAL3, STM32MP215CAM3, STM32MP215CAN3, STM32MP215CAO3, STM32MP215DAL3, STM32MP215DAM3, STM32MP215DAN3, STM32MP215DAO3, STM32MP215F-DK, STM32MP215FAL3, STM32MP215FAM3, STM32MP215FAN3, STM32MP215FAO3, STM32MP231AAJ3, STM32MP231AAK3, STM32MP231AAL3, STM32MP231CAJ3, STM32MP231CAK3, STM32MP231CAL3, STM32MP231DAJ3, STM32MP231DAK3, STM32MP231DAL3, STM32MP231FAJ3, STM32MP231FAK3, STM32MP231FAL3, STM32MP233AAJ3, STM32MP233AAK3, STM32MP233AAL3, STM32MP233CAJ3, STM32MP233CAK3, STM32MP233CAL3, STM32MP233DAJ3, STM32MP233DAK3, STM32MP233DAL3, STM32MP233FAJ3, STM32MP233FAK3, STM32MP233FAL3, STM32MP235AAJ3, STM32MP235AAK3, STM32MP235AAL3, STM32MP235CAJ3, STM32MP235CAK3, STM32MP235CAL3, STM32MP235DAJ3, STM32MP235DAK3, STM32MP235DAL3, STM32MP235FAJ3, STM32MP235FAK3, STM32MP235FAL3, STM32MP251AAI3, STM32MP251AAK3, STM32MP251AAL3, STM32MP251CAI3, STM32MP251CAK3, STM32MP251CAL3, STM32MP251DAI3, STM32MP251DAK3, STM32MP251DAL3, STM32MP251FAI3, STM32MP251FAK3, STM32MP251FAL3, STM32MP253AAI3, STM32MP253AAK3, STM32MP253AAL3, STM32MP253CAI3, STM32MP253CAK3, STM32MP253CAL3, STM32MP253DAI3, STM32MP253DAK3, STM32MP253DAL3, STM32MP253FAI3, STM32MP253FAK3, STM32MP253FAL3, STM32MP255AAI3, STM32MP255AAK3, STM32MP255AAL3, STM32MP255CAI3, STM32MP255CAK3, STM32MP255CAL3, STM32MP255DAI3, STM32MP255DAK3, STM32MP255DAL3, STM32MP255FAI3, STM32MP255FAK3, STM32MP255FAL3, STM32MP257AAI3, STM32MP257AAK3, STM32MP257AAL3, STM32MP257CAI3, STM32MP257CAK3, STM32MP257CAL3, STM32MP257DAI3, STM32MP257DAK3, STM32MP257DAL3, STM32MP257F-DK, STM32MP257F-EV1, STM32MP257FAI3, STM32MP257FAK3, STM32MP257FAL3, STM32N645A0H3Q, STM32N645B0H3Q, STM32N645I0H3Q, STM32N645L0H3Q, STM32N645X0H3Q, STM32N645Z0H3Q, STM32N647A0H3Q, STM32N647B0H3Q, STM32N647I0H3Q, STM32N647L0H3Q, STM32N647X0H3Q, STM32N647Z0H3Q, STM32N655A0H3Q, STM32N655B0H3Q, STM32N655I0H3Q, STM32N655L0H3Q, STM32N655X0H3Q, STM32N655Z0H3Q, STM32N6570-DK, STM32N657A0H3Q, STM32N657B0H3Q, STM32N657I0H3Q, STM32N657L0H3Q, STM32N657X0H3Q, STM32N657Z0H3Q, STM32U031C6T6, STM32U031C6U6, STM32U031C8T6, STM32U031C8U6, STM32U031F4P6, STM32U031F6P6, STM32U031F8P6, STM32U031G6Y6TR, STM32U031G8Y6TR, STM32U031K4U6, STM32U031K6U6, STM32U031K8U6, STM32U031R6I6, STM32U031R6T6, STM32U031R8I6, STM32U031R8T6, STM32U073C8T6, STM32U073C8U6, STM32U073CBT6, STM32U073CBU6, STM32U073CCT6, STM32U073CCU6, STM32U073H8Y6TR, STM32U073HBY6TR, STM32U073HCY6TR, STM32U073K8U6, STM32U073KBU6, STM32U073KCU6, STM32U073M8I6, STM32U073M8T6, STM32U073MBI6, STM32U073MBT6, STM32U073MCI6, STM32U073MCT6, STM32U073R8I6, STM32U073R8T6, STM32U073RBI6, STM32U073RBT6, STM32U073RCI6, STM32U073RCT6, STM32U083C-DK, STM32U083CCT6, STM32U083CCU6, STM32U083HCY6TR, STM32U083KCU6, STM32U083MCI6, STM32U083MCT6, STM32U083RCI6, STM32U083RCT6, STM32U375CET6, STM32U375CET6Q, STM32U375CEU6, STM32U375CEU6Q, STM32U375CEY6QTR, STM32U375CGT6, STM32U375CGT6Q, STM32U375CGU6, STM32U375CGU6Q, STM32U375CGY6QTR, STM32U375KEU6, STM32U375KGU6, STM32U375REI6, STM32U375REI6Q, STM32U375RET6, STM32U375RET6Q, STM32U375REY6GTR, STM32U375REY6QTR, STM32U375RGI6, STM32U375RGI6Q, STM32U375RGT6, STM32U375RGT6Q, STM32U375RGY6GTR, STM32U375RGY6QTR, STM32U375VEI6, STM32U375VEI6Q, STM32U375VET6, STM32U375VET6Q, STM32U375VGI6, STM32U375VGI6Q, STM32U375VGT6, STM32U375VGT6Q, STM32U385CGT6, STM32U385CGT6Q, STM32U385CGU6, STM32U385CGU6Q, STM32U385CGY6QTR, STM32U385KGU6, STM32U385RGI6, STM32U385RGI6Q, STM32U385RGT6, STM32U385RGT6Q, STM32U385RGY6GTR, STM32U385RGY6QTR, STM32U385VGI6, STM32U385VGI6Q, STM32U385VGT6, STM32U385VGT6Q, STM32U535CBT6, STM32U535CBT6Q, STM32U535CBU6, STM32U535CBU6Q, STM32U535CCT6, STM32U535CCT6Q, STM32U535CCU6, STM32U535CCU6Q, STM32U535CET6, STM32U535CET6Q, STM32U535CEU6, STM32U535CEU6Q, STM32U535JEY6QTR, STM32U535NCY6QTR, STM32U535NEY6QTR, STM32U535RBI6, STM32U535RBI6Q, STM32U535RBT6, STM32U535RBT6Q, STM32U535RCI6, STM32U535RCI6Q, STM32U535RCT6, STM32U535RCT6Q, STM32U535REI6, STM32U535REI6Q, STM32U535RET6, STM32U535RET6Q, STM32U535VCI6, STM32U535VCI6Q, STM32U535VCT6, STM32U535VCT6Q, STM32U535VEI6, STM32U535VEI6Q, STM32U535VET6, STM32U535VET6Q, STM32U545CET6, STM32U545CET6Q, STM32U545CEU6, STM32U545CEU6Q, STM32U545JEY6QTR, STM32U545NEY6QTR, STM32U545REI6, STM32U545REI6Q, STM32U545RET6, STM32U545RET6Q, STM32U545VEI6, STM32U545VEI6Q, STM32U545VET6, STM32U545VET6Q, STM32U595AIH6, STM32U595AIH6Q, STM32U595AJH6, STM32U595AJH6Q, STM32U595QII6, STM32U595QII6Q, STM32U595QJI6, STM32U595QJI6Q, STM32U595RIT6, STM32U595RIT6Q, STM32U595RJT6, STM32U595RJT6Q, STM32U595VIT6, STM32U595VIT6Q, STM32U595VJT6, STM32U595VJT6Q, STM32U595ZIT6, STM32U595ZIT6Q, STM32U595ZIY6QTR, STM32U595ZJT6, STM32U595ZJT6Q, STM32U595ZJY6QTR, STM32U599BJY6QTR, STM32U599NIH6Q, STM32U599NJH6Q, STM32U599VIT6Q, STM32U599VJT6, STM32U599VJT6Q, STM32U599ZIT6Q, STM32U599ZIY6QTR, STM32U599ZJT6Q, STM32U599ZJY6QTR, STM32U5A5AJH6, STM32U5A5AJH6Q, STM32U5A5QII3Q , STM32U5A5QJI6, STM32U5A5QJI6Q, STM32U5A5RJT6, STM32U5A5RJT6Q, STM32U5A5VJT6, STM32U5A5VJT6Q, STM32U5A5ZJT6, STM32U5A5ZJT6Q, STM32U5A5ZJY6QTR, STM32U5A9BJY6QTR, STM32U5A9J-DK, STM32U5A9NJH6Q, STM32U5A9VJT6Q, STM32U5A9ZJT6Q, STM32U5A9ZJY6QTR, STM32U5F7VIT6, STM32U5F7VIT6Q, STM32U5F7VJT6, STM32U5F7VJT6Q, STM32U5F9BJY6QTR, STM32U5F9NJH6Q, STM32U5F9VIT6Q, STM32U5F9VJT6Q, STM32U5F9ZIJ6QTR, STM32U5F9ZIT6Q, STM32U5F9ZJJ6QTR, STM32U5F9ZJT6Q, STM32U5G7VJT6, STM32U5G7VJT6Q, STM32U5G9BJY6QTR, STM32U5G9J-DK1, STM32U5G9J-DK2, STM32U5G9NJH6Q, STM32U5G9VJT6Q, STM32U5G9ZJJ6QTR, STM32U5G9ZJT6Q, STM32WB05KZV6TR, STM32WB05KZV7TR, STM32WB05TZF6TR, STM32WB05TZF7TR, STM32WB06CCF6TR, STM32WB06CCF7TR, STM32WB06CCV6TR, STM32WB06CCV7TR, STM32WB06KCV6TR, STM32WB06KCV7TR, STM32WB07CCF6TR, STM32WB07CCF7TR, STM32WB07CCV6TR, STM32WB07CCV7TR, STM32WB07KCV6TR, STM32WB07KCV7TR, STM32WB09KEV6TR, STM32WB09KEV7TR, STM32WB09TEF6TR, STM32WB09TEF7TR, STM32WB1MMCH6, STM32WBA50KGU6, STM32WBA50KGU6TR, STM32WBA52CEU6, STM32WBA52CEU6TR, STM32WBA52CEU7, STM32WBA52CEU7TR, STM32WBA52CGU6, STM32WBA52CGU6TR, STM32WBA52CGU6U, STM32WBA52CGU7, STM32WBA52CGU7TR, STM32WBA52KEU6, STM32WBA52KEU6TR, STM32WBA52KGU6, STM32WBA52KGU6TR, STM32WBA54CEU6, STM32WBA54CEU6TR, STM32WBA54CEU7, STM32WBA54CEU7TR, STM32WBA54CGU6, STM32WBA54CGU6TR, STM32WBA54CGU7, STM32WBA54CGU7TR, STM32WBA54KEU6, STM32WBA54KEU6TR, STM32WBA54KEU7, STM32WBA54KEU7TR, STM32WBA54KGU6, STM32WBA54KGU6TR, STM32WBA54KGU7, STM32WBA54KGU7TR, STM32WBA55CEU6, STM32WBA55CEU6TR, STM32WBA55CEU7, STM32WBA55CEU7TR, STM32WBA55CGU6, STM32WBA55CGU6TR, STM32WBA55CGU6U, STM32WBA55CGU7, STM32WBA55CGU7TR, STM32WBA55G-DK1, STM32WBA55HEF6, STM32WBA55HEF7, STM32WBA55HGF6, STM32WBA55HGF7, STM32WBA55UEI6, STM32WBA55UEI6TR, STM32WBA55UEI7, STM32WBA55UEI7TR, STM32WBA55UGI6, STM32WBA55UGI6TR, STM32WBA55UGI7, STM32WBA55UGI7TR, STM32WBA5MMGH6TR, STM32WBA62MGF6, STM32WBA62MIF6, STM32WBA65MGF7, STM32WBA65MIF6, STM32WBA65MIF7, STM32WL30K8V6, STM32WL30KBV6, STM32WL31C8V6, STM32WL31CBV6, STM32WL31K8V6, STM32WL31KBV6, STM32WL33C8V6, STM32WL33C8V6X, STM32WL33CBV6, STM32WL33CBV6X, STM32WL33CCV6, STM32WL33CCV6A, STM32WL33CCV6X, STM32WL33K8V7, STM32WL33K8V7X, STM32WL33KBV7 , STM32WL33KBV7X, STM32WL33KCV7, STM32WL33KCV7X, STM32WL5MOCH6, STM32WL5MOCH6TR]
2025-12-08 15:06:55,157 [INFO] DbMcus:218 - Found 4876 MCUs, 4876 are supported
2025-12-08 15:06:55,158 [INFO] ApiDb:423 - Load user favorites file C:\Users\niels/.stm32cubeide/favorites.mcus.txt: 0 item(s)
2025-12-08 15:06:55,158 [INFO] ApiDb:427 - User favorites MCUs=[]
2025-12-08 15:06:55,158 [INFO] DbMcus:224 - Set 0 / 0 favorites MCUs
2025-12-08 15:06:55,527 [INFO] ApiDb:668 - CubeFinder database Data Model version=2.1
2025-12-08 15:06:55,527 [INFO] ApiDb:669 - CubeFinder database Configuration version=3.0.39
2025-12-08 15:06:55,527 [INFO] ApiDb:670 - CubeFinder database generation date=2025-11-05 (1762334721)
2025-12-08 15:06:55,527 [INFO] ApiDb:671 - CubeFinder database FW Pack versions=[FP-ATR-ASTRA1_V2.0.0, FP-SNS-FLIGHT1_V5.1.0, FP-SNS-MOTENV1_V5.1.0, FP-SNS-MOTENVWB1_V1.4.0, FP-SNS-SMARTAG2_V1.2.0, FP-SNS-STBOX1_V2.1.0, STM32Cube_FW_C0_V1.4.0, STM32Cube_FW_F4_V1.28.3, STM32Cube_FW_F7_V1.17.4, STM32Cube_FW_G0_V1.6.2, STM32Cube_FW_G4_V1.6.1, STM32Cube_FW_H5_V1.5.1, STM32Cube_FW_H7RS_V1.3.0, STM32Cube_FW_H7_V1.12.1, STM32Cube_FW_L0_V1.12.2, STM32Cube_FW_L4_V1.18.1, STM32Cube_FW_L5_V1.6.0, STM32Cube_FW_N6_V1.3.0, STM32Cube_FW_U0_V1.3.0, STM32Cube_FW_U3_V1.2.1, STM32Cube_FW_U5_V1.8.0, STM32Cube_FW_WB0_V1.4.0, STM32Cube_FW_WBA_V1.8.0, STM32Cube_FW_WB_V1.24.0, STM32Cube_FW_WL3_V1.3.0, STM32Cube_FW_WL_V1.4.0, X-CUBE-ALGOBUILD_V1.4.0, X-CUBE-ALS_V1.0.2, X-CUBE-AZRTOS-F4_V1.1.0, X-CUBE-AZRTOS-F7_V1.1.0, X-CUBE-AZRTOS-G0_V1.1.0, X-CUBE-AZRTOS-G4_V2.0.0, X-CUBE-AZRTOS-H7RS_V1.1.0, X-CUBE-AZRTOS-H7_V3.4.0, X-CUBE-AZRTOS-L4_V2.0.0, X-CUBE-AZRTOS-L5_V2.0.0, X-CUBE-AZRTOS-WB_V2.0.0, X-CUBE-AZRTOS-WL_V2.0.0, X-CUBE-BLE1_V7.1.0, X-CUBE-BLE2_V3.3.0, X-CUBE-BLEMGR_V4.1.0, X-CUBE-EEPRMA1_V5.2.0, X-CUBE-FREERTOS_V1.3.1, X-CUBE-GNSS1_V6.0.0, X-CUBE-MEMS1_V11.3.0, X-CUBE-NFC4_V3.0.0, X-CUBE-NFC7_V2.0.0, X-CUBE-SFXS2LP1_V4.0.0, X-CUBE-ST67W61_V1.1.0, X-CUBE-SUBG2_V5.0.0, X-CUBE-TOF1_V3.4.3]
2025-12-08 15:06:55,571 [INFO] DbBoardsSqlite:226 - include board P-NUCLEO-WB55-NUCLEO as a kit item of type 'Nucleo-64'
2025-12-08 15:06:55,571 [INFO] DbBoardsSqlite:226 - include board P-NUCLEO-WB55-USBDONGLE as a kit item of type 'Nucleo USB Dongle'
2025-12-08 15:06:55,572 [INFO] DbBoardsSqlite:226 - include board STEVAL-IDP005V1 as a kit item of type 'Evaluation Board'
2025-12-08 15:06:55,572 [INFO] DbBoardsSqlite:226 - include board STEVAL-IDP005V2 as a kit item of type 'Evaluation Board'
2025-12-08 15:06:55,629 [INFO] ApiDb:240 - Found 880 in-development CPN: [B-G473E-ZEST1S, B-WB1M-WPAN1, B-WBA5M-WPAN, B-WL5M-SUBG1, NUCLEO-C031C6, NUCLEO-C051C8, NUCLEO-C071RB, NUCLEO-C092RC, NUCLEO-H503RB, NUCLEO-H533RE, NUCLEO-H563ZI, NUCLEO-H7S3L8, NUCLEO-N657X0-Q, NUCLEO-U031R8, NUCLEO-U083RC, NUCLEO-U385RG-Q, NUCLEO-U545RE-Q, NUCLEO-U5A5ZJ-Q, NUCLEO-WB05KZ, NUCLEO-WB07CC, NUCLEO-WB09KE, NUCLEO-WBA52CG, NUCLEO-WBA55CG, NUCLEO-WL33CC1, NUCLEO-WL33CC2, STEVAL-PROTEUS1, STEVAL-SMARTAG2, STEVAL-STWINBX1, STM320518-EVAL, STM32C0116-DK, STM32C011D6Y3TR, STM32C011D6Y6TR, STM32C011F4P3, STM32C011F4P6, STM32C011F4U3, STM32C011F4U6TR, STM32C011F6P3, STM32C011F6P6, STM32C011F6U3, STM32C011F6U6TR, STM32C011J4M3, STM32C011J4M6, STM32C011J6M3, STM32C011J6M6, STM32C0316-DK, STM32C031C4T3, STM32C031C4T6, STM32C031C4U3, STM32C031C4U6, STM32C031C6T3, STM32C031C6T6, STM32C031C6U3, STM32C031C6U6, STM32C031F4P3, STM32C031F4P6, STM32C031F6P3, STM32C031F6P6, STM32C031G4U3, STM32C031G4U6, STM32C031G6U3, STM32C031G6U6, STM32C031K4T3, STM32C031K4T6, STM32C031K4U3, STM32C031K4U6, STM32C031K6T3, STM32C031K6T6, STM32C031K6U3, STM32C031K6U6, STM32C051C6T6, STM32C051C6U6, STM32C051C8T6, STM32C051C8U6, STM32C051D8Y6TR, STM32C051F6P6, STM32C051F8P6, STM32C051G6U6, STM32C051G8U6, STM32C051K6T6, STM32C051K6U6, STM32C051K8T6, STM32C071C8T6, STM32C071C8T6N, STM32C071C8U6, STM32C071C8U6N, STM32C071CBT6, STM32C071CBT6N, STM32C071CBU6, STM32C071CBU6N, STM32C071F8P6, STM32C071F8P6N, STM32C071FBP6, STM32C071FBP6N, STM32C071FBY6TR, STM32C071G8U6, STM32C071G8U6N, STM32C071GBU6, STM32C071GBU6N, STM32C071K8T6, STM32C071K8T6N, STM32C071K8U6, STM32C071K8U6N, STM32C071KBT6, STM32C071KBT6N, STM32C071KBU6, STM32C071KBU6N, STM32C071R8T6, STM32C071R8T6N, STM32C071RBI6N, STM32C071RBT6, STM32C071RBT6N, STM32C091CBT6, STM32C091CBU6, STM32C091CCT6, STM32C091CCU6, STM32C091ECY6TR, STM32C091FBP6, STM32C091FCP6, STM32C091GBU6, STM32C091GCU6, STM32C091KBT6, STM32C091KBU6, STM32C091KCT6, STM32C091KCU6, STM32C091RBT6, STM32C091RCI6, STM32C091RCT6, STM32C092CBT6, STM32C092CBU6, STM32C092CCT6, STM32C092CCU6, STM32C092ECY6TR, STM32C092FBP6, STM32C092FCP6, STM32C092GBU6, STM32C092GCU6, STM32C092KBT6, STM32C092KBU6, STM32C092KCT6, STM32C092KCU6, STM32C092RBT6, STM32C092RCI6, STM32C092RCT6, STM32G071K8TXN, STM32G071K8UXN, STM32G081GBU6N, STM32G081KBT6N, STM32G081KBUXN, STM32G0B1CCT6N, STM32G0B1KCT6, STM32G0B1NEY6TR, STM32G0B1RCT6N, STM32G0C1CCT6, STM32G0C1CCT6N, STM32G0C1CCU6N, STM32G0C1CET6N, STM32G0C1CEU6N, STM32G0C1KCT6, STM32G0C1NEY6TR, STM32G0C1RCI6N, STM32G0C1RCT6N, STM32G0C1REI6N, STM32G0C1RET6N, STM32G0C1VCI6, STM32G0C1VEI6, STM32G411C6T3, STM32G411C6T6, STM32G411C6U3, STM32G411C6U6, STM32G411C8T3, STM32G411C8T6, STM32G411C8U3, STM32G411C8U6, STM32G411CBT3, STM32G411CBT6, STM32G411CBU3, STM32G411CBU6, STM32G411K6T3, STM32G411K6T6, STM32G411K6U3, STM32G411K6U6, STM32G411K8T3, STM32G411K8T6, STM32G411K8U3, STM32G411K8U6, STM32G411KBT3, STM32G411KBT6, STM32G411KBU3, STM32G411KBU6, STM32G411M6T3, STM32G411M6T6, STM32G411M8T3, STM32G411M8T6, STM32G411MBT3, STM32G411MBT6, STM32G411R6T3, STM32G411R6T6, STM32G411R8T3, STM32G411R8T6, STM32G411RBT3, STM32G411RBT6, STM32G414CBT3, STM32G414CBT6, STM32G414CBU3, STM32G414CBU6, STM32G414CCT3, STM32G414CCT6, STM32G414CCU3, STM32G414CCU6, STM32G414MBT3, STM32G414MBT6, STM32G414MCT3, STM32G414MCT6, STM32G414RBT3, STM32G414RBT6, STM32G414RCT3, STM32G414RCT6, STM32G414VBT3, STM32G414VBT6, STM32G414VCT3, STM32G414VCT6, STM32G431CBT3Z, STM32G431RBT3Z, STM32G471CCT6, STM32G471CCU6, STM32G471CET3, STM32G471CET6, STM32G471CEU3, STM32G471CEU6, STM32G471MCT6, STM32G471MET3, STM32G471MET6, STM32G471MEY6TR, STM32G471QCT6, STM32G471QET3, STM32G471RCT6, STM32G471RET3, STM32G471RET6, STM32G471VCH6, STM32G471VCI6, STM32G471VCT6, STM32G471VEH3, STM32G471VEH6, STM32G471VEI3, STM32G471VEI6, STM32G471VET3, STM32G471VET6, STM32G473QET3Z, STM32G473RET3Z, STM32G474CCT6, STM32G491RET3Z, STM32H503CBT6, STM32H503CBU6, STM32H503EBY6TR, STM32H503KBU6, STM32H503RBT6, STM32H523CCT6, STM32H523CCU6, STM32H523CET6, STM32H523CEU6, STM32H523HEY6TR, STM32H523RCT6, STM32H523RET6, STM32H523VCI6, STM32H523VCT6, STM32H523VEI6, STM32H523VET6, STM32H523ZCJ6, STM32H523ZCT6, STM32H523ZEJ6, STM32H523ZET6, STM32H533CET6, STM32H533CEU6, STM32H533HEY6TR, STM32H533RET6, STM32H533VEI6, STM32H533VET6, STM32H533ZEJ6, STM32H533ZET6, STM32H562AGI6, STM32H562AII6, STM32H562IGK6, STM32H562IGT6, STM32H562IIK6, STM32H562IIT6, STM32H562RGT6, STM32H562RGV6, STM32H562RIT6, STM32H562RIV6, STM32H562VGT6, STM32H562VIT6, STM32H562ZGT6, STM32H562ZIT6, STM32H563AGI6, STM32H563AII3Q, STM32H563AII6, STM32H563IGK6, STM32H563IGT6, STM32H563IIK3Q, STM32H563IIK6, STM32H563IIT3Q, STM32H563IIT6, STM32H563MIY3QTR, STM32H563RGT6, STM32H563RGV6, STM32H563RIT6, STM32H563RIV6, STM32H563VGT6, STM32H563VIT3Q, STM32H563VIT6, STM32H563ZGT6, STM32H563ZIT3Q, STM32H563ZIT6, STM32H573AII3Q, STM32H573AII6, STM32H573I-DK, STM32H573IIK3Q, STM32H573IIK6, STM32H573IIT3Q, STM32H573IIT6, STM32H573MIY3QTR, STM32H573RIT6, STM32H573RIV6, STM32H573VIT3Q, STM32H573VIT6, STM32H573ZIT3Q, STM32H573ZIT6, STM32H7R3A8I6, STM32H7R3I8K6, STM32H7R3I8T6, STM32H7R3L8H6, STM32H7R3L8H6H, STM32H7R3R8V6, STM32H7R3V8H6, STM32H7R3V8T6, STM32H7R3V8Y6TR, STM32H7R3Z8J6, STM32H7R3Z8T6, STM32H7R7A8I6, STM32H7R7I8K6, STM32H7R7I8T6, STM32H7R7L8H6, STM32H7R7L8H6H, STM32H7R7Z8J6, STM32H7S3A8I6, STM32H7S3I8K6, STM32H7S3I8T6, STM32H7S3L8H6, STM32H7S3L8H6H, STM32H7S3R8V6, STM32H7S3V8H6, STM32H7S3V8T6, STM32H7S3V8Y6TR, STM32H7S3Z8J6, STM32H7S3Z8T6, STM32H7S78-DK, STM32H7S7A8I6, STM32H7S7I8K6, STM32H7S7I8T6, STM32H7S7L8H6, STM32H7S7L8H6H, STM32H7S7Z8J6, STM32L4R5QGI6STR, STM32MP131AAE3, STM32MP131AAF3, STM32MP131AAG3, STM32MP131CAE3, STM32MP131CAF3, STM32MP131CAG3, STM32MP131DAE7, STM32MP131DAF7, STM32MP131DAG7, STM32MP131FAE7, STM32MP131FAF7, STM32MP131FAG7, STM32MP133AAE3, STM32MP133AAF3, STM32MP133AAG3, STM32MP133CAE3, STM32MP133CAF3, STM32MP133CAG3, STM32MP133DAE7, STM32MP133DAF7, STM32MP133DAG7, STM32MP133FAE7, STM32MP133FAF7, STM32MP133FAG7, STM32MP135AAE3, STM32MP135AAF3, STM32MP135AAG3, STM32MP135CAE3, STM32MP135CAF3, STM32MP135CAG3, STM32MP135DAE7, STM32MP135DAF7, STM32MP135DAG7, STM32MP135F-DK, STM32MP135FAE7, STM32MP135FAF7, STM32MP135FAF7T, STM32MP135FAF7U, STM32MP135FAG7, STM32MP211AAL3, STM32MP211AAM3, STM32MP211AAN3, STM32MP211AAO3, STM32MP211CAL3, STM32MP211CAM3, STM32MP211CAN3, STM32MP211CAO3, STM32MP211DAL3, STM32MP211DAM3, STM32MP211DAN3, STM32MP211DAO3, STM32MP211FAL3, STM32MP211FAM3, STM32MP211FAN3, STM32MP211FAO3, STM32MP213AAL3, STM32MP213AAM3, STM32MP213AAN3, STM32MP213AAO3, STM32MP213CAL3, STM32MP213CAM3, STM32MP213CAN3, STM32MP213CAO3, STM32MP213DAL3, STM32MP213DAM3, STM32MP213DAN3, STM32MP213DAO3, STM32MP213FAL3, STM32MP213FAM3, STM32MP213FAN3, STM32MP213FAO3, STM32MP215AAL3, STM32MP215AAM3, STM32MP215AAN3, STM32MP215AAO3, STM32MP215CAL3, STM32MP215CAM3, STM32MP215CAN3, STM32MP215CAO3, STM32MP215DAL3, STM32MP215DAM3, STM32MP215DAN3, STM32MP215DAO3, STM32MP215F-DK, STM32MP215FAL3, STM32MP215FAM3, STM32MP215FAN3, STM32MP215FAO3, STM32MP231AAJ3, STM32MP231AAK3, STM32MP231AAL3, STM32MP231CAJ3, STM32MP231CAK3, STM32MP231CAL3, STM32MP231DAJ3, STM32MP231DAK3, STM32MP231DAL3, STM32MP231FAJ3, STM32MP231FAK3, STM32MP231FAL3, STM32MP233AAJ3, STM32MP233AAK3, STM32MP233AAL3, STM32MP233CAJ3, STM32MP233CAK3, STM32MP233CAL3, STM32MP233DAJ3, STM32MP233DAK3, STM32MP233DAL3, STM32MP233FAJ3, STM32MP233FAK3, STM32MP233FAL3, STM32MP235AAJ3, STM32MP235AAK3, STM32MP235AAL3, STM32MP235CAJ3, STM32MP235CAK3, STM32MP235CAL3, STM32MP235DAJ3, STM32MP235DAK3, STM32MP235DAL3, STM32MP235FAJ3, STM32MP235FAK3, STM32MP235FAL3, STM32MP251AAI3, STM32MP251AAK3, STM32MP251AAL3, STM32MP251CAI3, STM32MP251CAK3, STM32MP251CAL3, STM32MP251DAI3, STM32MP251DAK3, STM32MP251DAL3, STM32MP251FAI3, STM32MP251FAK3, STM32MP251FAL3, STM32MP253AAI3, STM32MP253AAK3, STM32MP253AAL3, STM32MP253CAI3, STM32MP253CAK3, STM32MP253CAL3, STM32MP253DAI3, STM32MP253DAK3, STM32MP253DAL3, STM32MP253FAI3, STM32MP253FAK3, STM32MP253FAL3, STM32MP255AAI3, STM32MP255AAK3, STM32MP255AAL3, STM32MP255CAI3, STM32MP255CAK3, STM32MP255CAL3, STM32MP255DAI3, STM32MP255DAK3, STM32MP255DAL3, STM32MP255FAI3, STM32MP255FAK3, STM32MP255FAL3, STM32MP257AAI3, STM32MP257AAK3, STM32MP257AAL3, STM32MP257CAI3, STM32MP257CAK3, STM32MP257CAL3, STM32MP257DAI3, STM32MP257DAK3, STM32MP257DAL3, STM32MP257F-DK, STM32MP257F-EV1, STM32MP257FAI3, STM32MP257FAK3, STM32MP257FAL3, STM32N645A0H3Q, STM32N645B0H3Q, STM32N645I0H3Q, STM32N645L0H3Q, STM32N645X0H3Q, STM32N645Z0H3Q, STM32N647A0H3Q, STM32N647B0H3Q, STM32N647I0H3Q, STM32N647L0H3Q, STM32N647X0H3Q, STM32N647Z0H3Q, STM32N655A0H3Q, STM32N655B0H3Q, STM32N655I0H3Q, STM32N655L0H3Q, STM32N655X0H3Q, STM32N655Z0H3Q, STM32N6570-DK, STM32N657A0H3Q, STM32N657B0H3Q, STM32N657I0H3Q, STM32N657L0H3Q, STM32N657X0H3Q, STM32N657Z0H3Q, STM32U031C6T6, STM32U031C6U6, STM32U031C8T6, STM32U031C8U6, STM32U031F4P6, STM32U031F6P6, STM32U031F8P6, STM32U031G6Y6TR, STM32U031G8Y6TR, STM32U031K4U6, STM32U031K6U6, STM32U031K8U6, STM32U031R6I6, STM32U031R6T6, STM32U031R8I6, STM32U031R8T6, STM32U073C8T6, STM32U073C8U6, STM32U073CBT6, STM32U073CBU6, STM32U073CCT6, STM32U073CCU6, STM32U073H8Y6TR, STM32U073HBY6TR, STM32U073HCY6TR, STM32U073K8U6, STM32U073KBU6, STM32U073KCU6, STM32U073M8I6, STM32U073M8T6, STM32U073MBI6, STM32U073MBT6, STM32U073MCI6, STM32U073MCT6, STM32U073R8I6, STM32U073R8T6, STM32U073RBI6, STM32U073RBT6, STM32U073RCI6, STM32U073RCT6, STM32U083C-DK, STM32U083CCT6, STM32U083CCU6, STM32U083HCY6TR, STM32U083KCU6, STM32U083MCI6, STM32U083MCT6, STM32U083RCI6, STM32U083RCT6, STM32U375CET6, STM32U375CET6Q, STM32U375CEU6, STM32U375CEU6Q, STM32U375CEY6QTR, STM32U375CGT6, STM32U375CGT6Q, STM32U375CGU6, STM32U375CGU6Q, STM32U375CGY6QTR, STM32U375KEU6, STM32U375KGU6, STM32U375REI6, STM32U375REI6Q, STM32U375RET6, STM32U375RET6Q, STM32U375REY6GTR, STM32U375REY6QTR, STM32U375RGI6, STM32U375RGI6Q, STM32U375RGT6, STM32U375RGT6Q, STM32U375RGY6GTR, STM32U375RGY6QTR, STM32U375VEI6, STM32U375VEI6Q, STM32U375VET6, STM32U375VET6Q, STM32U375VGI6, STM32U375VGI6Q, STM32U375VGT6, STM32U375VGT6Q, STM32U385CGT6, STM32U385CGT6Q, STM32U385CGU6, STM32U385CGU6Q, STM32U385CGY6QTR, STM32U385KGU6, STM32U385RGI6, STM32U385RGI6Q, STM32U385RGT6, STM32U385RGT6Q, STM32U385RGY6GTR, STM32U385RGY6QTR, STM32U385VGI6, STM32U385VGI6Q, STM32U385VGT6, STM32U385VGT6Q, STM32U535CBT6, STM32U535CBT6Q, STM32U535CBU6, STM32U535CBU6Q, STM32U535CCT6, STM32U535CCT6Q, STM32U535CCU6, STM32U535CCU6Q, STM32U535CET6, STM32U535CET6Q, STM32U535CEU6, STM32U535CEU6Q, STM32U535JEY6QTR, STM32U535NCY6QTR, STM32U535NEY6QTR, STM32U535RBI6, STM32U535RBI6Q, STM32U535RBT6, STM32U535RBT6Q, STM32U535RCI6, STM32U535RCI6Q, STM32U535RCT6, STM32U535RCT6Q, STM32U535REI6, STM32U535REI6Q, STM32U535RET6, STM32U535RET6Q, STM32U535VCI6, STM32U535VCI6Q, STM32U535VCT6, STM32U535VCT6Q, STM32U535VEI6, STM32U535VEI6Q, STM32U535VET6, STM32U535VET6Q, STM32U545CET6, STM32U545CET6Q, STM32U545CEU6, STM32U545CEU6Q, STM32U545JEY6QTR, STM32U545NEY6QTR, STM32U545REI6, STM32U545REI6Q, STM32U545RET6, STM32U545RET6Q, STM32U545VEI6, STM32U545VEI6Q, STM32U545VET6, STM32U545VET6Q, STM32U595AIH6, STM32U595AIH6Q, STM32U595AJH6, STM32U595AJH6Q, STM32U595QII6, STM32U595QII6Q, STM32U595QJI6, STM32U595QJI6Q, STM32U595RIT6, STM32U595RIT6Q, STM32U595RJT6, STM32U595RJT6Q, STM32U595VIT6, STM32U595VIT6Q, STM32U595VJT6, STM32U595VJT6Q, STM32U595ZIT6, STM32U595ZIT6Q, STM32U595ZIY6QTR, STM32U595ZJT6, STM32U595ZJT6Q, STM32U595ZJY6QTR, STM32U599BJY6QTR, STM32U599NIH6Q, STM32U599NJH6Q, STM32U599VIT6Q, STM32U599VJT6, STM32U599VJT6Q, STM32U599ZIT6Q, STM32U599ZIY6QTR, STM32U599ZJT6Q, STM32U599ZJY6QTR, STM32U5A5AJH6, STM32U5A5AJH6Q, STM32U5A5QII3Q , STM32U5A5QJI6, STM32U5A5QJI6Q, STM32U5A5RJT6, STM32U5A5RJT6Q, STM32U5A5VJT6, STM32U5A5VJT6Q, STM32U5A5ZJT6, STM32U5A5ZJT6Q, STM32U5A5ZJY6QTR, STM32U5A9BJY6QTR, STM32U5A9J-DK, STM32U5A9NJH6Q, STM32U5A9VJT6Q, STM32U5A9ZJT6Q, STM32U5A9ZJY6QTR, STM32U5F7VIT6, STM32U5F7VIT6Q, STM32U5F7VJT6, STM32U5F7VJT6Q, STM32U5F9BJY6QTR, STM32U5F9NJH6Q, STM32U5F9VIT6Q, STM32U5F9VJT6Q, STM32U5F9ZIJ6QTR, STM32U5F9ZIT6Q, STM32U5F9ZJJ6QTR, STM32U5F9ZJT6Q, STM32U5G7VJT6, STM32U5G7VJT6Q, STM32U5G9BJY6QTR, STM32U5G9J-DK1, STM32U5G9J-DK2, STM32U5G9NJH6Q, STM32U5G9VJT6Q, STM32U5G9ZJJ6QTR, STM32U5G9ZJT6Q, STM32WB05KZV6TR, STM32WB05KZV7TR, STM32WB05TZF6TR, STM32WB05TZF7TR, STM32WB06CCF6TR, STM32WB06CCF7TR, STM32WB06CCV6TR, STM32WB06CCV7TR, STM32WB06KCV6TR, STM32WB06KCV7TR, STM32WB07CCF6TR, STM32WB07CCF7TR, STM32WB07CCV6TR, STM32WB07CCV7TR, STM32WB07KCV6TR, STM32WB07KCV7TR, STM32WB09KEV6TR, STM32WB09KEV7TR, STM32WB09TEF6TR, STM32WB09TEF7TR, STM32WB1MMCH6, STM32WBA50KGU6, STM32WBA50KGU6TR, STM32WBA52CEU6, STM32WBA52CEU6TR, STM32WBA52CEU7, STM32WBA52CEU7TR, STM32WBA52CGU6, STM32WBA52CGU6TR, STM32WBA52CGU6U, STM32WBA52CGU7, STM32WBA52CGU7TR, STM32WBA52KEU6, STM32WBA52KEU6TR, STM32WBA52KGU6, STM32WBA52KGU6TR, STM32WBA54CEU6, STM32WBA54CEU6TR, STM32WBA54CEU7, STM32WBA54CEU7TR, STM32WBA54CGU6, STM32WBA54CGU6TR, STM32WBA54CGU7, STM32WBA54CGU7TR, STM32WBA54KEU6, STM32WBA54KEU6TR, STM32WBA54KEU7, STM32WBA54KEU7TR, STM32WBA54KGU6, STM32WBA54KGU6TR, STM32WBA54KGU7, STM32WBA54KGU7TR, STM32WBA55CEU6, STM32WBA55CEU6TR, STM32WBA55CEU7, STM32WBA55CEU7TR, STM32WBA55CGU6, STM32WBA55CGU6TR, STM32WBA55CGU6U, STM32WBA55CGU7, STM32WBA55CGU7TR, STM32WBA55G-DK1, STM32WBA55HEF6, STM32WBA55HEF7, STM32WBA55HGF6, STM32WBA55HGF7, STM32WBA55UEI6, STM32WBA55UEI6TR, STM32WBA55UEI7, STM32WBA55UEI7TR, STM32WBA55UGI6, STM32WBA55UGI6TR, STM32WBA55UGI7, STM32WBA55UGI7TR, STM32WBA5MMGH6TR, STM32WBA62MGF6, STM32WBA62MIF6, STM32WBA65MGF7, STM32WBA65MIF6, STM32WBA65MIF7, STM32WL30K8V6, STM32WL30KBV6, STM32WL31C8V6, STM32WL31CBV6, STM32WL31K8V6, STM32WL31KBV6, STM32WL33C8V6, STM32WL33C8V6X, STM32WL33CBV6, STM32WL33CBV6X, STM32WL33CCV6, STM32WL33CCV6A, STM32WL33CCV6X, STM32WL33K8V7, STM32WL33K8V7X, STM32WL33KBV7 , STM32WL33KBV7X, STM32WL33KCV7, STM32WL33KCV7X, STM32WL5MOCH6, STM32WL5MOCH6TR]
2025-12-08 15:06:55,836 [INFO] BoardInfo:889 - No configuration file found for board P-NUCLEO-WB55
2025-12-08 15:06:55,837 [INFO] DbBoards:161 - Kit is not supported: P-NUCLEO-WB55
2025-12-08 15:06:55,844 [INFO] BoardInfo:889 - No configuration file found for board STEVAL-BFA001V1B
2025-12-08 15:06:55,845 [INFO] DbBoards:161 - Kit is not supported: STEVAL-BFA001V1B
2025-12-08 15:06:55,846 [INFO] BoardInfo:889 - No configuration file found for board STEVAL-BFA001V2B
2025-12-08 15:06:55,847 [INFO] DbBoards:161 - Kit is not supported: STEVAL-BFA001V2B
2025-12-08 15:06:56,051 [INFO] DbBoards:168 - Found 212 boards, 209 are supported
2025-12-08 15:06:56,052 [INFO] DbBoards:169 - Found 212 boards, 43 of them is supported for  Bsp
2025-12-08 15:06:56,054 [INFO] ApiDb:423 - Load user favorites file C:\Users\niels/.stm32cubeide/favorites.boards.txt: 1 item(s)
2025-12-08 15:06:56,054 [INFO] ApiDb:427 - User favorites Boards=[NUCLEO-G474RE]
2025-12-08 15:06:56,054 [INFO] DbBoards:198 - Set 1 / 1 favorites Boards
2025-12-08 15:06:56,055 [INFO] McuFinderGlobals:76 - Set McuFinderConnectedMode to true
2025-12-08 15:06:56,063 [INFO] MultiScanPanel:200 - Auto-refresh data requested => check proxy status ongoing
2025-12-08 15:06:56,065 [INFO] FinderPluginLoader:96 - Searching for filters in installed packs
2025-12-08 15:06:57,117 [INFO] LoadUrlFilesThread:185 - End of LoadServerUrlFiles without Thread
2025-12-08 15:06:57,130 [INFO] DetailPanel:341 - Set advertising image to C:/Users/niels/STM32Cube/Repository/\en.mcu-finder-preevent.jpg
2025-12-08 15:07:01,398 [INFO] MultiScanPanel:200 - Auto-refresh data requested => check proxy status ongoing
2025-12-08 15:07:01,551 [INFO] LoadUrlFilesThread:185 - End of LoadServerUrlFiles without Thread
2025-12-08 15:07:01,551 [INFO] DetailPanel:341 - Set advertising image to C:/Users/niels/STM32Cube/Repository/\en.mcu-finder-preevent.jpg
2025-12-08 15:07:01,567 [INFO] DbBoards:642 - Loading board mini-images...
2025-12-08 15:07:03,248 [ERROR] DbBoards:659 - Image file not found for board STM32MP215F-DK: C:\Users\niels\.stmcufinder\plugins\mcufinder//mcu//boards_images/STM32MP215F-DK.jpg
2025-12-08 15:07:03,356 [INFO] DbBoards:665 - Loaded 211 board mini-images
2025-12-08 15:07:56,946 [INFO] McuFinderGlobals:76 - Set McuFinderConnectedMode to true
2025-12-08 15:07:57,195 [INFO] ApiDb:448 - Save user favorites file C:\Users\niels/.stm32cubeide/favorites.mcus.txt: 0 item(s)
2025-12-08 15:07:57,196 [INFO] ApiDb:452 - User favorites MCUs=[]
2025-12-08 15:07:57,198 [INFO] ApiDb:448 - Save user favorites file C:\Users\niels/.stm32cubeide/favorites.boards.txt: 1 item(s)
2025-12-08 15:07:57,198 [INFO] ApiDb:452 - User favorites Boards=[NUCLEO-G474RE]
2025-12-08 15:08:11,564 [INFO] MainUpdater:2872 - connection check result : 10
2025-12-08 15:08:11,885 [INFO] McuFinderGlobals:76 - Set McuFinderConnectedMode to true
2025-12-08 15:08:11,887 [INFO] MultiScanPanel:200 - Auto-refresh data requested => check proxy status ongoing
2025-12-08 15:08:11,887 [INFO] FinderPluginLoader:96 - Searching for filters in installed packs
2025-12-08 15:08:13,470 [INFO] LoadUrlFilesThread:185 - End of LoadServerUrlFiles without Thread
2025-12-08 15:08:13,470 [INFO] DetailPanel:341 - Set advertising image to C:/Users/niels/STM32Cube/Repository/\en.mcu-finder-preevent.jpg
2025-12-08 15:08:17,437 [INFO] MultiScanPanel:200 - Auto-refresh data requested => check proxy status ongoing
2025-12-08 15:08:17,537 [INFO] LoadUrlFilesThread:185 - End of LoadServerUrlFiles without Thread
2025-12-08 15:08:17,537 [INFO] DetailPanel:341 - Set advertising image to C:/Users/niels/STM32Cube/Repository/\en.mcu-finder-preevent.jpg
2025-12-08 15:08:37,173 [INFO] MainUpdater:2872 - connection check result : 10
2025-12-08 15:08:37,173 [INFO] MainUpdater:2872 - connection check result : 10
2025-12-08 15:08:37,191 [INFO] MicroXplorer:468 - Change Database Path : 
2025-12-08 15:08:37,191 [INFO] MicroXplorer:498 - Change Database Version : DB.6.0.150
2025-12-08 15:08:37,196 [WARN] ThirdParty:871 - waiting for thirdparty lock release [close project]
2025-12-08 15:08:37,196 [INFO] ThirdParty:873 - entering critical section [close project]
2025-12-08 15:08:37,197 [INFO] ThirdParty:883 - exiting critical section [close project]
2025-12-08 15:08:37,199 [INFO] PinOutPanel:1589 - setPackage(No Configuration,No Configuration)
2025-12-08 15:08:37,200 [INFO] UtilMem:75 - Begin LoadConfig() Used Memory: 754904792 Bytes (1073741824)
2025-12-08 15:08:37,209 [INFO] MicroXplorer:468 - Change Database Path : 
2025-12-08 15:08:37,209 [INFO] MicroXplorer:498 - Change Database Version : DB.6.0.150
2025-12-08 15:08:37,209 [INFO] OpenFileManager:355 - Change cursor
2025-12-08 15:08:37,291 [INFO] Mcu:2029 - Initializing MCU STM32G474R(B-C-E)Tx STM32G474RETx STM32G474RET6
2025-12-08 15:08:41,706 [INFO] Context:786 - Trying to add GPIOservice into a context  which must be forbidden
2025-12-08 15:08:42,868 [INFO] Rule:233 - rule Adapt Old IOC before rework replace old CORTEX_M33/CORTEX_M55 attributes by the new one. is applicable
2025-12-08 15:08:42,869 [INFO] Rule:233 - rule Rename parametre of RCC RCC_APBDBG_DIV2 to RCC_TIMPRES_DIV2 is applicable
2025-12-08 15:08:42,869 [INFO] Rule:233 - rule Rename DIE493 pin PA10 [PA12] -> PA10 is applicable
2025-12-08 15:08:42,869 [INFO] Rule:233 - rule Rename DIE493 pin PA9 [PA11] -> PA9 is applicable
2025-12-08 15:08:42,869 [INFO] Rule:233 - rule Rename DIE492 PartNumber CPN STM32WBA5MJGHx -> STM32WBA5MMGHx is applicable
2025-12-08 15:08:42,869 [INFO] Rule:233 - rule Rename DIE492 PartNumber  Name STM32WBA5MJGHx -> STM32WBA5MMGHx is applicable
2025-12-08 15:08:42,869 [INFO] Rule:233 - rule Rename DIE492 PartNumber UserName STM32WBA5MJGHx -> STM32WBA5MMGHx is applicable
2025-12-08 15:08:42,869 [INFO] Rule:233 - rule Rename DIE492 PartNumber DeviceId STM32WBA5MJGHx -> STM32WBA5MMGHx is applicable
2025-12-08 15:08:42,869 [INFO] Rule:233 - rule Adapt Old IOC CSI. is applicable
2025-12-08 15:08:42,869 [INFO] Rule:233 - rule Adapt Old IOC DCMIPP. is applicable
2025-12-08 15:08:42,870 [INFO] Rule:233 - rule Adapt Old IOC DCMIPP Mode Parallel. is applicable
2025-12-08 15:08:42,870 [INFO] Rule:233 - rule Adapt Old IOC LTDC. is applicable
2025-12-08 15:08:42,870 [INFO] Rule:233 - rule Rename STM32MP2 RIF Peripheral LTDC RIF.RISUP.LTDC_L0L1.Privilege -> RIF.RISUP.LTDC_L1L2.Privilege is applicable
2025-12-08 15:08:42,870 [INFO] Rule:233 - rule Rename STM32MP2 RIF Peripheral LTDC RIF.RISUP.LTDC_L0L1.Privilege -> RIF.RISUP.LTDC_L1L2.Privilege is applicable
2025-12-08 15:08:42,870 [INFO] Rule:233 - rule Rename STM32MP2 RIF Peripheral LTDC RIF.RISUP.LTDC_L0L1.Lock -> RIF.RISUP.LTDC_L1L2.Lock is applicable
2025-12-08 15:08:42,870 [INFO] Rule:233 - rule Rename STM32MP2 RIF Peripheral LTDC RIF.RISUP.LTDC_L2.Lock -> RIF.RISUP.LTDC_L3.Lock is applicable
2025-12-08 15:08:42,870 [INFO] Rule:233 - rule Adapt the old IOC example for updating the SYS when it is misconfigured. is applicable
2025-12-08 15:08:42,870 [INFO] Rule:233 - rule Rename STM32C09 Mcu.Package LQFP64 -> LQFP48 is applicable
2025-12-08 15:08:42,870 [INFO] Rule:233 - rule Adapt the old IOC example for updating the SYS when it is misconfigured. is applicable
2025-12-08 15:08:42,870 [INFO] Rule:233 - rule Adapt the old IOC example for updating the SYS when it is misconfigured. is applicable
2025-12-08 15:08:42,874 [INFO] DbConfProperties:307 - Apply Compatibility (4/20 Rules)
2025-12-08 15:08:42,945 [INFO] ApiDbMcu:532 - Load IP Config File for NUCLEO-G474RE
2025-12-08 15:08:43,066 [INFO] ImportTextPane:234 - (OptionalMessage_ERROR) Pin13 (VP_RIF_VS_RIF1) cannot be retrieved for this MCU
2025-12-08 15:08:43,067 [INFO] ImportTextPane:234 - (OptionalMessage_ERROR) Unknown IP (CORTEX_M4)
2025-12-08 15:08:43,267 [INFO] RtosManager:558 - Registered RTOS mode: class=CMSIS, group=RTOS, mode=CMSIS_V1, owner=FREERTOS
2025-12-08 15:08:43,267 [INFO] RtosManager:558 - Registered RTOS mode: class=CMSIS, group=RTOS2, mode=CMSIS_V2, owner=FREERTOS
2025-12-08 15:08:43,267 [INFO] RtosManager:558 - Registered RTOS mode: class=RTOS, group=Core, mode=CMSIS_V1, owner=FREERTOS
2025-12-08 15:08:43,267 [INFO] RtosManager:558 - Registered RTOS mode: class=RTOS, group=Core, mode=CMSIS_V2, owner=FREERTOS
2025-12-08 15:08:43,267 [WARN] ModelIntegratedComponent:184 - Missing modes for component STMicroelectronics:FreeRTOS:0.0.1:STMicroelectronics:RTOS:FreeRTOS:Core:::10.2.0:
2025-12-08 15:08:43,285 [WARN] ModelIntegratedComponent:63 - No mode defined for component null
2025-12-08 15:08:43,286 [WARN] ModelIntegratedComponent:63 - No mode defined for component null
2025-12-08 15:08:43,286 [WARN] ModelIntegratedComponent:63 - No mode defined for component null
2025-12-08 15:08:43,286 [WARN] ModelIntegratedComponent:63 - No mode defined for component null
2025-12-08 15:08:43,286 [WARN] ModelIntegratedComponent:63 - No mode defined for component null
2025-12-08 15:08:43,286 [WARN] ModelIntegratedComponent:63 - No mode defined for component null
2025-12-08 15:08:43,286 [WARN] ModelIntegratedComponent:63 - No mode defined for component null
2025-12-08 15:08:43,286 [WARN] ModelIntegratedComponent:63 - No mode defined for component null
2025-12-08 15:08:43,286 [WARN] ModelIntegratedComponent:63 - No mode defined for component null
2025-12-08 15:08:43,286 [WARN] ModelIntegratedComponent:63 - No mode defined for component null
2025-12-08 15:08:43,286 [WARN] ModelIntegratedComponent:63 - No mode defined for component null
2025-12-08 15:08:43,286 [WARN] ModelIntegratedComponent:63 - No mode defined for component null
2025-12-08 15:08:43,286 [WARN] ModelIntegratedComponent:63 - No mode defined for component null
2025-12-08 15:08:43,286 [WARN] ModelIntegratedComponent:63 - No mode defined for component null
2025-12-08 15:08:43,286 [WARN] ModelIntegratedComponent:63 - No mode defined for component null
2025-12-08 15:08:43,286 [WARN] ModelIntegratedComponent:63 - No mode defined for component null
2025-12-08 15:08:43,286 [WARN] ModelIntegratedComponent:63 - No mode defined for component null
2025-12-08 15:08:43,286 [WARN] ModelIntegratedComponent:63 - No mode defined for component null
2025-12-08 15:08:43,286 [WARN] ModelIntegratedComponent:63 - No mode defined for component null
2025-12-08 15:08:43,286 [WARN] ModelIntegratedComponent:63 - No mode defined for component null
2025-12-08 15:08:43,286 [WARN] ModelIntegratedComponent:63 - No mode defined for component null
2025-12-08 15:08:43,286 [WARN] ModelIntegratedComponent:63 - No mode defined for component null
2025-12-08 15:08:43,286 [WARN] ModelIntegratedComponent:63 - No mode defined for component null
2025-12-08 15:08:43,286 [WARN] ModelIntegratedComponent:63 - No mode defined for component null
2025-12-08 15:08:43,286 [WARN] ModelIntegratedComponent:63 - No mode defined for component null
2025-12-08 15:08:43,286 [WARN] ModelIntegratedComponent:63 - No mode defined for component null
2025-12-08 15:08:43,286 [WARN] ModelIntegratedComponent:63 - No mode defined for component null
2025-12-08 15:08:43,286 [WARN] ModelIntegratedComponent:63 - No mode defined for component null
2025-12-08 15:08:43,286 [WARN] ModelIntegratedComponent:63 - No mode defined for component null
2025-12-08 15:08:43,286 [WARN] ModelIntegratedComponent:63 - No mode defined for component null
2025-12-08 15:08:43,286 [WARN] ModelIntegratedComponent:63 - No mode defined for component null
2025-12-08 15:08:43,286 [WARN] ModelIntegratedComponent:63 - No mode defined for component null
2025-12-08 15:08:43,286 [WARN] ModelIntegratedComponent:63 - No mode defined for component null
2025-12-08 15:08:43,286 [WARN] ModelIntegratedComponent:63 - No mode defined for component null
2025-12-08 15:08:43,286 [WARN] ModelIntegratedComponent:63 - No mode defined for component null
2025-12-08 15:08:43,286 [WARN] ModelPack:524 - Component already loaded: STMicroelectronics:HAL Drivers:0.0.0:STMicroelectronics:Device:STMicro_Driver:XSPI:HAL::0.0.1:HAL_XSPI
2025-12-08 15:08:43,386 [INFO] ThirdPartyModel:298 - Start build external matchings
2025-12-08 15:08:44,043 [INFO] ThirdPartyModel:316 - End build external matchings
2025-12-08 15:08:44,503 [INFO] UtilMem:75 - End LoadConfig() Used Memory: 939667680 Bytes (1073741824)
2025-12-08 15:09:31,768 [INFO] BspBoardWizard:580 - Analytics plugin initialized with success
2025-12-08 15:09:31,970 [INFO] BspBoardWizard:580 - Analytics plugin initialized with success
2025-12-08 15:09:32,046 [INFO] BspBoardWizard:580 - Analytics plugin initialized with success
2025-12-08 15:09:32,230 [WARN] ThirdParty:833 - waiting for thirdparty lock release [change project]
2025-12-08 15:09:32,230 [INFO] ThirdParty:835 - entering critical section [change project]
2025-12-08 15:09:32,230 [INFO] ThirdParty:1030 - CMSIS Pack Vendor :STMicroelectronics X-CUBE-PM33A1 1.0.0
2025-12-08 15:09:32,231 [INFO] ThirdParty:1030 - CMSIS Pack Vendor :STMicroelectronics USBPD 4.1
2025-12-08 15:09:32,231 [INFO] ThirdParty:1030 - CMSIS Pack Vendor :STMicroelectronics X-CUBE-NFC9 1.0.0
2025-12-08 15:09:32,231 [INFO] ThirdParty:1030 - CMSIS Pack Vendor :STMicroelectronics USB_HOST 2.0.0
2025-12-08 15:09:32,231 [INFO] ThirdParty:1030 - CMSIS Pack Vendor :STMicroelectronics FP-SNS-MOTENVWB1 1.4.0
2025-12-08 15:09:32,231 [INFO] ThirdParty:1030 - CMSIS Pack Vendor :STMicroelectronics X-CUBE-AZRTOS-F4 1.1.0
2025-12-08 15:09:32,231 [INFO] ThirdParty:1030 - CMSIS Pack Vendor :STMicroelectronics LIBJPEG 8.0.0
2025-12-08 15:09:32,231 [INFO] ThirdParty:1030 - CMSIS Pack Vendor :STMicroelectronics FP-ATR-ASTRA1 2.0.2
2025-12-08 15:09:32,231 [INFO] ThirdParty:1030 - CMSIS Pack Vendor :wolfSSL I-CUBE-wolfSSL 5.8.2
2025-12-08 15:09:32,231 [INFO] ThirdParty:1030 - CMSIS Pack Vendor :STMicroelectronics X-CUBE-BLE1 7.1.0
2025-12-08 15:09:32,231 [INFO] ThirdParty:1030 - CMSIS Pack Vendor :STMicroelectronics X-CUBE-SMBUS 2.1.0
2025-12-08 15:09:32,231 [INFO] ThirdParty:1030 - CMSIS Pack Vendor :wolfSSL I-CUBE-wolfMQTT 1.19.2
2025-12-08 15:09:32,231 [INFO] ThirdParty:1030 - CMSIS Pack Vendor :STMicroelectronics USB_DEVICE 3.0.0
2025-12-08 15:09:32,231 [INFO] ThirdParty:1030 - CMSIS Pack Vendor :STMicroelectronics X-CUBE-ISPU 2.1.0
2025-12-08 15:09:32,231 [INFO] ThirdParty:1030 - CMSIS Pack Vendor :STMicroelectronics X-CUBE-FREERTOS 1.4.0
2025-12-08 15:09:32,231 [INFO] ThirdParty:1030 - CMSIS Pack Vendor :STMicroelectronics X-CUBE-EEPRMA1 5.2.0
2025-12-08 15:09:32,231 [INFO] ThirdParty:1030 - CMSIS Pack Vendor :STMicroelectronics X-CUBE-IPS 3.2.0
2025-12-08 15:09:32,231 [INFO] ThirdParty:1030 - CMSIS Pack Vendor :STMicroelectronics X-CUBE-BLEMGR 4.1.0
2025-12-08 15:09:32,231 [INFO] ThirdParty:1030 - CMSIS Pack Vendor :STMicroelectronics X-CUBE-AZRTOS-WB 2.0.0
2025-12-08 15:09:32,231 [INFO] ThirdParty:1030 - CMSIS Pack Vendor :STMicroelectronics X-CUBE-ST60 1.0.0
2025-12-08 15:09:32,231 [INFO] ThirdParty:1030 - CMSIS Pack Vendor :STMicroelectronics X-CUBE-GNSS1 7.0.1
2025-12-08 15:09:32,231 [INFO] ThirdParty:1030 - CMSIS Pack Vendor :STMicroelectronics X-CUBE-NFC12 1.0.0
2025-12-08 15:09:32,231 [INFO] ThirdParty:1030 - CMSIS Pack Vendor :STMicroelectronics X-CUBE-AZRTOS-F7 1.1.0
2025-12-08 15:09:32,231 [INFO] ThirdParty:1030 - CMSIS Pack Vendor :STMicroelectronics X-CUBE-AZRTOS-L5 2.0.0
2025-12-08 15:09:32,231 [INFO] ThirdParty:1030 - CMSIS Pack Vendor :STMicroelectronics X-CUBE-TOUCHGFX 4.25.0
2025-12-08 15:09:32,231 [INFO] ThirdParty:1030 - CMSIS Pack Vendor :STMicroelectronics USB_DEVICE 2.0.0
2025-12-08 15:09:32,231 [INFO] ThirdParty:1030 - CMSIS Pack Vendor :STMicroelectronics X-CUBE-NFC6 3.1.0
2025-12-08 15:09:32,231 [INFO] ThirdParty:1030 - CMSIS Pack Vendor :STMicroelectronics X-CUBE-ST67W61 1.1.0
2025-12-08 15:09:32,231 [INFO] ThirdParty:1030 - CMSIS Pack Vendor :Cesanta I-CUBE-Mongoose 7.19.0
2025-12-08 15:09:32,231 [INFO] ThirdParty:1030 - CMSIS Pack Vendor :quantropi X-CUBE-qispace-sdk-base 2.1.0
2025-12-08 15:09:32,231 [INFO] ThirdParty:1030 - CMSIS Pack Vendor :STMicroelectronics X-CUBE-MEMS1 12.0.0
2025-12-08 15:09:32,231 [INFO] ThirdParty:1030 - CMSIS Pack Vendor :STMicroelectronics FP-SNS-MOTENV1 5.1.0
2025-12-08 15:09:32,231 [INFO] ThirdParty:1030 - CMSIS Pack Vendor :STMicroelectronics FreeRTOS 0.0.1
2025-12-08 15:09:32,231 [INFO] ThirdParty:1030 - CMSIS Pack Vendor :STMicroelectronics X-CUBE-AZRTOS-G0 1.1.0
2025-12-08 15:09:32,231 [INFO] ThirdParty:1030 - CMSIS Pack Vendor :STMicroelectronics X-CUBE-SAFEA1 1.2.2
2025-12-08 15:09:32,231 [INFO] ThirdParty:1030 - CMSIS Pack Vendor :STMicroelectronics X-CUBE-NFC4 3.0.0
2025-12-08 15:09:32,231 [INFO] ThirdParty:1030 - CMSIS Pack Vendor :STMicroelectronics X-CUBE-SUBG2 5.0.0
2025-12-08 15:09:32,231 [INFO] ThirdParty:1030 - CMSIS Pack Vendor :STMicroelectronics X-CUBE-AZRTOS-H7RS 1.1.0
2025-12-08 15:09:32,231 [INFO] ThirdParty:1030 - CMSIS Pack Vendor :STMicroelectronics STM32_WPAN 1.0.0
2025-12-08 15:09:32,231 [INFO] ThirdParty:1030 - CMSIS Pack Vendor :EmbeddedOffice I-CUBE-FS-RTOS 1.0.1
2025-12-08 15:09:32,231 [INFO] ThirdParty:1030 - CMSIS Pack Vendor :STMicroelectronics lwIP 2.0.3
2025-12-08 15:09:32,231 [INFO] ThirdParty:1030 - CMSIS Pack Vendor :WES I-CUBE-Cesium 1.4.0
2025-12-08 15:09:32,231 [INFO] ThirdParty:1030 - CMSIS Pack Vendor :STMicroelectronics USB_HOST 1.0.0
2025-12-08 15:09:32,232 [INFO] ThirdParty:1030 - CMSIS Pack Vendor :Infineon AIROC-Wi-Fi-Bluetooth-STM32 1.7.1
2025-12-08 15:09:32,232 [INFO] ThirdParty:1030 - CMSIS Pack Vendor :STMicroelectronics X-CUBE-AZRTOS-G4 2.0.0
2025-12-08 15:09:32,232 [INFO] ThirdParty:1030 - CMSIS Pack Vendor :STMicroelectronics X-CUBE-WB05N 2.0.0
2025-12-08 15:09:32,232 [INFO] ThirdParty:1030 - CMSIS Pack Vendor :STMicroelectronics PDM2PCM 3.1.0
2025-12-08 15:09:32,232 [INFO] ThirdParty:1030 - CMSIS Pack Vendor :STMicroelectronics PDM2PCM 3.3.0
2025-12-08 15:09:32,232 [INFO] ThirdParty:1030 - CMSIS Pack Vendor :wolfSSL I-CUBE-wolfTPM 3.8.0
2025-12-08 15:09:32,232 [INFO] ThirdParty:1030 - CMSIS Pack Vendor :STMicroelectronics X-CUBE-AZRTOS-H7 3.4.0
2025-12-08 15:09:32,232 [INFO] ThirdParty:1030 - CMSIS Pack Vendor :STMicroelectronics X-CUBE-DISPLAY 3.0.0
2025-12-08 15:09:32,232 [INFO] ThirdParty:1030 - CMSIS Pack Vendor :wolfSSL I-CUBE-wolfSSH 1.4.20
2025-12-08 15:09:32,232 [INFO] ThirdParty:1030 - CMSIS Pack Vendor :STMicroelectronics X-CUBE-NFC7 2.0.0
2025-12-08 15:09:32,232 [INFO] ThirdParty:1030 - CMSIS Pack Vendor :STMicroelectronics X-CUBE-TCPP 4.2.0
2025-12-08 15:09:32,232 [INFO] ThirdParty:1030 - CMSIS Pack Vendor :RealThread X-CUBE-RT-Thread_Nano 4.1.1
2025-12-08 15:09:32,232 [INFO] ThirdParty:1030 - CMSIS Pack Vendor :STMicroelectronics FP-ATR-SIGFOX1 3.2.0
2025-12-08 15:09:32,232 [INFO] ThirdParty:1030 - CMSIS Pack Vendor :STMicroelectronics X-CUBE-NFC10 1.0.0
2025-12-08 15:09:32,232 [INFO] ThirdParty:1030 - CMSIS Pack Vendor :STMicroelectronics X-CUBE-FREERTOS 1.3.1
2025-12-08 15:09:32,232 [INFO] ThirdParty:1030 - CMSIS Pack Vendor :STMicroelectronics HAL Drivers 0.0.0
2025-12-08 15:09:32,232 [INFO] ThirdParty:1030 - CMSIS Pack Vendor :STMicroelectronics MBEDTLS 2.16.2
2025-12-08 15:09:32,232 [INFO] ThirdParty:1030 - CMSIS Pack Vendor :STMicroelectronics X-CUBE-ST60 1.1.0
2025-12-08 15:09:32,232 [INFO] ThirdParty:1030 - CMSIS Pack Vendor :STMicroelectronics X-CUBE-IPS 3.1.0
2025-12-08 15:09:32,233 [INFO] ThirdParty:1030 - CMSIS Pack Vendor :STMicroelectronics X-CUBE-ALS 1.0.2
2025-12-08 15:09:32,233 [INFO] ThirdParty:1030 - CMSIS Pack Vendor :emotas I-CUBE-CANOPEN 1.3.0
2025-12-08 15:09:32,233 [INFO] ThirdParty:1030 - CMSIS Pack Vendor :STMicroelectronics MBEDTLS 2.14.1
2025-12-08 15:09:32,233 [INFO] ThirdParty:1030 - CMSIS Pack Vendor :STMicroelectronics X-CUBE-GNSS1 7.1.0
2025-12-08 15:09:32,233 [INFO] ThirdParty:1030 - CMSIS Pack Vendor :ITTIA_DB I-CUBE-ITTIADB 8.9.0
2025-12-08 15:09:32,233 [INFO] ThirdParty:1030 - CMSIS Pack Vendor :STMicroelectronics X-CUBE-TOUCHGFX 4.26.0
2025-12-08 15:09:32,233 [INFO] ThirdParty:1030 - CMSIS Pack Vendor :STMicroelectronics X-CUBE-STSE01 1.0.0
2025-12-08 15:09:32,233 [INFO] ThirdParty:1030 - CMSIS Pack Vendor :STMicroelectronics X-CUBE-ST67W61 1.0.0
2025-12-08 15:09:32,233 [INFO] ThirdParty:1030 - CMSIS Pack Vendor :STMicroelectronics FP-SNS-STBOX1 2.1.0
2025-12-08 15:09:32,233 [INFO] ThirdParty:1030 - CMSIS Pack Vendor :STMicroelectronics X-CUBE-AI 10.2.0
2025-12-08 15:09:32,233 [INFO] ThirdParty:1030 - CMSIS Pack Vendor :STMicroelectronics FP-SNS-STAIOTCFT 1.0.0
2025-12-08 15:09:32,233 [INFO] ThirdParty:1030 - CMSIS Pack Vendor :STMicroelectronics ThreadX 1.0.0
2025-12-08 15:09:32,233 [INFO] ThirdParty:1030 - CMSIS Pack Vendor :STMicroelectronics FP-SNS-SMARTAG2 1.2.0
2025-12-08 15:09:32,233 [INFO] ThirdParty:1030 - CMSIS Pack Vendor :STMicroelectronics FP-SNS-FLIGHT1 5.1.0
2025-12-08 15:09:32,233 [INFO] ThirdParty:1030 - CMSIS Pack Vendor :STMicroelectronics X-CUBE-AZRTOS-WL 2.0.0
2025-12-08 15:09:32,233 [INFO] ThirdParty:1030 - CMSIS Pack Vendor :SEGGER I-CUBE-embOS 1.3.1
2025-12-08 15:09:32,233 [INFO] ThirdParty:1030 - CMSIS Pack Vendor :STMicroelectronics X-CUBE-ALGOBUILD 1.4.0
2025-12-08 15:09:32,233 [INFO] ThirdParty:1030 - CMSIS Pack Vendor :STMicroelectronics X-CUBE-DPower 1.3.0
2025-12-08 15:09:32,233 [INFO] ThirdParty:1030 - CMSIS Pack Vendor :STMicroelectronics X-CUBE-MEMS1 11.3.0
2025-12-08 15:09:32,233 [INFO] ThirdParty:1030 - CMSIS Pack Vendor :STMicroelectronics FP-SNS-MOTENV1 5.0.0
2025-12-08 15:09:32,233 [INFO] ThirdParty:1030 - CMSIS Pack Vendor :STMicroelectronics USB_DEVICE 1.0.0
2025-12-08 15:09:32,233 [INFO] ThirdParty:1030 - CMSIS Pack Vendor :STMicroelectronics X-CUBE-AZRTOS-H7RS 1.2.0
2025-12-08 15:09:32,233 [INFO] ThirdParty:1030 - CMSIS Pack Vendor :STMicroelectronics X-CUBE-AZRTOS-L4 2.0.0
2025-12-08 15:09:32,233 [INFO] ThirdParty:1030 - CMSIS Pack Vendor :STMicroelectronics ThreadX 0.0.2
2025-12-08 15:09:32,233 [INFO] ThirdParty:1030 - CMSIS Pack Vendor :STMicroelectronics lwIP 2.1.2
2025-12-08 15:09:32,233 [INFO] ThirdParty:1030 - CMSIS Pack Vendor :STMicroelectronics X-CUBE-SFXS2LP1 4.0.0
2025-12-08 15:09:32,234 [INFO] ThirdParty:1030 - CMSIS Pack Vendor :STMicroelectronics X-CUBE-BLE2 3.3.0
2025-12-08 15:09:32,234 [INFO] ThirdParty:1030 - CMSIS Pack Vendor :Avnet-IOTCONNECT X-CUBE-iotc-st67-sdk 1.0.0
2025-12-08 15:09:32,234 [INFO] ThirdParty:1030 - CMSIS Pack Vendor :STMicroelectronics X-CUBE-TOF1 3.4.3
2025-12-08 15:09:32,234 [INFO] ThirdParty:1030 - CMSIS Pack Vendor :STMicroelectronics PDM2PCM 3.2.0
2025-12-08 15:09:32,234 [INFO] ThirdParty:841 - exiting critical section [change project]
2025-12-08 15:09:32,645 [INFO] PinOutPanel:1589 - setPackage(No Configuration,No Configuration)
2025-12-08 15:09:32,646 [INFO] PinOutPanel:1589 - setPackage(STM32G474RETx,LQFP64)
2025-12-08 15:09:33,265 [INFO] UtilMem:75 - Before build in PCC Used Memory: 670806736 Bytes (1073741824)
2025-12-08 15:09:34,383 [INFO] UtilMem:75 - After build in PCC Used Memory: 788247248 Bytes (1073741824)
2025-12-08 15:09:34,415 [INFO] IPUIPlugin:80 - create IPUIPlugin
2025-12-08 15:09:34,416 [INFO] IPUIPlugin:80 - create IPUIPlugin
2025-12-08 15:09:34,416 [INFO] IPUIPlugin:80 - create IPUIPlugin
2025-12-08 15:09:34,416 [INFO] IPUIPlugin:80 - create IPUIPlugin
2025-12-08 15:09:34,416 [INFO] IPUIPlugin:80 - create IPUIPlugin
2025-12-08 15:09:34,416 [INFO] IPUIPlugin:80 - create IPUIPlugin
2025-12-08 15:09:34,416 [INFO] IPUIPlugin:80 - create IPUIPlugin
2025-12-08 15:09:34,416 [INFO] IPUIPlugin:80 - create IPUIPlugin
2025-12-08 15:09:34,416 [INFO] IPUIPlugin:80 - create IPUIPlugin
2025-12-08 15:09:34,416 [INFO] IPUIPlugin:80 - create IPUIPlugin
2025-12-08 15:09:34,416 [INFO] IPUIPlugin:80 - create IPUIPlugin
2025-12-08 15:09:34,416 [INFO] IPUIPlugin:80 - create IPUIPlugin
2025-12-08 15:09:34,416 [INFO] IPUIPlugin:80 - create IPUIPlugin
2025-12-08 15:09:34,416 [INFO] IPUIPlugin:80 - create IPUIPlugin
2025-12-08 15:09:34,416 [INFO] IPUIPlugin:80 - create IPUIPlugin
2025-12-08 15:09:34,416 [INFO] IPUIPlugin:80 - create IPUIPlugin
2025-12-08 15:09:34,416 [INFO] IPUIPlugin:80 - create IPUIPlugin
2025-12-08 15:09:34,417 [INFO] IPUIPlugin:80 - create IPUIPlugin
2025-12-08 15:09:34,417 [INFO] IPUIPlugin:80 - create IPUIPlugin
2025-12-08 15:09:34,417 [INFO] IPUIPlugin:80 - create IPUIPlugin
2025-12-08 15:09:34,417 [INFO] IPUIPlugin:80 - create IPUIPlugin
2025-12-08 15:09:34,417 [INFO] IPUIPlugin:80 - create IPUIPlugin
2025-12-08 15:09:34,417 [INFO] IPUIPlugin:80 - create IPUIPlugin
2025-12-08 15:09:34,417 [INFO] IPUIPlugin:80 - create IPUIPlugin
2025-12-08 15:09:34,417 [INFO] IPUIPlugin:80 - create IPUIPlugin
2025-12-08 15:09:34,417 [INFO] IPUIPlugin:80 - create IPUIPlugin
2025-12-08 15:09:34,417 [INFO] IPUIPlugin:80 - create IPUIPlugin
2025-12-08 15:09:34,417 [INFO] IPUIPlugin:80 - create IPUIPlugin
2025-12-08 15:09:34,417 [INFO] IPUIPlugin:80 - create IPUIPlugin
2025-12-08 15:09:34,418 [INFO] IPUIPlugin:80 - create IPUIPlugin
2025-12-08 15:09:34,418 [INFO] IPUIPlugin:80 - create IPUIPlugin
2025-12-08 15:09:34,418 [INFO] IPUIPlugin:80 - create IPUIPlugin
2025-12-08 15:09:34,418 [INFO] IPUIPlugin:80 - create IPUIPlugin
2025-12-08 15:09:34,418 [INFO] IPUIPlugin:80 - create IPUIPlugin
2025-12-08 15:09:34,418 [INFO] IPUIPlugin:80 - create IPUIPlugin
2025-12-08 15:09:34,419 [INFO] IPUIPlugin:80 - create IPUIPlugin
2025-12-08 15:09:34,419 [INFO] IPUIPlugin:80 - create IPUIPlugin
2025-12-08 15:09:34,419 [INFO] IPUIPlugin:80 - create IPUIPlugin
2025-12-08 15:09:34,420 [INFO] IPUIPlugin:80 - create IPUIPlugin
2025-12-08 15:09:34,420 [INFO] IPUIPlugin:80 - create IPUIPlugin
2025-12-08 15:09:34,420 [INFO] IPUIPlugin:80 - create IPUIPlugin
2025-12-08 15:09:34,420 [INFO] IPUIPlugin:80 - create IPUIPlugin
2025-12-08 15:09:34,420 [INFO] IPUIPlugin:80 - create IPUIPlugin
2025-12-08 15:09:34,420 [INFO] IPUIPlugin:80 - create IPUIPlugin
2025-12-08 15:09:34,420 [INFO] IPUIPlugin:80 - create IPUIPlugin
2025-12-08 15:09:34,421 [INFO] IPUIPlugin:80 - create IPUIPlugin
2025-12-08 15:09:34,421 [INFO] IPUIPlugin:80 - create IPUIPlugin
2025-12-08 15:09:34,421 [INFO] IPUIPlugin:80 - create IPUIPlugin
2025-12-08 15:09:34,421 [INFO] IPUIPlugin:80 - create IPUIPlugin
2025-12-08 15:09:34,421 [INFO] IPUIPlugin:80 - create IPUIPlugin
2025-12-08 15:09:34,421 [INFO] IPUIPlugin:80 - create IPUIPlugin
2025-12-08 15:09:34,421 [INFO] IPUIPlugin:80 - create IPUIPlugin
2025-12-08 15:09:34,422 [INFO] IPUIPlugin:80 - create IPUIPlugin
2025-12-08 15:09:34,422 [INFO] IPUIPlugin:80 - create IPUIPlugin
2025-12-08 15:09:34,422 [INFO] IPUIPlugin:80 - create IPUIPlugin
2025-12-08 15:09:34,422 [INFO] IPUIPlugin:80 - create IPUIPlugin
2025-12-08 15:09:34,422 [INFO] IPUIPlugin:80 - create IPUIPlugin
2025-12-08 15:09:34,422 [INFO] IPUIPlugin:80 - create IPUIPlugin
2025-12-08 15:09:34,422 [INFO] IPUIPlugin:80 - create IPUIPlugin
2025-12-08 15:09:34,423 [INFO] IPUIPlugin:80 - create IPUIPlugin
2025-12-08 15:09:34,423 [INFO] IPUIPlugin:80 - create IPUIPlugin
2025-12-08 15:09:34,423 [INFO] IPUIPlugin:80 - create IPUIPlugin
2025-12-08 15:09:34,423 [INFO] IPUIPlugin:80 - create IPUIPlugin
2025-12-08 15:09:34,423 [INFO] IPUIPlugin:80 - create IPUIPlugin
2025-12-08 15:09:34,423 [INFO] IPUIPlugin:80 - create IPUIPlugin
2025-12-08 15:09:34,424 [INFO] IPUIPlugin:80 - create IPUIPlugin
2025-12-08 15:09:34,424 [INFO] IPUIPlugin:80 - create IPUIPlugin
2025-12-08 15:09:34,424 [INFO] IPUIPlugin:80 - create IPUIPlugin
2025-12-08 15:09:34,424 [INFO] IPUIPlugin:80 - create IPUIPlugin
2025-12-08 15:09:34,424 [INFO] IPUIPlugin:80 - create IPUIPlugin
2025-12-08 15:09:34,425 [INFO] IPUIPlugin:80 - create IPUIPlugin
2025-12-08 15:09:34,425 [INFO] IPUIPlugin:80 - create IPUIPlugin
2025-12-08 15:09:34,425 [INFO] IPUIPlugin:80 - create IPUIPlugin
2025-12-08 15:09:34,425 [INFO] IPUIPlugin:80 - create IPUIPlugin
2025-12-08 15:09:34,425 [INFO] IPUIPlugin:80 - create IPUIPlugin
2025-12-08 15:09:34,426 [INFO] IPUIPlugin:80 - create IPUIPlugin
2025-12-08 15:09:34,426 [INFO] IPUIPlugin:80 - create IPUIPlugin
2025-12-08 15:09:34,426 [INFO] IPUIPlugin:80 - create IPUIPlugin
2025-12-08 15:09:34,634 [INFO] CADModel:165 - CPN selected for project levelSTM32G474RET6
2025-12-08 15:09:34,634 [INFO] CADModel:114 - Register for checkConnection events
2025-12-08 15:09:34,693 [INFO] OpenFileManager:386 - Restore cursor
2025-12-08 15:09:35,396 [INFO] UtilMem:75 - End SaveConfig() Used Memory: 922229712 Bytes (1073741824)
2025-12-08 15:09:35,472 [INFO] UtilMem:75 - End SaveConfig() Used Memory: 945247152 Bytes (1073741824)
2025-12-08 15:09:35,852 [INFO] BlockDiagram:2775 - set Specific Code input for plugin: NUCLEO-G474RE
2025-12-08 15:09:35,853 [INFO] BlockDiagram:2775 - set Specific Code input for plugin: SYS
2025-12-08 15:09:35,853 [INFO] BlockDiagram:2775 - set Specific Code input for plugin: RCC
2025-12-08 15:09:35,853 [INFO] BlockDiagram:2775 - set Specific Code input for plugin: NVIC
2025-12-08 15:09:35,854 [INFO] BlockDiagram:2775 - set Specific Code input for plugin: GPIO
2025-12-08 15:09:35,856 [INFO] CodeGenerator:892 - code generatio: config db path: C:\ST\STM32CubeIDE_1.19.0\STM32CubeIDE\plugins\com.st.stm32cube.common.mx_6.15.0.202507011659\\db\
2025-12-08 15:09:35,917 [ERROR] IocParser:95 - Exception caught: Cannot invoke "java.lang.CharSequence.length()" because "this.text" is null
2025-12-08 15:09:35,974 [INFO] CodeEngine:265 - oldGeneratedFile, C:\Users\niels\Documents\Github\aqtuator-control\src\nucleo-stm32cubeIDE\nucleo-acquisition\MXTmpFiles\license.tmp_save
2025-12-08 15:09:36,299 [INFO] CodeEngine:289 - Generated code: C:\Users\niels\Documents\Github\aqtuator-control\src\nucleo-stm32cubeIDE\nucleo-acquisition\MXTmpFiles\license.tmp
2025-12-08 15:09:36,390 [INFO] CodeEngine:265 - oldGeneratedFile, C:\Users\niels\Documents\Github\aqtuator-control\src\nucleo-stm32cubeIDE\nucleo-acquisition\MXTmpFiles\gpio.tmp_save
2025-12-08 15:09:36,510 [INFO] CodeEngine:289 - Generated code: C:\Users\niels\Documents\Github\aqtuator-control\src\nucleo-stm32cubeIDE\nucleo-acquisition\MXTmpFiles\gpio.tmp
2025-12-08 15:09:36,565 [INFO] CodeEngine:265 - oldGeneratedFile, C:\Users\niels\Documents\Github\aqtuator-control\src\nucleo-stm32cubeIDE\nucleo-acquisition\Core\Inc\stm32g4xx_nucleo_conf.h_save
2025-12-08 15:09:36,632 [INFO] CodeEngine:289 - Generated code: C:\Users\niels\Documents\Github\aqtuator-control\src\nucleo-stm32cubeIDE\nucleo-acquisition\Core\Inc\stm32g4xx_nucleo_conf.h
2025-12-08 15:09:36,638 [INFO] CodeEngine:265 - oldGeneratedFile, C:\Users\niels\Documents\Github\aqtuator-control\src\nucleo-stm32cubeIDE\nucleo-acquisition\MXTmpFiles\bsp_inc.tmp_save
2025-12-08 15:09:36,697 [INFO] CodeEngine:289 - Generated code: C:\Users\niels\Documents\Github\aqtuator-control\src\nucleo-stm32cubeIDE\nucleo-acquisition\MXTmpFiles\bsp_inc.tmp
2025-12-08 15:09:36,704 [INFO] CodeEngine:265 - oldGeneratedFile, C:\Users\niels\Documents\Github\aqtuator-control\src\nucleo-stm32cubeIDE\nucleo-acquisition\MXTmpFiles\bsp_common_vars.tmp_save
2025-12-08 15:09:36,762 [INFO] CodeEngine:289 - Generated code: C:\Users\niels\Documents\Github\aqtuator-control\src\nucleo-stm32cubeIDE\nucleo-acquisition\MXTmpFiles\bsp_common_vars.tmp
2025-12-08 15:09:36,767 [INFO] CodeEngine:265 - oldGeneratedFile, C:\Users\niels\Documents\Github\aqtuator-control\src\nucleo-stm32cubeIDE\nucleo-acquisition\MXTmpFiles\bsp_common_init.tmp_save
2025-12-08 15:09:36,824 [INFO] CodeEngine:289 - Generated code: C:\Users\niels\Documents\Github\aqtuator-control\src\nucleo-stm32cubeIDE\nucleo-acquisition\MXTmpFiles\bsp_common_init.tmp
2025-12-08 15:09:36,829 [INFO] CodeEngine:265 - oldGeneratedFile, C:\Users\niels\Documents\Github\aqtuator-control\src\nucleo-stm32cubeIDE\nucleo-acquisition\MXTmpFiles\bsp_common_demo_before_while.tmp_save
2025-12-08 15:09:36,883 [INFO] CodeEngine:289 - Generated code: C:\Users\niels\Documents\Github\aqtuator-control\src\nucleo-stm32cubeIDE\nucleo-acquisition\MXTmpFiles\bsp_common_demo_before_while.tmp
2025-12-08 15:09:36,888 [INFO] CodeEngine:265 - oldGeneratedFile, C:\Users\niels\Documents\Github\aqtuator-control\src\nucleo-stm32cubeIDE\nucleo-acquisition\MXTmpFiles\bsp_common_demo_inside_while.tmp_save
2025-12-08 15:09:36,945 [INFO] CodeEngine:289 - Generated code: C:\Users\niels\Documents\Github\aqtuator-control\src\nucleo-stm32cubeIDE\nucleo-acquisition\MXTmpFiles\bsp_common_demo_inside_while.tmp
2025-12-08 15:09:36,951 [INFO] CodeEngine:265 - oldGeneratedFile, C:\Users\niels\Documents\Github\aqtuator-control\src\nucleo-stm32cubeIDE\nucleo-acquisition\MXTmpFiles\bsp_common_demo_fct.tmp_save
2025-12-08 15:09:37,003 [INFO] CodeEngine:289 - Generated code: C:\Users\niels\Documents\Github\aqtuator-control\src\nucleo-stm32cubeIDE\nucleo-acquisition\MXTmpFiles\bsp_common_demo_fct.tmp
2025-12-08 15:09:37,014 [INFO] CodeEngine:265 - oldGeneratedFile, C:\Users\niels\Documents\Github\aqtuator-control\src\nucleo-stm32cubeIDE\nucleo-acquisition\Core\Src\stm32g4xx_it.c_save
2025-12-08 15:09:37,106 [INFO] CodeEngine:289 - Generated code: C:\Users\niels\Documents\Github\aqtuator-control\src\nucleo-stm32cubeIDE\nucleo-acquisition\Core\Src\stm32g4xx_it.c
2025-12-08 15:09:37,112 [INFO] CodeEngine:265 - oldGeneratedFile, C:\Users\niels\Documents\Github\aqtuator-control\src\nucleo-stm32cubeIDE\nucleo-acquisition\Core\Inc\stm32g4xx_it.h_save
2025-12-08 15:09:37,166 [INFO] CodeEngine:289 - Generated code: C:\Users\niels\Documents\Github\aqtuator-control\src\nucleo-stm32cubeIDE\nucleo-acquisition\Core\Inc\stm32g4xx_it.h
2025-12-08 15:09:37,181 [INFO] CodeEngine:265 - oldGeneratedFile, C:\Users\niels\Documents\Github\aqtuator-control\src\nucleo-stm32cubeIDE\nucleo-acquisition\Core\Src\stm32g4xx_hal_msp.c_save
2025-12-08 15:09:37,288 [INFO] CodeEngine:289 - Generated code: C:\Users\niels\Documents\Github\aqtuator-control\src\nucleo-stm32cubeIDE\nucleo-acquisition\Core\Src\stm32g4xx_hal_msp.c
2025-12-08 15:09:37,293 [INFO] CodeEngine:265 - oldGeneratedFile, C:\Users\niels\Documents\Github\aqtuator-control\src\nucleo-stm32cubeIDE\nucleo-acquisition\MXTmpFiles\system.tmp_save
2025-12-08 15:09:37,350 [INFO] CodeEngine:289 - Generated code: C:\Users\niels\Documents\Github\aqtuator-control\src\nucleo-stm32cubeIDE\nucleo-acquisition\MXTmpFiles\system.tmp
2025-12-08 15:09:37,365 [INFO] CodeEngine:321 - oldGeneratedFile, C:\Users\niels\Documents\Github\aqtuator-control\src\nucleo-stm32cubeIDE\nucleo-acquisition\Core\Inc\stm32g4xx_hal_conf.h_save
2025-12-08 15:09:37,423 [INFO] CodeEngine:345 - Generated code: C:\Users\niels\Documents\Github\aqtuator-control\src\nucleo-stm32cubeIDE\nucleo-acquisition\Core\Inc\stm32g4xx_hal_conf.h
2025-12-08 15:09:37,448 [WARN] IPConfigManager:3238 - Warning: the RefConfig RCC_CommonPeriphClockConfig is not available in your config.xml file
2025-12-08 15:09:37,452 [INFO] ApiDbMcu:532 - Load IP Config File for RCC
2025-12-08 15:09:37,463 [INFO] CodeEngine:265 - oldGeneratedFile, C:\Users\niels\Documents\Github\aqtuator-control\src\nucleo-stm32cubeIDE\nucleo-acquisition\Core\Inc\main.h_save
2025-12-08 15:09:37,542 [INFO] CodeEngine:289 - Generated code: C:\Users\niels\Documents\Github\aqtuator-control\src\nucleo-stm32cubeIDE\nucleo-acquisition\Core\Inc\main.h
2025-12-08 15:09:37,547 [INFO] CodeEngine:265 - oldGeneratedFile, C:\Users\niels\Documents\Github\aqtuator-control\src\nucleo-stm32cubeIDE\nucleo-acquisition\Core\Src\main.c_save
2025-12-08 15:09:37,663 [INFO] CodeEngine:289 - Generated code: C:\Users\niels\Documents\Github\aqtuator-control\src\nucleo-stm32cubeIDE\nucleo-acquisition\Core\Src\main.c
2025-12-08 15:09:38,080 [INFO] ProjectBuilder:3606 - Time for Copy HAL[1] : 121mS.
2025-12-08 15:09:38,089 [INFO] ProjectBuilder:5216 - Project Generator version: 4.7.0-B52
2025-12-08 15:09:38,164 [INFO] ConfigFileManager:1595 - The Die is : DIE469
2025-12-08 15:09:38,167 [INFO] ApiDbMcu:532 - Load IP Config File for FATFS
2025-12-08 15:09:38,172 [INFO] ApiDbMcu:532 - Load IP Config File for FREERTOS
2025-12-08 15:09:38,176 [INFO] ApiDbMcu:532 - Load IP Config File for USBPD
2025-12-08 15:09:38,182 [INFO] ApiDbMcu:532 - Load IP Config File for USB_DEVICE
2025-12-08 15:09:38,493 [INFO] LogOutputStream:77 - [STDOUT_REDIRECT] 
2025-12-08 15:09:40,547 [INFO] ProjectBuilder:5496 - Time for Generating toolchain IDE Files: 2457mS.
2025-12-08 15:09:40,547 [INFO] ProjectBuilder:3463 - Time for Copy CMSIS : 0mS.
2025-12-08 15:09:40,549 [INFO] ProjectBuilder:3463 - Time for Copy CMSIS : 0mS.
2025-12-08 15:09:41,486 [INFO] McuFinderGlobals:76 - Set McuFinderConnectedMode to true
2025-12-08 15:09:41,489 [INFO] ApiDb:448 - Save user favorites file C:\Users\niels/.stm32cubeide/favorites.mcus.txt: 0 item(s)
2025-12-08 15:09:41,489 [INFO] ApiDb:452 - User favorites MCUs=[]
2025-12-08 15:09:41,491 [INFO] ApiDb:448 - Save user favorites file C:\Users\niels/.stm32cubeide/favorites.boards.txt: 1 item(s)
2025-12-08 15:09:41,491 [INFO] ApiDb:452 - User favorites Boards=[NUCLEO-G474RE]
2025-12-08 15:16:26,371 [INFO] ADCParametersView:116 -                Rank 1 : false
2025-12-08 15:16:26,598 [INFO] ADCParametersView:116 -                Rank 1 : false
2025-12-08 15:16:26,598 [INFO] ADCParametersView:116 -                Rank 1 : false
2025-12-08 15:16:26,598 [INFO] ADCParametersView:116 -                Rank 1 : false
2025-12-08 15:16:26,599 [INFO] ADCParametersView:116 -                Rank 1 : false
2025-12-08 15:16:26,599 [INFO] ADCParametersView:116 -                Rank 1 : false
2025-12-08 15:16:26,599 [INFO] ADCParametersView:116 -                Rank 1 : false
2025-12-08 15:16:26,599 [INFO] ADCParametersView:116 -                Rank 1 : false
2025-12-08 15:16:26,599 [INFO] ADCParametersView:116 -                Rank 1 : false
2025-12-08 15:16:26,599 [INFO] ADCParametersView:116 -                Rank 1 : false
2025-12-08 15:16:26,600 [INFO] ADCParametersView:116 -                Rank 1 : false
2025-12-08 15:16:26,600 [INFO] ADCParametersView:116 -                Rank 1 : false
2025-12-08 15:16:26,600 [INFO] ADCParametersView:116 -                Rank 1 : false
2025-12-08 15:16:26,600 [INFO] ADCParametersView:116 -                Rank 1 : false
2025-12-08 15:16:26,600 [INFO] ADCParametersView:116 -                Rank 1 : false
2025-12-08 15:16:26,601 [INFO] ADCParametersView:116 -                Rank 1 : false
2025-12-08 15:16:26,601 [INFO] ADCParametersView:116 -                Rank 1 : false
2025-12-08 15:16:26,601 [INFO] ADCParametersView:116 -                Rank 1 : false
2025-12-08 15:16:26,601 [INFO] ADCParametersView:116 -                Rank 1 : false
2025-12-08 15:16:26,601 [INFO] ADCParametersView:116 -                Rank 1 : false
2025-12-08 15:16:26,601 [INFO] ADCParametersView:116 -                Rank 1 : false
2025-12-08 15:16:26,601 [INFO] ADCParametersView:116 -                Rank 1 : false
2025-12-08 15:16:26,623 [INFO] ADCParametersView:116 -                Rank 1 : false
2025-12-08 15:16:26,826 [INFO] NvicIntPanel:101 - NVIC parent = com.st.microxplorer.plugins.ip.nvic.MultiNvicIntPanel[,0,0,0x0,invalid,layout=javax.swing.BoxLayout,alignmentX=0.0,alignmentY=0.0,border=,flags=9,maximumSize=,minimumSize=,preferredSize=]
2025-12-08 15:16:27,063 [INFO] NvicIntPanel:101 - NVIC parent = com.st.microxplorer.plugins.ip.nvic.MultiNvicIntPanel[,0,0,0x0,invalid,layout=javax.swing.BoxLayout,alignmentX=0.0,alignmentY=0.0,border=,flags=9,maximumSize=,minimumSize=,preferredSize=]
2025-12-08 15:16:27,264 [INFO] NvicIntPanel:101 - NVIC parent = com.st.microxplorer.plugins.ip.nvic.MultiNvicIntPanel[,0,0,0x0,invalid,layout=javax.swing.BoxLayout,alignmentX=0.0,alignmentY=0.0,border=,flags=9,maximumSize=,minimumSize=,preferredSize=]
2025-12-08 15:16:27,481 [INFO] NvicIntPanel:101 - NVIC parent = com.st.microxplorer.plugins.ip.nvic.MultiNvicIntPanel[,0,0,0x0,invalid,layout=javax.swing.BoxLayout,alignmentX=0.0,alignmentY=0.0,border=,flags=9,maximumSize=,minimumSize=,preferredSize=]
2025-12-08 15:16:27,575 [INFO] ADCParametersView:116 -                Rank 1 : false
2025-12-08 15:16:27,576 [INFO] ADCParametersView:116 -                Rank 1 : false
2025-12-08 15:16:27,576 [INFO] ADCParametersView:116 -                Rank 1 : false
2025-12-08 15:16:27,576 [INFO] ADCParametersView:116 -                Rank 1 : false
2025-12-08 15:16:27,576 [INFO] ADCParametersView:116 -                Rank 1 : false
2025-12-08 15:16:27,577 [INFO] ADCParametersView:116 -                Rank 1 : false
2025-12-08 15:16:27,577 [INFO] ADCParametersView:116 -                Rank 1 : false
2025-12-08 15:16:27,577 [INFO] ADCParametersView:116 -                Rank 1 : false
2025-12-08 15:16:27,578 [INFO] ADCParametersView:116 -                Rank 1 : false
2025-12-08 15:16:27,578 [INFO] ADCParametersView:116 -                Rank 1 : false
2025-12-08 15:16:27,578 [INFO] ADCParametersView:116 -                Rank 1 : false
2025-12-08 15:16:27,578 [INFO] ADCParametersView:116 -                Rank 1 : false
2025-12-08 15:16:27,578 [INFO] ADCParametersView:116 -                Rank 1 : false
2025-12-08 15:16:27,578 [INFO] ADCParametersView:116 -                Rank 1 : false
2025-12-08 15:16:27,579 [INFO] ADCParametersView:116 -                Rank 1 : false
2025-12-08 15:16:27,579 [INFO] ADCParametersView:116 -                Rank 1 : false
2025-12-08 15:16:27,579 [INFO] ADCParametersView:116 -                Rank 1 : false
2025-12-08 15:16:27,579 [INFO] ADCParametersView:116 -                Rank 1 : false
2025-12-08 15:16:27,579 [INFO] ADCParametersView:116 -                Rank 1 : false
2025-12-08 15:16:27,579 [INFO] ADCParametersView:116 -                Rank 1 : false
2025-12-08 15:16:27,580 [INFO] ADCParametersView:116 -                Rank 1 : false
2025-12-08 15:16:27,595 [INFO] ADCParametersView:116 -                Rank 1 : false
2025-12-08 15:16:27,622 [INFO] ADCParametersView:116 -                Rank 1 : false
2025-12-08 15:16:27,623 [INFO] ADCParametersView:116 -                Rank 1 : false
2025-12-08 15:16:27,623 [INFO] ADCParametersView:116 -                Rank 1 : false
2025-12-08 15:16:27,623 [INFO] ADCParametersView:116 -                Rank 1 : false
2025-12-08 15:16:27,623 [INFO] ADCParametersView:116 -                Rank 1 : false
2025-12-08 15:16:27,623 [INFO] ADCParametersView:116 -                Rank 1 : false
2025-12-08 15:16:27,623 [INFO] ADCParametersView:116 -                Rank 1 : false
2025-12-08 15:16:27,623 [INFO] ADCParametersView:116 -                Rank 1 : false
2025-12-08 15:16:27,623 [INFO] ADCParametersView:116 -                Rank 1 : false
2025-12-08 15:16:27,623 [INFO] ADCParametersView:116 -                Rank 1 : false
2025-12-08 15:16:27,623 [INFO] ADCParametersView:116 -                Rank 1 : false
2025-12-08 15:16:27,624 [INFO] ADCParametersView:116 -                Rank 1 : false
2025-12-08 15:16:27,624 [INFO] ADCParametersView:116 -                Rank 1 : false
2025-12-08 15:16:27,624 [INFO] ADCParametersView:116 -                Rank 1 : false
2025-12-08 15:16:27,624 [INFO] ADCParametersView:116 -                Rank 1 : false
2025-12-08 15:16:27,625 [INFO] ADCParametersView:116 -                Rank 1 : false
2025-12-08 15:16:27,625 [INFO] ADCParametersView:116 -                Rank 1 : false
2025-12-08 15:16:27,625 [INFO] ADCParametersView:116 -                Rank 1 : false
2025-12-08 15:16:27,625 [INFO] ADCParametersView:116 -                Rank 1 : false
2025-12-08 15:16:27,625 [INFO] ADCParametersView:116 -                Rank 1 : false
2025-12-08 15:16:27,625 [INFO] ADCParametersView:116 -                Rank 1 : false
2025-12-08 15:16:27,642 [INFO] ADCParametersView:116 -                Rank 1 : false
2025-12-08 15:31:57,217 [INFO] DmaTabbedPanel:205 - Cannot restore the selected Tab for DMA
2025-12-08 15:32:26,376 [INFO] CADModel:198 - CPN selected (Project mode): STM32G474RET6
2025-12-08 15:32:26,388 [INFO] CADModel:200 - Internet connection configuration mode: 1
2025-12-08 15:32:26,388 [INFO] CADModel:203 - rpn retrievedSTM32G474RE
2025-12-08 15:32:26,418 [INFO] WebAppUi:336 - Instantiating new browser for Project
2025-12-08 15:32:26,590 [INFO] WebAppUi:1235 - Register for checkConnection events
2025-12-08 15:32:26,590 [INFO] WebAppUi:1270 - Apply proxy settings
2025-12-08 15:32:26,591 [INFO] WebAppUi:1308 - Chromium requires no authentication
2025-12-08 15:32:26,591 [INFO] WebAppUi:1294 - Direct internet connection detected
2025-12-08 15:32:26,597 [INFO] WebAppUi:1166 - Web application path used C:\ST\STM32CubeIDE_1.19.0\STM32CubeIDE\plugins\com.st.stm32cube.common.mx_6.15.0.202507011659\db\plugins\mcufinder\reactClient\index.html
2025-12-08 15:32:26,610 [INFO] WebAppUi:938 - Path where api_config.json is located C:\Users\niels\.stmcufinder\plugins\mcufinder//mcu/api_config.json
2025-12-08 15:32:26,610 [INFO] WebAppUi:939 - Setting api config in window object
2025-12-08 15:32:26,651 [WARN] WebAppUi:976 - Cannot access cad_preferences.json
2025-12-08 15:32:26,651 [WARN] WebAppUi:979 - Fallback to default consent
2025-12-08 15:32:26,653 [INFO] WebAppUi:947 - Path where cad_preferences.json is located C:\Users\niels/.stm32cubeide/
2025-12-08 15:32:26,653 [INFO] WebAppUi:948 - Setting consent info in window object
2025-12-08 15:32:27,503 [INFO] WebAppUi:843 - Allow Downloads
2025-12-08 15:32:27,507 [INFO] WebAppUi:336 - Instantiating new browser for Finder
2025-12-08 15:32:27,685 [INFO] WebAppUi:1235 - Register for checkConnection events
2025-12-08 15:32:27,686 [INFO] WebAppUi:1270 - Apply proxy settings
2025-12-08 15:32:27,686 [INFO] WebAppUi:1308 - Chromium requires no authentication
2025-12-08 15:32:27,686 [INFO] WebAppUi:1294 - Direct internet connection detected
2025-12-08 15:32:27,690 [INFO] WebAppUi:1166 - Web application path used C:\ST\STM32CubeIDE_1.19.0\STM32CubeIDE\plugins\com.st.stm32cube.common.mx_6.15.0.202507011659\db\plugins\mcufinder\reactClient\index.html
2025-12-08 15:32:27,701 [INFO] WebAppUi:938 - Path where api_config.json is located C:\Users\niels\.stmcufinder\plugins\mcufinder//mcu/api_config.json
2025-12-08 15:32:27,702 [INFO] WebAppUi:939 - Setting api config in window object
2025-12-08 15:32:27,734 [INFO] WebAppUi:947 - Path where cad_preferences.json is located C:\Users\niels/.stm32cubeide/
2025-12-08 15:32:27,735 [INFO] WebAppUi:948 - Setting consent info in window object
2025-12-08 15:32:28,146 [INFO] WebAppUi:843 - Allow Downloads
2025-12-08 15:32:28,148 [INFO] WebAppUi:664 - RPN selected STM32G474RE
2025-12-08 15:32:28,148 [INFO] WebAppUi:665 - RefName selected STM32G474RETx
2025-12-08 15:32:28,149 [INFO] WebAppUi:666 - CPN selected STM32G474RET6
2025-12-08 15:32:28,177 [INFO] WebAppUi:829 - Which Bigleton in use 2 and which CPN is about STM32G474RET6
2025-12-08 15:32:28,181 [INFO] WebAppUi:703 - Have injected Javascript into web application
2025-12-08 15:32:28,181 [INFO] WebAppUiContainer:153 - Web application run mode: Project CPN: STM32G474RET6
2025-12-08 15:32:28,352 [INFO] WebAppUi:1100 - Web application message: [UlApiManager component] Connecting to SSO
2025-12-08 15:32:28,546 [INFO] WebAppUi:1100 - Web application message: [UlApiManager component] Connected to Ultra Librarian SSO
2025-12-08 15:32:28,547 [INFO] WebAppUi:1100 - Web application message: [UlApiManager component] Connected to Ultra Librarian API
2025-12-08 15:32:28,973 [INFO] WebAppUi:1100 - Web application message: [UlApiManager component] Connected to Ultra Librarian SSO
2025-12-08 15:32:28,976 [INFO] WebAppUi:1100 - Web application message: [UlApiManager component] Connected to Ultra Librarian API
2025-12-08 15:32:29,684 [INFO] WebAppUi:1100 - Web application message: CAD resources feature launch attempt
2025-12-08 15:32:31,743 [INFO] WebAppUi:938 - Path where api_config.json is located C:\Users\niels\.stmcufinder\plugins\mcufinder//mcu/api_config.json
2025-12-08 15:32:31,743 [INFO] WebAppUi:939 - Setting api config in window object
2025-12-08 15:32:31,784 [INFO] WebAppUi:947 - Path where cad_preferences.json is located C:\Users\niels/.stm32cubeide/
2025-12-08 15:32:31,785 [INFO] WebAppUi:948 - Setting consent info in window object
2025-12-08 15:32:33,198 [INFO] WebAppUi:1100 - Web application message: THREE.WebGLRenderer 101
2025-12-08 15:47:15,958 [INFO] UtilMem:75 - End SaveConfig() Used Memory: 876227456 Bytes (1073741824)
2025-12-08 15:47:16,637 [ERROR] IocParser:95 - Exception caught: null
2025-12-08 15:47:17,924 [INFO] UtilMem:75 - End SaveConfig() Used Memory: 907684736 Bytes (1073741824)
2025-12-08 15:47:18,178 [INFO] UtilMem:75 - End SaveConfig() Used Memory: 985805696 Bytes (1073741824)
2025-12-08 15:47:18,444 [ERROR] IocParser:95 - Exception caught: null
2025-12-08 15:47:18,652 [INFO] BlockDiagram:2775 - set Specific Code input for plugin: NUCLEO-G474RE
2025-12-08 15:47:18,652 [INFO] BlockDiagram:2775 - set Specific Code input for plugin: SYS
2025-12-08 15:47:18,652 [INFO] BlockDiagram:2775 - set Specific Code input for plugin: RCC
2025-12-08 15:47:18,652 [INFO] BlockDiagram:2775 - set Specific Code input for plugin: NVIC
2025-12-08 15:47:18,653 [INFO] BlockDiagram:2775 - set Specific Code input for plugin: GPIO
2025-12-08 15:47:18,653 [INFO] CodeGenerator:892 - code generatio: config db path: C:\ST\STM32CubeIDE_1.19.0\STM32CubeIDE\plugins\com.st.stm32cube.common.mx_6.15.0.202507011659\\db\
2025-12-08 15:47:18,808 [INFO] CodeEngine:265 - oldGeneratedFile, C:\Users\niels\Documents\Github\aqtuator-control\src\nucleo-stm32cubeIDE\nucleo-acquisition\MXTmpFiles\license.tmp_save
2025-12-08 15:47:18,994 [INFO] CodeEngine:289 - Generated code: C:\Users\niels\Documents\Github\aqtuator-control\src\nucleo-stm32cubeIDE\nucleo-acquisition\MXTmpFiles\license.tmp
2025-12-08 15:47:19,028 [INFO] CodeEngine:265 - oldGeneratedFile, C:\Users\niels\Documents\Github\aqtuator-control\src\nucleo-stm32cubeIDE\nucleo-acquisition\MXTmpFiles\gpio.tmp_save
2025-12-08 15:47:19,138 [INFO] CodeEngine:289 - Generated code: C:\Users\niels\Documents\Github\aqtuator-control\src\nucleo-stm32cubeIDE\nucleo-acquisition\MXTmpFiles\gpio.tmp
2025-12-08 15:47:19,177 [INFO] CodeEngine:265 - oldGeneratedFile, C:\Users\niels\Documents\Github\aqtuator-control\src\nucleo-stm32cubeIDE\nucleo-acquisition\Core\Inc\stm32g4xx_nucleo_conf.h_save
2025-12-08 15:47:19,256 [INFO] CodeEngine:289 - Generated code: C:\Users\niels\Documents\Github\aqtuator-control\src\nucleo-stm32cubeIDE\nucleo-acquisition\Core\Inc\stm32g4xx_nucleo_conf.h
2025-12-08 15:47:19,261 [INFO] CodeEngine:265 - oldGeneratedFile, C:\Users\niels\Documents\Github\aqtuator-control\src\nucleo-stm32cubeIDE\nucleo-acquisition\MXTmpFiles\bsp_inc.tmp_save
2025-12-08 15:47:19,325 [INFO] CodeEngine:289 - Generated code: C:\Users\niels\Documents\Github\aqtuator-control\src\nucleo-stm32cubeIDE\nucleo-acquisition\MXTmpFiles\bsp_inc.tmp
2025-12-08 15:47:19,331 [INFO] CodeEngine:265 - oldGeneratedFile, C:\Users\niels\Documents\Github\aqtuator-control\src\nucleo-stm32cubeIDE\nucleo-acquisition\MXTmpFiles\bsp_common_vars.tmp_save
2025-12-08 15:47:19,386 [INFO] CodeEngine:289 - Generated code: C:\Users\niels\Documents\Github\aqtuator-control\src\nucleo-stm32cubeIDE\nucleo-acquisition\MXTmpFiles\bsp_common_vars.tmp
2025-12-08 15:47:19,392 [INFO] CodeEngine:265 - oldGeneratedFile, C:\Users\niels\Documents\Github\aqtuator-control\src\nucleo-stm32cubeIDE\nucleo-acquisition\MXTmpFiles\bsp_common_init.tmp_save
2025-12-08 15:47:19,452 [INFO] CodeEngine:289 - Generated code: C:\Users\niels\Documents\Github\aqtuator-control\src\nucleo-stm32cubeIDE\nucleo-acquisition\MXTmpFiles\bsp_common_init.tmp
2025-12-08 15:47:19,459 [INFO] CodeEngine:265 - oldGeneratedFile, C:\Users\niels\Documents\Github\aqtuator-control\src\nucleo-stm32cubeIDE\nucleo-acquisition\MXTmpFiles\bsp_common_demo_before_while.tmp_save
2025-12-08 15:47:19,514 [INFO] CodeEngine:289 - Generated code: C:\Users\niels\Documents\Github\aqtuator-control\src\nucleo-stm32cubeIDE\nucleo-acquisition\MXTmpFiles\bsp_common_demo_before_while.tmp
2025-12-08 15:47:19,519 [INFO] CodeEngine:265 - oldGeneratedFile, C:\Users\niels\Documents\Github\aqtuator-control\src\nucleo-stm32cubeIDE\nucleo-acquisition\MXTmpFiles\bsp_common_demo_inside_while.tmp_save
2025-12-08 15:47:19,568 [INFO] CodeEngine:289 - Generated code: C:\Users\niels\Documents\Github\aqtuator-control\src\nucleo-stm32cubeIDE\nucleo-acquisition\MXTmpFiles\bsp_common_demo_inside_while.tmp
2025-12-08 15:47:19,574 [INFO] CodeEngine:265 - oldGeneratedFile, C:\Users\niels\Documents\Github\aqtuator-control\src\nucleo-stm32cubeIDE\nucleo-acquisition\MXTmpFiles\bsp_common_demo_fct.tmp_save
2025-12-08 15:47:19,625 [INFO] CodeEngine:289 - Generated code: C:\Users\niels\Documents\Github\aqtuator-control\src\nucleo-stm32cubeIDE\nucleo-acquisition\MXTmpFiles\bsp_common_demo_fct.tmp
2025-12-08 15:47:19,641 [INFO] CodeEngine:265 - oldGeneratedFile, C:\Users\niels\Documents\Github\aqtuator-control\src\nucleo-stm32cubeIDE\nucleo-acquisition\Core\Src\stm32g4xx_it.c_save
2025-12-08 15:47:19,843 [INFO] CodeEngine:289 - Generated code: C:\Users\niels\Documents\Github\aqtuator-control\src\nucleo-stm32cubeIDE\nucleo-acquisition\Core\Src\stm32g4xx_it.c
2025-12-08 15:47:19,851 [INFO] CodeEngine:265 - oldGeneratedFile, C:\Users\niels\Documents\Github\aqtuator-control\src\nucleo-stm32cubeIDE\nucleo-acquisition\Core\Inc\stm32g4xx_it.h_save
2025-12-08 15:47:19,905 [INFO] CodeEngine:289 - Generated code: C:\Users\niels\Documents\Github\aqtuator-control\src\nucleo-stm32cubeIDE\nucleo-acquisition\Core\Inc\stm32g4xx_it.h
2025-12-08 15:47:19,929 [INFO] CodeEngine:265 - oldGeneratedFile, C:\Users\niels\Documents\Github\aqtuator-control\src\nucleo-stm32cubeIDE\nucleo-acquisition\Core\Src\stm32g4xx_hal_msp.c_save
2025-12-08 15:47:20,035 [INFO] CodeEngine:289 - Generated code: C:\Users\niels\Documents\Github\aqtuator-control\src\nucleo-stm32cubeIDE\nucleo-acquisition\Core\Src\stm32g4xx_hal_msp.c
2025-12-08 15:47:20,042 [INFO] CodeEngine:265 - oldGeneratedFile, C:\Users\niels\Documents\Github\aqtuator-control\src\nucleo-stm32cubeIDE\nucleo-acquisition\MXTmpFiles\system.tmp_save
2025-12-08 15:47:20,091 [INFO] CodeEngine:289 - Generated code: C:\Users\niels\Documents\Github\aqtuator-control\src\nucleo-stm32cubeIDE\nucleo-acquisition\MXTmpFiles\system.tmp
2025-12-08 15:47:20,106 [INFO] CodeEngine:321 - oldGeneratedFile, C:\Users\niels\Documents\Github\aqtuator-control\src\nucleo-stm32cubeIDE\nucleo-acquisition\Core\Inc\stm32g4xx_hal_conf.h_save
2025-12-08 15:47:20,163 [INFO] CodeEngine:345 - Generated code: C:\Users\niels\Documents\Github\aqtuator-control\src\nucleo-stm32cubeIDE\nucleo-acquisition\Core\Inc\stm32g4xx_hal_conf.h
2025-12-08 15:47:20,194 [WARN] IPConfigManager:3238 - Warning: the RefConfig RCC_CommonPeriphClockConfig is not available in your config.xml file
2025-12-08 15:47:20,211 [INFO] CodeEngine:265 - oldGeneratedFile, C:\Users\niels\Documents\Github\aqtuator-control\src\nucleo-stm32cubeIDE\nucleo-acquisition\Core\Inc\main.h_save
2025-12-08 15:47:20,309 [INFO] CodeEngine:289 - Generated code: C:\Users\niels\Documents\Github\aqtuator-control\src\nucleo-stm32cubeIDE\nucleo-acquisition\Core\Inc\main.h
2025-12-08 15:47:20,321 [INFO] CodeEngine:265 - oldGeneratedFile, C:\Users\niels\Documents\Github\aqtuator-control\src\nucleo-stm32cubeIDE\nucleo-acquisition\Core\Src\main.c_save
2025-12-08 15:47:20,438 [INFO] CodeEngine:289 - Generated code: C:\Users\niels\Documents\Github\aqtuator-control\src\nucleo-stm32cubeIDE\nucleo-acquisition\Core\Src\main.c
2025-12-08 15:47:20,754 [INFO] ProjectBuilder:3606 - Time for Copy HAL[1] : 147mS.
2025-12-08 15:47:20,759 [INFO] ProjectBuilder:5216 - Project Generator version: 4.7.0-B52
2025-12-08 15:47:20,820 [INFO] ConfigFileManager:1595 - The Die is : DIE469
2025-12-08 15:47:21,717 [INFO] ProjectBuilder:5496 - Time for Generating toolchain IDE Files: 958mS.
2025-12-08 15:47:21,718 [INFO] ProjectBuilder:3463 - Time for Copy CMSIS : 1mS.
2025-12-08 15:47:21,736 [INFO] ProjectBuilder:3463 - Time for Copy CMSIS : 0mS.
2025-12-08 15:59:53,651 [INFO] WebApp:194 - Connection lost
2025-12-08 15:59:56,836 [INFO] WebApp:191 - Connection restablished
2025-12-08 17:16:21,514 [INFO] WebApp:194 - Connection lost
